actual_value,predicted_value,residual,absolute_residual
212.39,43.75,168.64,168.64
361.23,50.96,310.27000000000004,310.27000000000004
338.09,45.43,292.65999999999997,292.65999999999997
191.5,44.47,147.03,147.03
542.12,43.26,498.86,498.86
1137.06,47.35,1089.71,1089.71
489.08,49.88,439.2,439.2
1107.45,46.46,1060.99,1060.99
627.46,45.72,581.74,581.74
804.48,45.15,759.33,759.33
600.52,41.45,559.0699999999999,559.0699999999999
955.79,47.2,908.5899999999999,908.5899999999999
269.09,46.08,223.01,223.01
296.51,42.45,254.06,254.06
233.67,47.92,185.75,185.75
57.24,48.1,9.14,9.14
554.86,41.0,513.86,513.86
951.75,43.48,908.27,908.27
461.9,47.83,414.07,414.07
218.36,48.67,169.69,169.69
916.74,45.48,871.26,871.26
832.92,46.11,786.81,786.81
893.02,48.91,844.11,844.11
392.92,46.19,346.73,346.73
363.7,45.47,318.23,318.23
602.46,47.21,555.25,555.25
236.79,46.59,190.2,190.2
422.93,40.75,382.18,382.18
212.43,41.32,171.11,171.11
153.24,49.66,103.58000000000001,103.58000000000001
255.79,48.36,207.43,207.43
867.58,46.78,820.8000000000001,820.8000000000001
491.18,49.78,441.4,441.4
212.77,45.53,167.24,167.24
991.0,49.11,941.89,941.89
787.27,43.77,743.5,743.5
584.63,47.59,537.04,537.04
210.47,43.21,167.26,167.26
347.12,47.2,299.92,299.92
655.01,46.9,608.11,608.11
897.63,48.91,848.72,848.72
519.46,44.73,474.73,474.73
469.02,47.81,421.21,421.21
560.12,43.35,516.77,516.77
792.9,44.97,747.93,747.93
319.77,52.4,267.37,267.37
547.54,43.09,504.44999999999993,504.44999999999993
887.18,45.68,841.5,841.5
660.04,45.23,614.81,614.81
268.58,42.34,226.23999999999998,226.23999999999998
603.17,45.11,558.06,558.06
597.88,53.97,543.91,543.91
329.63,43.62,286.01,286.01
386.98,51.22,335.76,335.76
80.26,49.88,30.380000000000003,30.380000000000003
387.89,51.02,336.87,336.87
608.55,42.65,565.9,565.9
711.45,49.77,661.6800000000001,661.6800000000001
601.44,44.63,556.8100000000001,556.8100000000001
827.48,45.47,782.01,782.01
287.94,45.51,242.43,242.43
483.35,48.02,435.33000000000004,435.33000000000004
403.89,48.21,355.68,355.68
157.24,49.28,107.96000000000001,107.96000000000001
544.42,43.09,501.3299999999999,501.3299999999999
368.62,54.58,314.04,314.04
549.84,47.08,502.76000000000005,502.76000000000005
582.46,42.99,539.47,539.47
657.88,46.7,611.18,611.18
261.11,52.85,208.26000000000002,208.26000000000002
801.96,46.63,755.33,755.33
535.26,52.0,483.26,483.26
445.74,49.53,396.21000000000004,396.21000000000004
593.36,43.58,549.78,549.78
728.38,49.93,678.45,678.45
230.3,49.11,181.19,181.19
245.35,50.91,194.44,194.44
783.22,47.55,735.6700000000001,735.6700000000001
778.8,43.0,735.8,735.8
1100.3,46.43,1053.87,1053.87
978.82,47.83,930.99,930.99
615.33,46.34,568.99,568.99
625.92,48.6,577.3199999999999,577.3199999999999
762.8,42.17,720.63,720.63
567.13,50.12,517.01,517.01
571.99,44.96,527.03,527.03
780.52,45.0,735.52,735.52
672.01,49.26,622.75,622.75
423.52,43.87,379.65,379.65
568.84,46.78,522.0600000000001,522.0600000000001
149.01,49.06,99.94999999999999,99.94999999999999
951.74,43.31,908.4300000000001,908.4300000000001
411.94,40.43,371.51,371.51
483.1,43.27,439.83000000000004,439.83000000000004
1013.6,47.01,966.59,966.59
496.33,46.82,449.51,449.51
633.9,47.03,586.87,586.87
1025.87,48.54,977.3299999999999,977.3299999999999
656.28,46.81,609.47,609.47
121.46,45.25,76.21,76.21
933.58,43.26,890.32,890.32
716.95,49.36,667.59,667.59
611.56,44.62,566.9399999999999,566.9399999999999
456.59,49.17,407.41999999999996,407.41999999999996
272.42,42.89,229.53000000000003,229.53000000000003
730.84,48.07,682.77,682.77
851.53,48.88,802.65,802.65
400.43,45.71,354.72,354.72
410.03,51.28,358.75,358.75
637.4,43.15,594.25,594.25
765.6,46.86,718.74,718.74
405.37,43.42,361.95,361.95
516.64,45.72,470.91999999999996,470.91999999999996
403.27,51.77,351.5,351.5
588.59,42.12,546.47,546.47
346.12,47.19,298.93,298.93
180.34,45.87,134.47,134.47
367.56,44.08,323.48,323.48
768.75,48.95,719.8,719.8
339.8,49.4,290.40000000000003,290.40000000000003
635.23,44.18,591.0500000000001,591.0500000000001
1016.44,44.13,972.3100000000001,972.3100000000001
407.96,48.95,359.01,359.01
213.58,49.75,163.83,163.83
159.02,48.21,110.81,110.81
511.92,47.7,464.22,464.22
831.14,45.7,785.4399999999999,785.4399999999999
420.54,44.93,375.61,375.61
662.47,42.23,620.24,620.24
275.9,46.16,229.73999999999998,229.73999999999998
663.43,44.63,618.8,618.8
376.06,47.71,328.35,328.35
242.28,43.89,198.39,198.39
523.23,45.6,477.63,477.63
291.04,42.33,248.71000000000004,248.71000000000004
447.67,50.71,396.96000000000004,396.96000000000004
195.56,52.17,143.39,143.39
372.94,50.11,322.83,322.83
661.01,52.57,608.4399999999999,608.4399999999999
769.04,48.49,720.55,720.55
654.76,51.59,603.17,603.17
1152.91,48.87,1104.0400000000002,1104.0400000000002
487.96,51.36,436.59999999999997,436.59999999999997
416.61,50.35,366.26,366.26
686.91,47.11,639.8,639.8
495.01,51.7,443.31,443.31
166.25,46.02,120.22999999999999,120.22999999999999
763.28,47.59,715.6899999999999,715.6899999999999
671.14,41.54,629.6,629.6
680.04,45.85,634.1899999999999,634.1899999999999
628.33,44.91,583.4200000000001,583.4200000000001
876.99,46.52,830.47,830.47
386.55,46.52,340.03000000000003,340.03000000000003
539.6,46.82,492.78000000000003,492.78000000000003
911.02,47.43,863.59,863.59
788.66,45.38,743.28,743.28
585.96,44.0,541.96,541.96
355.8,42.72,313.08000000000004,313.08000000000004
232.56,48.42,184.14,184.14
856.22,48.74,807.48,807.48
147.05,49.39,97.66000000000001,97.66000000000001
1180.73,49.25,1131.48,1131.48
787.99,45.69,742.3,742.3
170.59,49.0,121.59,121.59
274.96,46.46,228.49999999999997,228.49999999999997
645.67,44.98,600.6899999999999,600.6899999999999
505.93,47.23,458.7,458.7
638.98,48.53,590.45,590.45
507.09,49.4,457.69,457.69
185.78,45.76,140.02,140.02
387.94,44.09,343.85,343.85
594.39,45.23,549.16,549.16
809.11,46.23,762.88,762.88
475.3,48.03,427.27,427.27
1015.9,43.69,972.21,972.21
336.62,55.78,280.84000000000003,280.84000000000003
203.23,43.18,160.04999999999998,160.04999999999998
606.52,48.59,557.93,557.93
269.04,45.04,224.00000000000003,224.00000000000003
448.72,42.37,406.35,406.35
284.49,45.0,239.49,239.49
649.97,48.13,601.84,601.84
232.58,48.47,184.11,184.11
422.9,46.83,376.07,376.07
220.79,49.78,171.01,171.01
995.27,46.28,948.99,948.99
580.81,47.52,533.29,533.29
1038.89,46.24,992.6500000000001,992.6500000000001
500.06,48.69,451.37,451.37
503.47,49.32,454.15000000000003,454.15000000000003
738.98,46.65,692.33,692.33
572.85,52.9,519.95,519.95
567.17,53.33,513.8399999999999,513.8399999999999
901.12,44.85,856.27,856.27
489.14,45.86,443.28,443.28
793.82,44.96,748.86,748.86
1040.13,47.8,992.3300000000002,992.3300000000002
539.41,45.66,493.75,493.75
242.81,47.81,195.0,195.0
220.17,48.12,172.04999999999998,172.04999999999998
652.77,45.36,607.41,607.41
520.05,43.69,476.35999999999996,476.35999999999996
59.56,49.82,9.740000000000002,9.740000000000002
940.93,46.4,894.53,894.53
480.99,50.92,430.07,430.07
823.63,53.93,769.7,769.7
717.17,43.78,673.39,673.39
644.32,48.54,595.7800000000001,595.7800000000001
308.86,49.44,259.42,259.42
389.81,43.46,346.35,346.35
232.99,46.29,186.70000000000002,186.70000000000002
279.52,44.61,234.90999999999997,234.90999999999997
746.56,48.22,698.3399999999999,698.3399999999999
179.31,44.16,135.15,135.15
171.28,49.94,121.34,121.34
646.21,49.47,596.74,596.74
472.96,46.07,426.89,426.89
896.09,46.96,849.13,849.13
185.58,44.57,141.01000000000002,141.01000000000002
995.39,48.34,947.05,947.05
928.58,51.26,877.32,877.32
480.2,50.89,429.31,429.31
273.52,43.54,229.98,229.98
437.67,46.21,391.46000000000004,391.46000000000004
176.4,43.44,132.96,132.96
739.34,47.78,691.5600000000001,691.5600000000001
475.5,48.32,427.18,427.18
657.18,44.03,613.15,613.15
513.22,39.95,473.27000000000004,473.27000000000004
215.93,48.91,167.02,167.02
568.41,50.91,517.5,517.5
1199.02,45.23,1153.79,1153.79
738.72,53.38,685.34,685.34
427.65,46.76,380.89,380.89
365.36,55.9,309.46000000000004,309.46000000000004
151.98,49.18,102.79999999999998,102.79999999999998
394.63,45.79,348.84,348.84
170.87,44.6,126.27000000000001,126.27000000000001
160.29,53.3,106.99,106.99
199.74,48.41,151.33,151.33
941.65,43.49,898.16,898.16
783.59,42.92,740.6700000000001,740.6700000000001
982.48,48.97,933.51,933.51
557.47,45.33,512.14,512.14
205.24,44.86,160.38,160.38
810.65,45.15,765.5,765.5
224.21,46.67,177.54000000000002,177.54000000000002
912.87,47.83,865.04,865.04
590.9,46.41,544.49,544.49
627.58,47.14,580.44,580.44
660.08,52.01,608.07,608.07
244.58,48.61,195.97000000000003,195.97000000000003
910.42,48.74,861.68,861.68
1008.07,49.51,958.5600000000001,958.5600000000001
108.02,43.74,64.28,64.28
696.38,44.93,651.45,651.45
676.32,45.21,631.11,631.11
710.38,44.8,665.58,665.58
569.29,53.36,515.93,515.93
404.64,45.36,359.28,359.28
788.4,46.2,742.1999999999999,742.1999999999999
558.13,51.69,506.44,506.44
275.48,45.59,229.89000000000001,229.89000000000001
1012.37,50.92,961.45,961.45
952.43,47.11,905.3199999999999,905.3199999999999
217.8,42.63,175.17000000000002,175.17000000000002
552.08,43.24,508.84000000000003,508.84000000000003
1032.79,55.55,977.24,977.24
401.34,48.03,353.30999999999995,353.30999999999995
329.1,42.72,286.38,286.38
613.71,48.07,565.64,565.64
464.12,48.68,415.44,415.44
674.08,54.53,619.5500000000001,619.5500000000001
163.91,49.51,114.4,114.4
1141.65,44.15,1097.5,1097.5
421.31,51.61,369.7,369.7
266.21,52.86,213.34999999999997,213.34999999999997
425.18,43.37,381.81,381.81
774.44,43.54,730.9000000000001,730.9000000000001
443.45,42.91,400.53999999999996,400.53999999999996
633.36,49.82,583.54,583.54
77.99,49.63,28.359999999999992,28.359999999999992
1022.87,43.66,979.21,979.21
273.27,52.83,220.44,220.44
805.94,44.78,761.1600000000001,761.1600000000001
410.83,49.69,361.14,361.14
723.6,49.81,673.79,673.79
771.58,42.93,728.6500000000001,728.6500000000001
479.69,42.23,437.46,437.46
569.16,51.13,518.03,518.03
611.3,44.56,566.74,566.74
474.03,51.72,422.30999999999995,422.30999999999995
1079.67,46.69,1032.98,1032.98
245.42,49.12,196.29999999999998,196.29999999999998
481.03,42.02,439.01,439.01
378.71,41.12,337.59,337.59
744.3,41.72,702.5799999999999,702.5799999999999
1004.59,45.81,958.78,958.78
761.52,46.47,715.05,715.05
610.38,47.56,562.8199999999999,562.8199999999999
482.08,44.13,437.95,437.95
484.47,42.87,441.6,441.6
183.73,46.4,137.32999999999998,137.32999999999998
390.97,46.77,344.20000000000005,344.20000000000005
850.92,43.28,807.64,807.64
134.86,44.5,90.36000000000001,90.36000000000001
262.62,48.94,213.68,213.68
221.97,45.11,176.86,176.86
443.33,50.75,392.58,392.58
832.85,45.2,787.65,787.65
259.25,44.0,215.25,215.25
1135.21,46.58,1088.63,1088.63
830.25,44.98,785.27,785.27
901.95,46.42,855.5300000000001,855.5300000000001
1151.89,48.85,1103.0400000000002,1103.0400000000002
782.77,45.41,737.36,737.36
186.36,43.29,143.07000000000002,143.07000000000002
605.02,44.96,560.06,560.06
769.48,46.29,723.19,723.19
394.92,46.35,348.57,348.57
868.41,51.09,817.3199999999999,817.3199999999999
714.87,44.94,669.9300000000001,669.9300000000001
259.88,45.59,214.29,214.29
588.57,45.15,543.4200000000001,543.4200000000001
194.23,49.68,144.54999999999998,144.54999999999998
421.09,46.21,374.88,374.88
631.67,47.06,584.6099999999999,584.6099999999999
819.6,46.2,773.4,773.4
835.46,44.92,790.5400000000001,790.5400000000001
654.82,44.11,610.71,610.71
574.29,41.49,532.8,532.8
1146.79,48.95,1097.84,1097.84
1050.75,48.35,1002.4,1002.4
789.9,49.15,740.75,740.75
312.77,52.32,260.45,260.45
780.55,41.71,738.8399999999999,738.8399999999999
966.4,46.65,919.75,919.75
844.12,50.94,793.1800000000001,793.1800000000001
1185.12,51.2,1133.9199999999998,1133.9199999999998
352.2,52.63,299.57,299.57
569.5,45.33,524.17,524.17
259.14,51.74,207.39999999999998,207.39999999999998
338.31,48.44,289.87,289.87
580.99,40.95,540.04,540.04
87.75,44.89,42.86,42.86
521.47,46.77,474.70000000000005,474.70000000000005
474.73,47.02,427.71000000000004,427.71000000000004
824.96,47.39,777.57,777.57
704.61,50.3,654.3100000000001,654.3100000000001
562.4,47.44,514.96,514.96
437.81,42.39,395.42,395.42
736.8,47.46,689.3399999999999,689.3399999999999
133.52,48.91,84.61000000000001,84.61000000000001
549.02,43.15,505.87,505.87
337.89,53.05,284.84,284.84
162.27,49.71,112.56,112.56
789.52,50.51,739.01,739.01
1021.98,45.34,976.64,976.64
801.69,45.49,756.2,756.2
507.08,42.97,464.11,464.11
663.42,41.67,621.75,621.75
604.23,44.16,560.07,560.07
790.09,48.48,741.61,741.61
585.57,47.6,537.97,537.97
699.82,44.97,654.85,654.85
502.11,40.18,461.93,461.93
235.51,49.8,185.70999999999998,185.70999999999998
245.43,49.2,196.23000000000002,196.23000000000002
459.94,48.66,411.28,411.28
601.21,45.78,555.4300000000001,555.4300000000001
254.34,48.25,206.09,206.09
118.73,43.66,75.07000000000001,75.07000000000001
154.39,48.79,105.6,105.6
553.95,43.32,510.63000000000005,510.63000000000005
1156.24,52.86,1103.38,1103.38
529.6,43.12,486.48,486.48
515.6,42.73,472.87,472.87
155.68,49.47,106.21000000000001,106.21000000000001
1138.76,49.48,1089.28,1089.28
767.71,48.25,719.46,719.46
599.97,47.38,552.59,552.59
433.17,45.3,387.87,387.87
951.32,45.37,905.95,905.95
276.07,47.14,228.93,228.93
409.21,46.53,362.67999999999995,362.67999999999995
947.66,43.4,904.26,904.26
252.63,43.65,208.98,208.98
431.96,40.7,391.26,391.26
354.63,46.77,307.86,307.86
672.83,54.57,618.26,618.26
297.88,45.0,252.88,252.88
457.95,47.28,410.66999999999996,410.66999999999996
342.25,43.72,298.53,298.53
576.05,43.96,532.0899999999999,532.0899999999999
472.49,48.13,424.36,424.36
849.61,45.75,803.86,803.86
371.42,50.6,320.82,320.82
815.98,47.08,768.9,768.9
228.25,49.54,178.71,178.71
479.07,46.61,432.46,432.46
632.15,48.96,583.1899999999999,583.1899999999999
425.96,45.02,380.94,380.94
642.51,49.33,593.18,593.18
152.84,49.32,103.52000000000001,103.52000000000001
388.48,51.3,337.18,337.18
563.08,42.56,520.52,520.52
1071.37,45.65,1025.7199999999998,1025.7199999999998
388.26,43.54,344.71999999999997,344.71999999999997
314.8,52.49,262.31,262.31
360.99,50.44,310.55,310.55
788.25,50.42,737.83,737.83
1053.76,45.39,1008.37,1008.37
866.61,46.6,820.01,820.01
697.02,46.25,650.77,650.77
123.4,52.05,71.35000000000001,71.35000000000001
1119.87,46.32,1073.55,1073.55
480.4,46.96,433.44,433.44
390.96,49.29,341.66999999999996,341.66999999999996
625.99,49.69,576.3,576.3
746.48,42.02,704.46,704.46
85.91,44.87,41.04,41.04
354.09,43.83,310.26,310.26
270.02,43.19,226.82999999999998,226.82999999999998
652.36,44.13,608.23,608.23
610.55,44.32,566.2299999999999,566.2299999999999
821.0,47.16,773.84,773.84
818.64,50.16,768.48,768.48
581.58,46.92,534.6600000000001,534.6600000000001
413.51,46.1,367.40999999999997,367.40999999999997
462.99,48.1,414.89,414.89
521.8,43.31,478.48999999999995,478.48999999999995
292.21,43.43,248.77999999999997,248.77999999999997
777.28,41.28,736.0,736.0
234.48,48.71,185.76999999999998,185.76999999999998
1157.81,44.61,1113.2,1113.2
399.49,44.08,355.41,355.41
159.97,43.77,116.19999999999999,116.19999999999999
322.17,52.56,269.61,269.61
603.21,45.59,557.62,557.62
923.55,45.16,878.39,878.39
958.66,48.89,909.77,909.77
433.63,50.74,382.89,382.89
538.65,48.66,489.99,489.99
438.88,49.52,389.36,389.36
96.02,42.56,53.459999999999994,53.459999999999994
580.42,42.65,537.77,537.77
865.71,50.62,815.09,815.09
330.16,52.79,277.37,277.37
559.69,41.55,518.1400000000001,518.1400000000001
461.97,51.3,410.67,410.67
669.03,51.47,617.56,617.56
599.75,48.2,551.55,551.55
275.96,52.91,223.04999999999998,223.04999999999998
438.16,50.54,387.62,387.62
467.74,44.18,423.56,423.56
529.77,48.08,481.69,481.69
573.77,43.69,530.0799999999999,530.0799999999999
181.95,48.15,133.79999999999998,133.79999999999998
612.6,42.48,570.12,570.12
826.97,45.13,781.84,781.84
570.0,46.47,523.53,523.53
827.01,44.92,782.09,782.09
606.5,48.81,557.69,557.69
904.67,47.39,857.28,857.28
607.06,47.51,559.55,559.55
487.18,45.8,441.38,441.38
470.49,46.94,423.55,423.55
155.89,43.81,112.07999999999998,112.07999999999998
445.81,47.06,398.75,398.75
1006.42,51.0,955.42,955.42
627.69,43.29,584.4000000000001,584.4000000000001
445.59,40.85,404.73999999999995,404.73999999999995
557.9,43.61,514.29,514.29
819.59,55.63,763.96,763.96
344.58,47.18,297.4,297.4
427.82,43.45,384.37,384.37
584.13,41.61,542.52,542.52
708.86,45.44,663.4200000000001,663.4200000000001
1117.52,47.03,1070.49,1070.49
602.21,43.33,558.88,558.88
544.68,47.26,497.41999999999996,497.41999999999996
765.39,42.16,723.23,723.23
522.5,46.72,475.78,475.78
396.17,43.47,352.70000000000005,352.70000000000005
762.67,52.43,710.24,710.24
795.73,48.43,747.3000000000001,747.3000000000001
733.3,47.82,685.4799999999999,685.4799999999999
974.5,41.12,933.38,933.38
781.22,46.28,734.94,734.94
209.61,44.21,165.4,165.4
847.76,48.04,799.72,799.72
670.11,45.63,624.48,624.48
341.54,45.45,296.09000000000003,296.09000000000003
199.67,44.39,155.27999999999997,155.27999999999997
754.52,48.4,706.12,706.12
1007.72,43.98,963.74,963.74
120.73,44.72,76.01,76.01
399.52,48.09,351.42999999999995,351.42999999999995
827.56,47.42,780.14,780.14
293.78,45.39,248.39,248.39
683.03,46.9,636.13,636.13
597.57,44.26,553.3100000000001,553.3100000000001
221.64,51.57,170.07,170.07
1185.12,45.25,1139.87,1139.87
217.19,49.93,167.26,167.26
832.22,55.56,776.6600000000001,776.6600000000001
596.94,42.28,554.6600000000001,554.6600000000001
765.07,46.96,718.11,718.11
619.16,50.23,568.93,568.93
1044.08,50.34,993.7399999999999,993.7399999999999
254.79,51.37,203.42,203.42
183.24,49.83,133.41000000000003,133.41000000000003
561.32,44.26,517.0600000000001,517.0600000000001
539.73,44.78,494.95000000000005,494.95000000000005
237.98,48.08,189.89999999999998,189.89999999999998
150.19,43.81,106.38,106.38
762.41,47.4,715.01,715.01
597.13,45.65,551.48,551.48
412.46,57.54,354.91999999999996,354.91999999999996
662.2,44.59,617.61,617.61
934.8,45.08,889.7199999999999,889.7199999999999
257.77,48.5,209.26999999999998,209.26999999999998
237.3,49.24,188.06,188.06
233.99,43.2,190.79000000000002,190.79000000000002
245.23,49.02,196.20999999999998,196.20999999999998
1055.89,47.79,1008.1000000000001,1008.1000000000001
850.01,47.64,802.37,802.37
673.86,46.58,627.28,627.28
389.09,46.43,342.65999999999997,342.65999999999997
856.86,46.92,809.94,809.94
671.62,43.89,627.73,627.73
787.93,50.34,737.5899999999999,737.5899999999999
806.45,50.86,755.59,755.59
237.01,46.45,190.56,190.56
477.75,45.76,431.99,431.99
787.68,50.51,737.17,737.17
378.18,53.04,325.14,325.14
372.87,49.39,323.48,323.48
366.72,45.67,321.05,321.05
602.2,47.54,554.6600000000001,554.6600000000001
292.12,43.51,248.61,248.61
497.85,49.81,448.04,448.04
783.84,50.93,732.9100000000001,732.9100000000001
592.88,47.47,545.41,545.41
622.8,44.33,578.4699999999999,578.4699999999999
306.99,43.65,263.34000000000003,263.34000000000003
611.49,44.36,567.13,567.13
522.35,47.98,474.37,474.37
912.53,45.66,866.87,866.87
555.44,43.92,511.52000000000004,511.52000000000004
610.2,44.6,565.6,565.6
551.68,43.2,508.47999999999996,508.47999999999996
520.1,43.82,476.28000000000003,476.28000000000003
456.6,46.85,409.75,409.75
188.3,49.64,138.66000000000003,138.66000000000003
994.04,43.69,950.3499999999999,950.3499999999999
594.45,51.3,543.1500000000001,543.1500000000001
181.15,50.67,130.48000000000002,130.48000000000002
609.47,45.2,564.27,564.27
815.73,50.09,765.64,765.64
547.12,44.08,503.04,503.04
707.44,47.09,660.35,660.35
758.26,52.69,705.5699999999999,705.5699999999999
611.05,47.14,563.91,563.91
861.74,45.58,816.16,816.16
869.63,46.81,822.8199999999999,822.8199999999999
1164.24,48.23,1116.01,1116.01
642.62,47.03,595.59,595.59
257.21,46.08,211.13,211.13
747.8,42.51,705.29,705.29
398.75,45.64,353.11,353.11
617.3,46.38,570.92,570.92
815.98,54.1,761.88,761.88
446.0,50.54,395.46,395.46
351.04,45.72,305.32000000000005,305.32000000000005
392.07,51.54,340.53,340.53
606.89,45.21,561.68,561.68
1040.1,46.43,993.67,993.67
1042.78,45.32,997.4599999999999,997.4599999999999
687.53,47.07,640.4599999999999,640.4599999999999
1004.54,49.05,955.49,955.49
603.43,41.81,561.6199999999999,561.6199999999999
947.17,43.79,903.38,903.38
859.47,48.23,811.24,811.24
795.51,44.35,751.16,751.16
283.82,44.95,238.87,238.87
378.9,48.29,330.60999999999996,330.60999999999996
418.31,50.96,367.35,367.35
770.61,49.17,721.44,721.44
518.06,43.16,474.9,474.9
534.44,44.39,490.05000000000007,490.05000000000007
737.86,46.31,691.55,691.55
1060.04,45.46,1014.5799999999999,1014.5799999999999
337.17,52.86,284.31,284.31
1069.96,48.0,1021.96,1021.96
491.31,43.55,447.76,447.76
381.47,47.05,334.42,334.42
383.45,50.11,333.34,333.34
331.43,47.23,284.2,284.2
347.54,46.72,300.82000000000005,300.82000000000005
615.55,48.71,566.8399999999999,566.8399999999999
265.97,44.06,221.91000000000003,221.91000000000003
502.61,44.65,457.96000000000004,457.96000000000004
408.82,43.5,365.32,365.32
527.02,43.2,483.82,483.82
840.14,43.48,796.66,796.66
157.75,53.76,103.99000000000001,103.99000000000001
265.21,48.36,216.84999999999997,216.84999999999997
504.13,46.67,457.46,457.46
1139.26,53.03,1086.23,1086.23
474.29,48.44,425.85,425.85
371.49,57.11,314.38,314.38
233.21,44.05,189.16000000000003,189.16000000000003
180.01,46.73,133.28,133.28
366.26,43.98,322.28,322.28
593.31,48.28,545.03,545.03
506.59,48.73,457.85999999999996,457.85999999999996
326.26,49.32,276.94,276.94
907.6,46.44,861.1600000000001,861.1600000000001
682.38,46.69,635.69,635.69
185.58,44.1,141.48000000000002,141.48000000000002
452.9,50.06,402.84,402.84
674.54,52.54,622.0,622.0
553.75,43.11,510.64,510.64
594.52,47.59,546.93,546.93
621.92,44.32,577.5999999999999,577.5999999999999
710.08,47.98,662.1,662.1
494.2,43.33,450.87,450.87
577.44,42.63,534.8100000000001,534.8100000000001
932.73,45.68,887.0500000000001,887.0500000000001
246.62,48.04,198.58,198.58
883.31,47.69,835.6199999999999,835.6199999999999
461.57,46.91,414.65999999999997,414.65999999999997
368.89,43.5,325.39,325.39
804.38,47.19,757.19,757.19
379.26,48.47,330.78999999999996,330.78999999999996
210.17,45.36,164.81,164.81
481.17,51.2,429.97,429.97
201.61,46.68,154.93,154.93
612.36,45.67,566.69,566.69
568.18,42.66,525.52,525.52
411.99,45.31,366.68,366.68
987.4,47.09,940.31,940.31
411.75,51.22,360.53,360.53
715.58,43.25,672.33,672.33
870.16,47.65,822.51,822.51
234.29,49.79,184.5,184.5
575.38,40.91,534.47,534.47
1097.97,46.77,1051.2,1051.2
427.93,40.74,387.19,387.19
562.68,52.19,510.48999999999995,510.48999999999995
404.35,46.91,357.44000000000005,357.44000000000005
1146.13,48.07,1098.0600000000002,1098.0600000000002
602.61,41.92,560.69,560.69
712.06,49.8,662.26,662.26
387.59,46.08,341.51,341.51
361.32,43.25,318.07,318.07
578.25,47.04,531.21,531.21
835.23,48.38,786.85,786.85
485.99,51.78,434.21000000000004,434.21000000000004
593.9,53.24,540.66,540.66
231.32,47.86,183.45999999999998,183.45999999999998
346.77,45.73,301.03999999999996,301.03999999999996
1076.22,45.36,1030.8600000000001,1030.8600000000001
629.09,42.75,586.34,586.34
378.12,48.35,329.77,329.77
655.35,47.15,608.2,608.2
752.08,46.91,705.1700000000001,705.1700000000001
974.18,47.82,926.3599999999999,926.3599999999999
970.42,43.81,926.6099999999999,926.6099999999999
145.82,49.89,95.92999999999999,95.92999999999999
320.37,49.17,271.2,271.2
205.84,51.67,154.17000000000002,154.17000000000002
441.88,46.49,395.39,395.39
319.44,48.61,270.83,270.83
569.62,45.81,523.81,523.81
670.63,44.5,626.13,626.13
231.48,43.81,187.67,187.67
645.7,47.08,598.62,598.62
499.76,43.82,455.94,455.94
472.62,48.54,424.08,424.08
243.91,46.35,197.56,197.56
1078.24,46.86,1031.38,1031.38
364.82,52.8,312.02,312.02
806.59,47.54,759.0500000000001,759.0500000000001
224.23,43.23,181.0,181.0
245.5,46.77,198.73,198.73
657.47,44.05,613.4200000000001,613.4200000000001
166.05,44.56,121.49000000000001,121.49000000000001
568.58,45.34,523.24,523.24
175.26,49.68,125.57999999999998,125.57999999999998
222.31,43.49,178.82,178.82
379.94,46.48,333.46,333.46
894.78,49.8,844.98,844.98
184.6,45.29,139.31,139.31
323.69,46.69,277.0,277.0
484.37,48.51,435.86,435.86
431.52,45.34,386.17999999999995,386.17999999999995
626.26,44.87,581.39,581.39
236.24,43.73,192.51000000000002,192.51000000000002
469.03,42.26,426.77,426.77
630.78,45.33,585.4499999999999,585.4499999999999
636.76,47.22,589.54,589.54
379.5,48.87,330.63,330.63
845.03,45.12,799.91,799.91
650.54,42.36,608.18,608.18
702.09,47.26,654.83,654.83
395.89,42.77,353.12,353.12
753.89,52.44,701.45,701.45
566.24,51.38,514.86,514.86
375.5,45.44,330.06,330.06
974.24,40.68,933.5600000000001,933.5600000000001
430.26,44.99,385.27,385.27
422.71,43.88,378.83,378.83
508.63,44.03,464.6,464.6
522.71,44.64,478.07000000000005,478.07000000000005
902.7,45.45,857.25,857.25
471.54,51.41,420.13,420.13
108.47,53.03,55.44,55.44
168.53,44.1,124.43,124.43
375.04,43.67,331.37,331.37
690.94,51.28,639.6600000000001,639.6600000000001
609.63,41.39,568.24,568.24
134.2,43.45,90.74999999999999,90.74999999999999
417.49,46.29,371.2,371.2
120.7,43.4,77.30000000000001,77.30000000000001
355.83,46.32,309.51,309.51
511.52,43.91,467.61,467.61
676.77,54.31,622.46,622.46
582.1,43.88,538.22,538.22
631.97,43.3,588.6700000000001,588.6700000000001
161.59,49.68,111.91,111.91
978.86,47.76,931.1,931.1
403.71,45.07,358.64,358.64
1053.86,50.39,1003.4699999999999,1003.4699999999999
137.65,43.8,93.85000000000001,93.85000000000001
620.42,45.39,575.03,575.03
922.08,48.11,873.97,873.97
561.28,50.78,510.5,510.5
567.61,47.53,520.08,520.08
786.71,41.4,745.3100000000001,745.3100000000001
717.76,48.1,669.66,669.66
592.95,47.1,545.85,545.85
278.42,49.92,228.5,228.5
426.79,43.4,383.39000000000004,383.39000000000004
925.61,43.88,881.73,881.73
1009.75,43.79,965.96,965.96
278.23,48.08,230.15000000000003,230.15000000000003
863.07,49.5,813.57,813.57
400.38,49.06,351.32,351.32
353.4,52.69,300.71,300.71
598.1,43.69,554.4100000000001,554.4100000000001
768.97,43.45,725.52,725.52
751.94,46.36,705.58,705.58
140.31,45.32,94.99000000000001,94.99000000000001
157.61,49.0,108.61000000000001,108.61000000000001
186.16,43.47,142.69,142.69
556.19,43.81,512.3800000000001,512.3800000000001
670.72,46.69,624.03,624.03
178.07,49.95,128.12,128.12
885.86,48.72,837.14,837.14
648.48,42.37,606.11,606.11
672.37,51.36,621.01,621.01
616.73,45.2,571.53,571.53
1055.84,46.07,1009.7699999999999,1009.7699999999999
785.92,46.28,739.64,739.64
560.09,52.89,507.20000000000005,507.20000000000005
250.3,48.63,201.67000000000002,201.67000000000002
551.95,45.16,506.7900000000001,506.7900000000001
1004.28,48.64,955.64,955.64
1130.68,46.33,1084.3500000000001,1084.3500000000001
260.51,51.43,209.07999999999998,209.07999999999998
682.57,45.66,636.9100000000001,636.9100000000001
347.19,45.82,301.37,301.37
616.43,44.6,571.8299999999999,571.8299999999999
798.72,48.79,749.9300000000001,749.9300000000001
1013.54,44.08,969.4599999999999,969.4599999999999
351.42,48.96,302.46000000000004,302.46000000000004
219.21,46.9,172.31,172.31
156.16,48.36,107.8,107.8
989.46,48.65,940.8100000000001,940.8100000000001
647.22,45.15,602.07,602.07
827.65,44.92,782.73,782.73
588.92,43.71,545.2099999999999,545.2099999999999
684.41,50.06,634.3499999999999,634.3499999999999
642.91,44.06,598.8499999999999,598.8499999999999
707.57,47.36,660.21,660.21
744.23,46.49,697.74,697.74
977.38,41.26,936.12,936.12
445.67,50.26,395.41,395.41
682.74,46.71,636.03,636.03
548.18,50.97,497.2099999999999,497.2099999999999
300.87,45.03,255.84,255.84
762.15,49.23,712.92,712.92
148.15,49.74,98.41,98.41
284.45,45.47,238.98,238.98
1037.4,54.68,982.7200000000001,982.7200000000001
265.44,52.52,212.92,212.92
446.26,50.59,395.66999999999996,395.66999999999996
910.65,47.43,863.22,863.22
726.48,47.48,679.0,679.0
382.26,54.55,327.71,327.71
589.09,42.8,546.2900000000001,546.2900000000001
728.5,47.94,680.56,680.56
274.02,45.94,228.07999999999998,228.07999999999998
626.91,45.02,581.89,581.89
862.69,43.87,818.82,818.82
713.49,44.92,668.57,668.57
565.19,43.26,521.9300000000001,521.9300000000001
473.97,46.95,427.02000000000004,427.02000000000004
808.18,45.82,762.3599999999999,762.3599999999999
176.14,48.19,127.94999999999999,127.94999999999999
732.83,49.95,682.88,682.88
302.13,49.9,252.23,252.23
361.06,44.94,316.12,316.12
804.7,44.94,759.76,759.76
381.86,50.46,331.40000000000003,331.40000000000003
558.98,45.17,513.8100000000001,513.8100000000001
573.2,43.94,529.26,529.26
313.89,52.0,261.89,261.89
250.83,48.59,202.24,202.24
726.52,46.53,679.99,679.99
831.4,43.76,787.64,787.64
677.61,45.22,632.39,632.39
219.97,51.4,168.57,168.57
601.79,45.23,556.56,556.56
1028.44,48.56,979.8800000000001,979.8800000000001
1067.18,45.39,1021.7900000000001,1021.7900000000001
1164.95,52.93,1112.02,1112.02
700.21,46.96,653.25,653.25
1161.73,51.09,1110.64,1110.64
448.83,50.17,398.65999999999997,398.65999999999997
587.24,51.37,535.87,535.87
916.77,50.93,865.84,865.84
352.57,48.03,304.53999999999996,304.53999999999996
264.09,42.88,221.20999999999998,221.20999999999998
230.2,43.49,186.70999999999998,186.70999999999998
599.83,53.93,545.9000000000001,545.9000000000001
349.28,45.72,303.55999999999995,303.55999999999995
968.95,44.97,923.98,923.98
391.25,51.8,339.45,339.45
380.41,48.28,332.13,332.13
651.13,51.2,599.93,599.93
442.63,50.65,391.98,391.98
716.17,47.18,668.99,668.99
395.27,50.53,344.74,344.74
565.62,47.51,518.11,518.11
177.44,45.3,132.14,132.14
424.17,40.74,383.43,383.43
632.76,45.47,587.29,587.29
471.35,46.28,425.07000000000005,425.07000000000005
580.48,44.53,535.95,535.95
147.44,49.41,98.03,98.03
487.64,47.12,440.52,440.52
495.95,51.31,444.64,444.64
405.99,40.69,365.3,365.3
496.8,46.8,450.0,450.0
460.17,46.97,413.20000000000005,413.20000000000005
1035.64,48.47,987.1700000000001,987.1700000000001
582.27,44.63,537.64,537.64
999.24,46.86,952.38,952.38
597.5,45.16,552.34,552.34
927.74,43.29,884.45,884.45
250.87,43.53,207.34,207.34
582.1,42.25,539.85,539.85
345.09,43.89,301.2,301.2
575.71,41.58,534.13,534.13
563.82,44.61,519.21,519.21
1130.52,44.22,1086.3,1086.3
250.94,45.15,205.79,205.79
376.68,52.55,324.13,324.13
964.05,48.07,915.9799999999999,915.9799999999999
353.7,48.96,304.74,304.74
549.99,48.6,501.39,501.39
573.14,43.94,529.2,529.2
561.21,40.99,520.22,520.22
252.53,48.81,203.72,203.72
612.46,43.28,569.1800000000001,569.1800000000001
462.23,42.8,419.43,419.43
192.31,48.29,144.02,144.02
980.81,49.12,931.6899999999999,931.6899999999999
1209.4,45.89,1163.51,1163.51
440.54,50.91,389.63,389.63
583.05,51.4,531.65,531.65
239.6,43.5,196.1,196.1
587.07,46.52,540.5500000000001,540.5500000000001
523.44,50.09,473.35,473.35
583.99,47.54,536.45,536.45
230.92,48.48,182.44,182.44
473.32,48.29,425.03,425.03
510.51,49.87,460.64,460.64
512.63,44.9,467.73,467.73
999.79,43.68,956.11,956.11
1083.21,46.68,1036.53,1036.53
201.57,43.47,158.1,158.1
601.03,46.98,554.05,554.05
901.76,45.65,856.11,856.11
466.3,46.45,419.85,419.85
869.58,48.86,820.72,820.72
610.51,46.82,563.6899999999999,563.6899999999999
709.65,45.64,664.01,664.01
359.27,45.4,313.87,313.87
198.85,45.41,153.44,153.44
598.63,48.25,550.38,550.38
812.01,55.57,756.4399999999999,756.4399999999999
283.13,43.52,239.60999999999999,239.60999999999999
561.11,43.09,518.02,518.02
788.19,47.14,741.0500000000001,741.0500000000001
878.52,45.52,833.0,833.0
590.25,45.77,544.48,544.48
445.83,43.65,402.18,402.18
817.91,46.95,770.9599999999999,770.9599999999999
921.41,45.08,876.3299999999999,876.3299999999999
346.72,53.02,293.70000000000005,293.70000000000005
381.57,42.79,338.78,338.78
286.07,53.32,232.75,232.75
518.1,44.08,474.02000000000004,474.02000000000004
601.01,45.6,555.41,555.41
642.83,49.5,593.33,593.33
618.43,47.76,570.67,570.67
992.48,47.0,945.48,945.48
209.22,43.08,166.14,166.14
762.41,48.96,713.4499999999999,713.4499999999999
281.96,46.48,235.48,235.48
636.83,45.66,591.1700000000001,591.1700000000001
665.27,51.67,613.6,613.6
813.93,43.4,770.53,770.53
674.64,49.31,625.3299999999999,625.3299999999999
1113.24,51.66,1061.58,1061.58
174.99,41.54,133.45000000000002,133.45000000000002
476.93,39.71,437.22,437.22
422.17,46.95,375.22,375.22
279.15,45.38,233.76999999999998,233.76999999999998
216.91,44.85,172.06,172.06
786.56,45.65,740.91,740.91
541.05,47.21,493.84,493.84
460.8,46.96,413.84000000000003,413.84000000000003
549.21,48.66,500.55000000000007,500.55000000000007
222.63,48.63,174.0,174.0
570.77,42.5,528.27,528.27
253.89,43.55,210.33999999999997,210.33999999999997
169.15,49.05,120.10000000000001,120.10000000000001
760.11,46.31,713.8,713.8
675.88,49.44,626.44,626.44
570.19,45.62,524.57,524.57
351.04,42.43,308.61,308.61
354.8,49.69,305.11,305.11
866.18,45.53,820.65,820.65
950.52,44.96,905.56,905.56
624.35,48.02,576.33,576.33
183.12,45.54,137.58,137.58
1050.5,48.32,1002.18,1002.18
191.52,44.86,146.66000000000003,146.66000000000003
763.68,49.42,714.26,714.26
401.77,49.47,352.29999999999995,352.29999999999995
595.1,47.03,548.07,548.07
1022.84,44.07,978.77,978.77
199.96,44.83,155.13,155.13
761.04,50.55,710.49,710.49
1169.68,44.23,1125.45,1125.45
367.27,48.91,318.36,318.36
163.59,49.73,113.86000000000001,113.86000000000001
780.17,49.01,731.16,731.16
488.88,47.66,441.22,441.22
381.65,46.4,335.25,335.25
502.2,48.02,454.18,454.18
241.78,46.0,195.78,195.78
1051.84,47.86,1003.9799999999999,1003.9799999999999
661.48,51.19,610.29,610.29
161.72,45.94,115.78,115.78
503.02,50.75,452.27,452.27
998.76,45.73,953.03,953.03
534.88,52.24,482.64,482.64
457.57,50.84,406.73,406.73
688.75,46.22,642.53,642.53
103.59,53.1,50.49,50.49
329.6,43.78,285.82000000000005,285.82000000000005
338.99,42.87,296.12,296.12
545.63,43.36,502.27,502.27
589.7,43.97,545.73,545.73
337.12,47.72,289.4,289.4
448.76,46.27,402.49,402.49
227.49,48.44,179.05,179.05
584.88,53.36,531.52,531.52
511.28,47.84,463.43999999999994,463.43999999999994
1046.85,48.52,998.3299999999999,998.3299999999999
578.55,50.7,527.8499999999999,527.8499999999999
845.8,51.1,794.6999999999999,794.6999999999999
1136.91,48.37,1088.5400000000002,1088.5400000000002
87.1,48.14,38.959999999999994,38.959999999999994
736.08,48.02,688.0600000000001,688.0600000000001
358.77,41.64,317.13,317.13
716.15,49.69,666.46,666.46
292.43,45.47,246.96,246.96
1007.17,46.34,960.8299999999999,960.8299999999999
553.28,50.42,502.85999999999996,502.85999999999996
693.33,43.81,649.52,649.52
919.36,45.24,874.12,874.12
495.83,45.82,450.01,450.01
700.16,43.79,656.37,656.37
485.6,46.51,439.09000000000003,439.09000000000003
418.9,45.47,373.42999999999995,373.42999999999995
129.51,45.48,84.03,84.03
156.26,48.3,107.96,107.96
569.53,45.1,524.43,524.43
959.04,44.88,914.16,914.16
389.72,46.57,343.15000000000003,343.15000000000003
253.99,48.45,205.54000000000002,205.54000000000002
485.5,44.64,440.86,440.86
857.59,43.7,813.89,813.89
810.15,48.1,762.05,762.05
863.24,48.58,814.66,814.66
117.87,52.68,65.19,65.19
699.1,52.4,646.7,646.7
756.53,42.09,714.4399999999999,714.4399999999999
551.19,44.77,506.4200000000001,506.4200000000001
799.03,45.26,753.77,753.77
551.89,51.56,500.33,500.33
741.77,47.65,694.12,694.12
908.21,50.98,857.23,857.23
691.96,46.18,645.7800000000001,645.7800000000001
450.35,46.59,403.76,403.76
1046.01,45.43,1000.58,1000.58
478.15,43.04,435.10999999999996,435.10999999999996
573.99,46.37,527.62,527.62
676.37,45.94,630.4300000000001,630.4300000000001
505.16,43.54,461.62,461.62
341.93,49.63,292.3,292.3
707.32,50.04,657.2800000000001,657.2800000000001
162.05,50.1,111.95000000000002,111.95000000000002
375.0,49.77,325.23,325.23
482.8,47.02,435.78000000000003,435.78000000000003
291.97,44.35,247.62000000000003,247.62000000000003
256.13,49.18,206.95,206.95
909.38,46.44,862.94,862.94
258.56,45.95,212.61,212.61
321.62,52.57,269.05,269.05
201.09,45.88,155.21,155.21
132.31,48.91,83.4,83.4
936.08,42.97,893.11,893.11
477.63,48.58,429.05,429.05
1158.17,52.66,1105.51,1105.51
793.29,44.45,748.8399999999999,748.8399999999999
822.16,46.11,776.05,776.05
549.72,46.16,503.56000000000006,503.56000000000006
704.12,50.64,653.48,653.48
428.89,50.19,378.7,378.7
639.09,45.45,593.64,593.64
1024.66,48.43,976.2300000000001,976.2300000000001
554.91,48.65,506.26,506.26
927.57,45.73,881.84,881.84
489.52,44.13,445.39,445.39
370.87,41.07,329.8,329.8
661.8,48.53,613.27,613.27
467.47,46.48,420.99,420.99
935.38,48.36,887.02,887.02
640.45,45.73,594.72,594.72
371.42,43.24,328.18,328.18
1135.51,44.23,1091.28,1091.28
365.33,54.01,311.32,311.32
604.61,45.91,558.7,558.7
744.18,46.71,697.4699999999999,697.4699999999999
373.92,43.64,330.28000000000003,330.28000000000003
499.1,43.14,455.96000000000004,455.96000000000004
273.65,43.54,230.10999999999999,230.10999999999999
985.23,48.33,936.9,936.9
1005.21,50.4,954.8100000000001,954.8100000000001
584.25,48.32,535.93,535.93
454.84,46.87,407.96999999999997,407.96999999999997
250.43,48.41,202.02,202.02
429.36,47.42,381.94,381.94
409.73,45.84,363.89,363.89
617.45,45.12,572.33,572.33
112.01,42.52,69.49000000000001,69.49000000000001
666.28,54.89,611.39,611.39
729.45,50.56,678.8900000000001,678.8900000000001
494.27,43.67,450.59999999999997,450.59999999999997
653.76,47.13,606.63,606.63
1136.82,44.11,1092.71,1092.71
597.86,42.0,555.86,555.86
621.91,46.6,575.31,575.31
236.47,48.55,187.92000000000002,187.92000000000002
709.36,46.87,662.49,662.49
384.05,42.76,341.29,341.29
210.06,45.73,164.33,164.33
605.92,41.85,564.0699999999999,564.0699999999999
484.08,43.25,440.83,440.83
959.44,48.24,911.2,911.2
1015.74,43.62,972.12,972.12
122.42,43.37,79.05000000000001,79.05000000000001
504.64,39.8,464.84,464.84
457.57,47.1,410.46999999999997,410.46999999999997
937.76,43.06,894.7,894.7
1069.84,46.32,1023.5199999999999,1023.5199999999999
247.64,47.75,199.89,199.89
544.01,43.91,500.1,500.1
596.03,41.62,554.41,554.41
591.16,45.9,545.26,545.26
410.37,46.09,364.28,364.28
169.35,49.27,120.07999999999998,120.07999999999998
262.58,53.36,209.21999999999997,209.21999999999997
665.78,49.97,615.81,615.81
398.25,46.75,351.5,351.5
698.58,50.21,648.37,648.37
853.01,50.64,802.37,802.37
552.45,51.95,500.50000000000006,500.50000000000006
968.07,48.55,919.5200000000001,919.5200000000001
553.2,46.62,506.58000000000004,506.58000000000004
120.39,44.74,75.65,75.65
430.97,51.01,379.96000000000004,379.96000000000004
188.33,48.63,139.70000000000002,139.70000000000002
487.8,50.63,437.17,437.17
580.57,51.61,528.96,528.96
232.32,46.41,185.91,185.91
641.77,48.14,593.63,593.63
75.18,49.74,25.440000000000005,25.440000000000005
311.48,49.8,261.68,261.68
230.78,44.41,186.37,186.37
620.46,43.74,576.72,576.72
266.43,52.6,213.83,213.83
246.51,44.78,201.73,201.73
620.72,45.53,575.19,575.19
232.85,46.52,186.32999999999998,186.32999999999998
878.61,46.76,831.85,831.85
612.73,41.97,570.76,570.76
595.55,41.3,554.25,554.25
578.57,48.75,529.82,529.82
332.84,48.5,284.34,284.34
644.6,42.41,602.19,602.19
594.43,48.7,545.7299999999999,545.7299999999999
464.76,47.04,417.71999999999997,417.71999999999997
326.25,45.79,280.46,280.46
293.71,42.24,251.46999999999997,251.46999999999997
387.3,43.7,343.6,343.6
505.38,45.31,460.07,460.07
791.45,43.33,748.12,748.12
484.99,43.72,441.27,441.27
792.78,45.19,747.5899999999999,747.5899999999999
580.35,48.78,531.57,531.57
562.48,42.56,519.9200000000001,519.9200000000001
605.89,44.38,561.51,561.51
171.75,53.59,118.16,118.16
396.98,46.77,350.21000000000004,350.21000000000004
625.72,44.56,581.1600000000001,581.1600000000001
245.8,50.28,195.52,195.52
480.49,50.82,429.67,429.67
1026.94,44.17,982.7700000000001,982.7700000000001
876.38,48.92,827.46,827.46
1155.23,49.27,1105.96,1105.96
1161.78,47.42,1114.36,1114.36
1003.47,48.28,955.19,955.19
540.14,44.15,495.99,495.99
970.75,45.89,924.86,924.86
959.98,44.8,915.1800000000001,915.1800000000001
1050.69,48.29,1002.4000000000001,1002.4000000000001
608.97,43.91,565.0600000000001,565.0600000000001
355.51,42.24,313.27,313.27
166.68,50.29,116.39000000000001,116.39000000000001
903.06,44.96,858.0999999999999,858.0999999999999
452.61,50.73,401.88,401.88
416.79,45.27,371.52000000000004,371.52000000000004
404.07,51.07,353.0,353.0
469.95,48.0,421.95,421.95
204.93,41.25,163.68,163.68
480.69,39.72,440.97,440.97
918.85,51.4,867.45,867.45
370.12,50.52,319.6,319.6
905.68,44.92,860.76,860.76
985.71,47.06,938.6500000000001,938.6500000000001
322.31,52.41,269.9,269.9
497.81,47.43,450.38,450.38
343.09,46.76,296.33,296.33
569.47,43.21,526.26,526.26
906.34,48.68,857.6600000000001,857.6600000000001
497.79,48.62,449.17,449.17
993.57,49.52,944.0500000000001,944.0500000000001
261.02,49.12,211.89999999999998,211.89999999999998
494.85,46.17,448.68,448.68
472.45,51.33,421.12,421.12
378.0,50.99,327.01,327.01
580.64,52.97,527.67,527.67
605.06,47.0,558.06,558.06
920.03,46.29,873.74,873.74
158.53,49.75,108.78,108.78
893.06,47.36,845.6999999999999,845.6999999999999
373.1,54.48,318.62,318.62
103.94,44.69,59.25,59.25
765.87,42.95,722.92,722.92
137.59,45.44,92.15,92.15
706.36,47.47,658.89,658.89
1055.61,46.3,1009.31,1009.31
256.76,51.8,204.95999999999998,204.95999999999998
488.77,46.17,442.59999999999997,442.59999999999997
245.31,46.63,198.68,198.68
634.47,47.11,587.36,587.36
244.77,50.59,194.18,194.18
194.47,48.87,145.6,145.6
142.89,49.44,93.44999999999999,93.44999999999999
634.92,41.67,593.25,593.25
684.2,44.73,639.47,639.47
1151.49,52.88,1098.61,1098.61
224.79,48.67,176.12,176.12
243.42,51.49,191.92999999999998,191.92999999999998
609.74,46.47,563.27,563.27
848.42,44.92,803.5,803.5
507.22,46.7,460.52000000000004,460.52000000000004
84.49,42.53,41.959999999999994,41.959999999999994
516.29,44.62,471.66999999999996,471.66999999999996
903.24,46.48,856.76,856.76
469.98,46.83,423.15000000000003,423.15000000000003
670.82,47.28,623.5400000000001,623.5400000000001
294.75,42.39,252.36,252.36
756.73,52.38,704.35,704.35
624.59,44.24,580.35,580.35
420.75,51.06,369.69,369.69
156.33,43.03,113.30000000000001,113.30000000000001
384.24,45.93,338.31,338.31
478.03,48.02,430.01,430.01
586.78,41.53,545.25,545.25
813.17,46.09,767.0799999999999,767.0799999999999
391.56,48.05,343.51,343.51
655.31,42.32,612.9899999999999,612.9899999999999
686.11,48.48,637.63,637.63
255.47,43.6,211.87,211.87
809.85,44.84,765.01,765.01
804.77,48.72,756.05,756.05
231.3,46.18,185.12,185.12
475.08,46.88,428.2,428.2
653.18,51.98,601.1999999999999,601.1999999999999
232.12,49.54,182.58,182.58
813.58,44.62,768.96,768.96
502.33,44.89,457.44,457.44
497.27,46.96,450.31,450.31
281.26,45.04,236.22,236.22
346.36,47.19,299.17,299.17
439.76,50.47,389.28999999999996,389.28999999999996
738.28,47.22,691.06,691.06
955.43,43.38,912.05,912.05
523.04,46.8,476.23999999999995,476.23999999999995
804.92,45.72,759.1999999999999,759.1999999999999
896.75,45.65,851.1,851.1
513.38,45.15,468.23,468.23
664.01,48.47,615.54,615.54
377.88,52.55,325.33,325.33
1140.03,47.04,1092.99,1092.99
213.93,48.09,165.84,165.84
392.77,46.67,346.09999999999997,346.09999999999997
564.68,51.13,513.55,513.55
875.35,49.81,825.54,825.54
944.57,48.95,895.62,895.62
1141.21,48.85,1092.3600000000001,1092.3600000000001
1086.02,45.84,1040.18,1040.18
781.52,43.56,737.96,737.96
740.19,48.03,692.1600000000001,692.1600000000001
546.3,50.24,496.05999999999995,496.05999999999995
835.34,48.42,786.9200000000001,786.9200000000001
1068.73,50.59,1018.14,1018.14
495.86,45.74,450.12,450.12
548.78,41.03,507.75,507.75
595.83,44.68,551.1500000000001,551.1500000000001
887.24,46.45,840.79,840.79
281.84,44.87,236.96999999999997,236.96999999999997
295.57,45.4,250.17,250.17
613.3,41.89,571.41,571.41
749.17,51.72,697.4499999999999,697.4499999999999
348.93,46.2,302.73,302.73
187.16,45.27,141.89,141.89
644.13,44.94,599.19,599.19
352.04,49.62,302.42,302.42
712.91,46.14,666.77,666.77
347.93,43.73,304.2,304.2
811.72,43.29,768.4300000000001,768.4300000000001
813.92,47.63,766.29,766.29
1016.28,48.5,967.78,967.78
399.13,46.32,352.81,352.81
275.52,43.55,231.96999999999997,231.96999999999997
410.47,47.02,363.45000000000005,363.45000000000005
731.46,43.83,687.63,687.63
271.99,44.81,227.18,227.18
561.58,47.14,514.44,514.44
223.2,48.02,175.17999999999998,175.17999999999998
621.46,48.68,572.7800000000001,572.7800000000001
881.13,44.97,836.16,836.16
598.79,44.49,554.3,554.3
819.11,46.09,773.02,773.02
429.34,46.54,382.79999999999995,382.79999999999995
512.08,43.95,468.13000000000005,468.13000000000005
758.84,47.75,711.09,711.09
610.8,44.07,566.7299999999999,566.7299999999999
549.58,50.24,499.34000000000003,499.34000000000003
491.82,48.63,443.19,443.19
1007.83,47.08,960.75,960.75
759.28,49.2,710.0799999999999,710.0799999999999
473.25,49.08,424.17,424.17
959.09,48.47,910.62,910.62
948.03,40.74,907.29,907.29
315.15,49.69,265.46,265.46
378.44,43.69,334.75,334.75
712.49,43.77,668.72,668.72
452.71,48.69,404.02,404.02
529.55,44.71,484.84,484.84
1117.01,51.98,1065.03,1065.03
910.24,46.83,863.41,863.41
571.13,48.29,522.84,522.84
564.16,52.99,511.16999999999996,511.16999999999996
345.1,44.49,300.61,300.61
275.52,45.49,230.02999999999997,230.02999999999997
395.76,45.83,349.93,349.93
588.64,45.83,542.81,542.81
695.52,45.46,650.06,650.06
839.72,43.94,795.78,795.78
175.61,53.36,122.25000000000001,122.25000000000001
742.15,48.2,693.9499999999999,693.9499999999999
973.66,48.71,924.9499999999999,924.9499999999999
435.2,45.23,389.96999999999997,389.96999999999997
303.5,45.98,257.52,257.52
470.86,43.19,427.67,427.67
410.12,45.04,365.08,365.08
161.65,49.72,111.93,111.93
627.92,46.2,581.7199999999999,581.7199999999999
918.11,50.99,867.12,867.12
306.87,49.38,257.49,257.49
370.13,45.87,324.26,324.26
393.44,47.04,346.4,346.4
329.03,45.37,283.65999999999997,283.65999999999997
898.18,48.78,849.4,849.4
1148.86,49.18,1099.6799999999998,1099.6799999999998
886.61,46.46,840.15,840.15
730.03,46.57,683.4599999999999,683.4599999999999
164.44,53.42,111.02,111.02
809.42,46.05,763.37,763.37
272.64,44.5,228.14,228.14
166.29,50.05,116.24,116.24
581.21,47.28,533.9300000000001,533.9300000000001
99.85,42.45,57.39999999999999,57.39999999999999
169.83,49.7,120.13000000000001,120.13000000000001
259.77,45.68,214.08999999999997,214.08999999999997
239.12,50.9,188.22,188.22
295.35,42.84,252.51000000000002,252.51000000000002
1010.12,44.06,966.06,966.06
530.2,43.93,486.27000000000004,486.27000000000004
207.42,46.33,161.08999999999997,161.08999999999997
546.19,48.63,497.56000000000006,497.56000000000006
156.85,43.61,113.24,113.24
908.97,49.29,859.6800000000001,859.6800000000001
977.29,47.18,930.11,930.11
568.69,48.28,520.4100000000001,520.4100000000001
465.87,44.75,421.12,421.12
303.25,43.25,260.0,260.0
652.78,44.61,608.17,608.17
339.14,43.59,295.54999999999995,295.54999999999995
666.72,49.4,617.32,617.32
351.82,55.88,295.94,295.94
984.79,47.83,936.9599999999999,936.9599999999999
463.04,50.65,412.39000000000004,412.39000000000004
562.79,51.83,510.96,510.96
256.45,47.69,208.76,208.76
122.93,44.76,78.17000000000002,78.17000000000002
914.95,50.95,864.0,864.0
946.24,43.86,902.38,902.38
469.71,46.48,423.22999999999996,423.22999999999996
241.71,44.26,197.45000000000002,197.45000000000002
403.33,48.24,355.09,355.09
1050.79,45.47,1005.3199999999999,1005.3199999999999
194.07,41.92,152.14999999999998,152.14999999999998
583.5,47.5,536.0,536.0
661.13,49.31,611.8199999999999,611.8199999999999
542.98,52.17,490.81,490.81
927.84,48.52,879.32,879.32
568.57,45.74,522.83,522.83
542.41,52.12,490.28999999999996,490.28999999999996
663.81,49.79,614.02,614.02
1160.78,43.9,1116.8799999999999,1116.8799999999999
643.26,45.87,597.39,597.39
184.71,50.66,134.05,134.05
326.13,53.05,273.08,273.08
262.42,52.05,210.37,210.37
522.09,44.75,477.34000000000003,477.34000000000003
477.27,42.35,434.91999999999996,434.91999999999996
111.19,42.55,68.64,68.64
919.77,48.45,871.3199999999999,871.3199999999999
97.5,49.24,48.26,48.26
1009.65,49.51,960.14,960.14
497.55,51.42,446.13,446.13
437.1,43.54,393.56,393.56
627.63,44.31,583.3199999999999,583.3199999999999
167.64,43.58,124.05999999999999,124.05999999999999
860.4,51.41,808.99,808.99
154.28,50.25,104.03,104.03
666.62,51.71,614.91,614.91
677.93,49.58,628.3499999999999,628.3499999999999
576.09,42.56,533.53,533.53
369.04,49.12,319.92,319.92
442.64,46.96,395.68,395.68
210.1,44.99,165.10999999999999,165.10999999999999
650.97,42.78,608.19,608.19
337.49,46.51,290.98,290.98
852.55,44.75,807.8,807.8
444.53,49.08,395.45,395.45
832.82,54.08,778.74,778.74
1137.71,47.58,1090.13,1090.13
980.13,48.17,931.96,931.96
796.21,48.57,747.64,747.64
882.52,49.45,833.0699999999999,833.0699999999999
630.68,48.96,581.7199999999999,581.7199999999999
771.85,53.1,718.75,718.75
245.79,49.2,196.58999999999997,196.58999999999997
749.94,46.71,703.23,703.23
232.5,47.59,184.91,184.91
250.69,51.74,198.95,198.95
671.15,46.1,625.05,625.05
656.32,43.9,612.4200000000001,612.4200000000001
253.34,51.81,201.53,201.53
272.94,42.45,230.49,230.49
345.43,47.18,298.25,298.25
809.75,46.19,763.56,763.56
229.25,50.17,179.07999999999998,179.07999999999998
805.44,46.08,759.36,759.36
604.49,44.44,560.05,560.05
553.21,52.73,500.48,500.48
503.58,43.89,459.69,459.69
324.52,49.75,274.77,274.77
381.84,42.75,339.09,339.09
376.38,48.47,327.90999999999997,327.90999999999997
268.22,51.63,216.59000000000003,216.59000000000003
573.09,47.21,525.88,525.88
839.61,45.48,794.13,794.13
406.47,49.72,356.75,356.75
529.56,46.75,482.80999999999995,482.80999999999995
417.64,44.81,372.83,372.83
411.36,51.62,359.74,359.74
805.41,50.35,755.06,755.06
757.2,52.63,704.57,704.57
214.38,45.14,169.24,169.24
368.66,54.07,314.59000000000003,314.59000000000003
828.7,45.07,783.63,783.63
1113.68,51.72,1061.96,1061.96
350.46,45.87,304.59,304.59
252.47,49.2,203.26999999999998,203.26999999999998
223.87,51.66,172.21,172.21
719.78,48.18,671.6,671.6
564.25,42.96,521.29,521.29
332.38,52.53,279.85,279.85
766.81,48.88,717.93,717.93
369.73,42.9,326.83000000000004,326.83000000000004
464.89,48.49,416.4,416.4
868.88,49.78,819.1,819.1
788.53,48.19,740.3399999999999,740.3399999999999
169.6,49.45,120.14999999999999,120.14999999999999
328.03,49.46,278.57,278.57
390.33,52.51,337.82,337.82
244.06,47.63,196.43,196.43
285.34,48.76,236.57999999999998,236.57999999999998
606.11,45.01,561.1,561.1
221.16,42.58,178.57999999999998,178.57999999999998
804.43,45.12,759.31,759.31
335.67,53.01,282.66,282.66
402.61,52.92,349.69,349.69
115.95,49.48,66.47,66.47
239.53,48.87,190.66,190.66
596.47,45.96,550.51,550.51
361.83,54.0,307.83,307.83
178.39,52.22,126.16999999999999,126.16999999999999
420.57,51.15,369.42,369.42
166.1,48.32,117.78,117.78
694.79,45.89,648.9,648.9
230.22,45.66,184.56,184.56
642.48,45.21,597.27,597.27
862.89,49.37,813.52,813.52
439.72,43.13,396.59000000000003,396.59000000000003
161.81,48.24,113.57,113.57
1155.09,49.13,1105.9599999999998,1105.9599999999998
756.98,49.4,707.58,707.58
948.04,48.14,899.9,899.9
305.7,52.18,253.51999999999998,253.51999999999998
553.71,48.04,505.67,505.67
422.14,51.31,370.83,370.83
1146.2,49.0,1097.2,1097.2
1178.33,51.52,1126.81,1126.81
1025.23,44.04,981.19,981.19
531.88,51.99,479.89,479.89
209.41,47.08,162.32999999999998,162.32999999999998
472.16,48.72,423.44000000000005,423.44000000000005
671.4,46.59,624.81,624.81
762.61,48.86,713.75,713.75
1139.24,47.04,1092.2,1092.2
455.87,47.58,408.29,408.29
237.98,47.51,190.47,190.47
917.02,50.95,866.0699999999999,866.0699999999999
589.38,42.51,546.87,546.87
635.56,47.89,587.67,587.67
542.95,51.59,491.36,491.36
745.75,53.55,692.2,692.2
241.72,49.35,192.37,192.37
155.0,48.87,106.13,106.13
609.25,44.38,564.87,564.87
367.98,47.36,320.62,320.62
357.48,45.33,312.15000000000003,312.15000000000003
444.41,49.6,394.81,394.81
485.61,46.55,439.06,439.06
282.08,48.66,233.42,233.42
745.16,46.45,698.7099999999999,698.7099999999999
1073.5,45.92,1027.58,1027.58
714.56,47.99,666.5699999999999,666.5699999999999
147.32,45.45,101.86999999999999,101.86999999999999
496.33,47.16,449.16999999999996,449.16999999999996
747.7,46.14,701.5600000000001,701.5600000000001
361.62,56.26,305.36,305.36
386.2,46.56,339.64,339.64
1037.18,43.49,993.69,993.69
237.71,49.11,188.60000000000002,188.60000000000002
210.22,45.46,164.76,164.76
366.18,46.36,319.82,319.82
876.78,49.8,826.98,826.98
277.04,47.23,229.81000000000003,229.81000000000003
401.0,45.24,355.76,355.76
385.84,51.21,334.63,334.63
481.0,48.79,432.21,432.21
218.24,48.64,169.60000000000002,169.60000000000002
767.16,52.5,714.66,714.66
311.96,45.35,266.60999999999996,266.60999999999996
579.27,51.17,528.1,528.1
461.62,47.06,414.56,414.56
819.65,47.44,772.21,772.21
605.47,47.61,557.86,557.86
380.0,50.5,329.5,329.5
456.43,50.67,405.76,405.76
679.78,47.14,632.64,632.64
471.11,48.53,422.58000000000004,422.58000000000004
665.73,51.18,614.5500000000001,614.5500000000001
463.95,46.4,417.55,417.55
233.72,48.82,184.9,184.9
510.39,44.38,466.01,466.01
604.28,47.94,556.3399999999999,556.3399999999999
611.25,44.66,566.59,566.59
692.62,45.47,647.15,647.15
809.08,50.81,758.27,758.27
358.72,42.94,315.78000000000003,315.78000000000003
393.29,44.94,348.35,348.35
695.88,51.45,644.43,644.43
353.84,56.32,297.52,297.52
671.84,45.55,626.2900000000001,626.2900000000001
606.27,45.22,561.05,561.05
214.14,42.61,171.52999999999997,171.52999999999997
1160.18,48.92,1111.26,1111.26
427.17,42.74,384.43,384.43
720.84,49.9,670.94,670.94
939.69,43.3,896.3900000000001,896.3900000000001
405.98,49.79,356.19,356.19
573.29,51.76,521.53,521.53
236.44,49.93,186.51,186.51
553.63,48.41,505.22,505.22
514.03,44.1,469.92999999999995,469.92999999999995
195.51,51.68,143.82999999999998,143.82999999999998
226.79,48.69,178.1,178.1
636.95,47.26,589.69,589.69
756.25,47.12,709.13,709.13
865.46,48.89,816.57,816.57
692.67,47.02,645.65,645.65
690.07,45.61,644.46,644.46
487.76,51.81,435.95,435.95
297.14,49.28,247.85999999999999,247.85999999999999
788.45,48.52,739.9300000000001,739.9300000000001
408.34,46.49,361.84999999999997,361.84999999999997
523.23,47.97,475.26,475.26
677.59,54.38,623.21,623.21
491.07,45.83,445.24,445.24
196.24,44.92,151.32,151.32
881.94,49.82,832.12,832.12
1058.97,46.84,1012.13,1012.13
407.13,51.13,356.0,356.0
187.07,46.59,140.48,140.48
240.99,48.04,192.95000000000002,192.95000000000002
572.73,47.18,525.5500000000001,525.5500000000001
376.77,42.86,333.90999999999997,333.90999999999997
732.88,48.38,684.5,684.5
523.15,44.1,479.04999999999995,479.04999999999995
575.36,44.75,530.61,530.61
120.24,45.21,75.03,75.03
340.58,47.11,293.46999999999997,293.46999999999997
633.32,48.1,585.22,585.22
1068.41,45.54,1022.8700000000001,1022.8700000000001
451.85,42.3,409.55,409.55
573.23,43.57,529.66,529.66
204.77,51.56,153.21,153.21
549.05,47.99,501.05999999999995,501.05999999999995
790.09,41.47,748.62,748.62
853.25,48.4,804.85,804.85
727.36,45.99,681.37,681.37
243.3,47.04,196.26000000000002,196.26000000000002
606.04,50.92,555.12,555.12
459.23,51.19,408.04,408.04
173.34,46.76,126.58000000000001,126.58000000000001
263.46,45.32,218.14,218.14
215.34,43.61,171.73000000000002,171.73000000000002
700.43,50.07,650.3599999999999,650.3599999999999
1151.94,49.17,1102.77,1102.77
306.6,45.64,260.96000000000004,260.96000000000004
657.33,41.59,615.74,615.74
631.31,43.32,587.9899999999999,587.9899999999999
264.15,47.73,216.42,216.42
476.07,44.94,431.13,431.13
475.14,46.53,428.61,428.61
731.04,48.07,682.9699999999999,682.9699999999999
976.21,43.47,932.74,932.74
804.2,50.21,753.99,753.99
964.34,43.63,920.71,920.71
359.37,47.16,312.21000000000004,312.21000000000004
1185.22,51.49,1133.73,1133.73
236.58,46.64,189.94,189.94
245.74,46.55,199.19,199.19
227.72,48.19,179.53,179.53
353.45,43.89,309.56,309.56
249.6,44.01,205.59,205.59
511.16,49.72,461.44000000000005,461.44000000000005
798.19,49.96,748.23,748.23
514.29,44.67,469.61999999999995,469.61999999999995
658.4,47.1,611.3,611.3
418.61,43.8,374.81,374.81
338.31,52.79,285.52,285.52
318.9,46.66,272.24,272.24
348.44,45.67,302.77,302.77
539.14,46.72,492.41999999999996,492.41999999999996
458.87,49.07,409.8,409.8
653.8,44.14,609.66,609.66
928.56,48.47,880.0899999999999,880.0899999999999
144.55,45.92,98.63000000000001,98.63000000000001
601.3,43.99,557.31,557.31
350.71,44.16,306.54999999999995,306.54999999999995
852.38,44.89,807.49,807.49
209.85,45.0,164.85,164.85
375.29,46.84,328.45000000000005,328.45000000000005
634.56,44.82,589.7399999999999,589.7399999999999
768.98,46.94,722.04,722.04
241.96,47.17,194.79000000000002,194.79000000000002
379.88,41.56,338.32,338.32
231.8,49.38,182.42000000000002,182.42000000000002
219.32,50.11,169.20999999999998,169.20999999999998
631.03,47.35,583.68,583.68
761.31,47.99,713.3199999999999,713.3199999999999
404.59,45.41,359.17999999999995,359.17999999999995
485.18,46.8,438.38,438.38
203.2,43.97,159.23,159.23
523.93,46.08,477.84999999999997,477.84999999999997
252.9,46.43,206.47,206.47
310.74,49.24,261.5,261.5
457.37,46.82,410.55,410.55
395.23,46.86,348.37,348.37
237.81,48.63,189.18,189.18
503.55,43.54,460.01,460.01
895.77,48.47,847.3,847.3
329.75,45.77,283.98,283.98
843.93,48.21,795.7199999999999,795.7199999999999
758.69,42.46,716.23,716.23
714.55,49.82,664.7299999999999,664.7299999999999
620.53,46.99,573.54,573.54
542.13,44.37,497.76,497.76
514.48,51.64,462.84000000000003,462.84000000000003
612.59,44.61,567.98,567.98
474.93,51.75,423.18,423.18
617.63,46.98,570.65,570.65
203.24,51.58,151.66000000000003,151.66000000000003
388.76,48.91,339.85,339.85
655.94,44.01,611.9300000000001,611.9300000000001
905.52,45.65,859.87,859.87
898.27,45.23,853.04,853.04
743.19,48.53,694.6600000000001,694.6600000000001
930.0,46.78,883.22,883.22
488.41,39.92,448.49,448.49
574.88,45.76,529.12,529.12
255.16,47.05,208.11,208.11
708.79,49.98,658.81,658.81
892.48,46.58,845.9,845.9
855.48,48.71,806.77,806.77
412.77,44.99,367.78,367.78
927.73,48.52,879.21,879.21
216.96,49.69,167.27,167.27
452.66,50.2,402.46000000000004,402.46000000000004
330.71,52.38,278.33,278.33
512.83,44.11,468.72,468.72
896.43,50.02,846.41,846.41
694.49,47.18,647.3100000000001,647.3100000000001
720.05,53.31,666.74,666.74
230.92,46.61,184.31,184.31
571.09,43.3,527.7900000000001,527.7900000000001
490.03,39.9,450.13,450.13
998.54,45.8,952.74,952.74
290.94,45.45,245.49,245.49
713.25,47.97,665.28,665.28
417.45,43.03,374.41999999999996,374.41999999999996
413.52,46.76,366.76,366.76
977.07,48.52,928.5500000000001,928.5500000000001
1006.59,43.73,962.86,962.86
1156.42,49.47,1106.95,1106.95
482.76,46.22,436.53999999999996,436.53999999999996
773.75,45.77,727.98,727.98
286.26,52.84,233.42,233.42
715.74,46.34,669.4,669.4
1035.93,48.66,987.2700000000001,987.2700000000001
347.82,49.74,298.08,298.08
377.24,52.03,325.21000000000004,325.21000000000004
783.15,50.45,732.6999999999999,732.6999999999999
258.25,43.46,214.79,214.79
772.68,53.23,719.4499999999999,719.4499999999999
492.35,44.47,447.88,447.88
1184.86,45.37,1139.49,1139.49
660.75,51.34,609.41,609.41
100.02,44.92,55.099999999999994,55.099999999999994
430.46,45.56,384.9,384.9
1148.6,48.37,1100.23,1100.23
242.93,49.2,193.73000000000002,193.73000000000002
64.39,50.42,13.969999999999999,13.969999999999999
1153.06,53.0,1100.06,1100.06
249.42,47.97,201.45,201.45
197.85,48.31,149.54,149.54
1020.31,45.2,975.1099999999999,975.1099999999999
698.23,50.93,647.3000000000001,647.3000000000001
910.92,43.47,867.4499999999999,867.4499999999999
805.15,44.44,760.71,760.71
459.98,42.79,417.19,417.19
517.37,49.77,467.6,467.6
426.88,45.01,381.87,381.87
336.9,45.7,291.2,291.2
423.71,46.52,377.19,377.19
754.55,42.69,711.8599999999999,711.8599999999999
75.87,48.12,27.750000000000007,27.750000000000007
595.11,48.06,547.05,547.05
492.06,47.98,444.08,444.08
250.78,46.8,203.98000000000002,203.98000000000002
914.06,51.27,862.79,862.79
432.48,44.57,387.91,387.91
340.16,52.91,287.25,287.25
358.5,44.25,314.25,314.25
382.17,47.06,335.11,335.11
570.1,47.63,522.47,522.47
778.08,46.21,731.87,731.87
512.76,44.16,468.6,468.6
175.89,45.69,130.2,130.2
458.61,50.63,407.98,407.98
218.42,45.39,173.02999999999997,173.02999999999997
308.34,45.53,262.80999999999995,262.80999999999995
231.17,47.99,183.17999999999998,183.17999999999998
766.03,52.85,713.18,713.18
449.21,50.59,398.62,398.62
93.68,53.1,40.580000000000005,40.580000000000005
259.37,52.1,207.27,207.27
709.75,47.12,662.63,662.63
789.8,45.23,744.5699999999999,744.5699999999999
563.16,47.15,516.01,516.01
551.59,44.86,506.73,506.73
704.06,47.94,656.1199999999999,656.1199999999999
354.53,47.99,306.53999999999996,306.53999999999996
595.21,47.13,548.08,548.08
1139.89,49.05,1090.8400000000001,1090.8400000000001
640.01,45.3,594.71,594.71
574.54,47.86,526.68,526.68
379.78,53.9,325.88,325.88
386.28,48.02,338.26,338.26
383.37,47.48,335.89,335.89
704.35,50.46,653.89,653.89
924.03,43.33,880.6999999999999,880.6999999999999
602.08,45.91,556.1700000000001,556.1700000000001
446.82,49.03,397.78999999999996,397.78999999999996
642.38,45.49,596.89,596.89
452.03,45.79,406.23999999999995,406.23999999999995
386.32,46.9,339.42,339.42
654.47,47.11,607.36,607.36
393.02,52.22,340.79999999999995,340.79999999999995
653.24,46.69,606.55,606.55
695.14,50.15,644.99,644.99
235.06,49.17,185.89,185.89
329.52,43.77,285.75,285.75
905.04,44.83,860.2099999999999,860.2099999999999
946.34,43.18,903.1600000000001,903.1600000000001
529.37,44.73,484.64,484.64
226.89,46.39,180.5,180.5
141.77,50.71,91.06,91.06
506.84,46.46,460.38,460.38
272.97,50.7,222.27000000000004,222.27000000000004
427.72,46.95,380.77000000000004,380.77000000000004
579.59,47.57,532.02,532.02
375.85,54.55,321.3,321.3
451.19,51.02,400.17,400.17
714.6,46.98,667.62,667.62
416.48,45.05,371.43,371.43
474.98,47.18,427.8,427.8
611.22,53.61,557.61,557.61
454.98,46.5,408.48,408.48
697.2,54.17,643.0300000000001,643.0300000000001
422.42,49.97,372.45000000000005,372.45000000000005
580.9,44.01,536.89,536.89
332.79,45.82,286.97,286.97
256.6,47.73,208.87000000000003,208.87000000000003
318.16,49.45,268.71000000000004,268.71000000000004
417.0,51.76,365.24,365.24
659.82,47.21,612.61,612.61
955.9,47.16,908.74,908.74
722.56,50.1,672.4599999999999,672.4599999999999
404.14,51.28,352.86,352.86
659.12,47.08,612.04,612.04
310.08,43.67,266.40999999999997,266.40999999999997
358.77,56.33,302.44,302.44
451.12,49.54,401.58,401.58
514.48,47.34,467.14,467.14
903.52,51.34,852.18,852.18
417.26,46.59,370.66999999999996,370.66999999999996
356.63,50.98,305.65,305.65
797.13,55.01,742.12,742.12
171.73,45.14,126.58999999999999,126.58999999999999
651.51,49.03,602.48,602.48
479.36,47.22,432.14,432.14
138.7,43.76,94.94,94.94
248.55,44.0,204.55,204.55
353.63,55.92,297.71,297.71
589.69,44.41,545.2800000000001,545.2800000000001
116.06,44.71,71.35,71.35
1182.12,51.04,1131.08,1131.08
254.55,51.74,202.81,202.81
829.87,43.25,786.62,786.62
745.07,48.22,696.85,696.85
908.89,47.74,861.15,861.15
357.13,51.32,305.81,305.81
908.57,49.95,858.62,858.62
311.34,45.38,265.96,265.96
72.85,48.04,24.809999999999995,24.809999999999995
992.79,47.61,945.18,945.18
719.64,44.9,674.74,674.74
951.74,46.58,905.16,905.16
585.11,47.1,538.01,538.01
654.15,51.49,602.66,602.66
1006.58,48.28,958.3000000000001,958.3000000000001
172.4,49.22,123.18,123.18
672.66,44.15,628.51,628.51
517.26,43.59,473.66999999999996,473.66999999999996
189.87,43.95,145.92000000000002,145.92000000000002
845.17,43.28,801.89,801.89
843.29,47.63,795.66,795.66
883.08,50.86,832.22,832.22
1169.91,51.08,1118.8300000000002,1118.8300000000002
654.33,44.56,609.77,609.77
798.18,44.38,753.8,753.8
666.44,46.14,620.3000000000001,620.3000000000001
781.22,44.95,736.27,736.27
198.56,43.19,155.37,155.37
300.2,43.97,256.23,256.23
260.04,46.16,213.88000000000002,213.88000000000002
620.5,45.44,575.06,575.06
565.38,44.56,520.8199999999999,520.8199999999999
444.58,42.27,402.31,402.31
401.87,49.31,352.56,352.56
602.09,45.69,556.4000000000001,556.4000000000001
296.22,45.57,250.65000000000003,250.65000000000003
553.56,52.74,500.81999999999994,500.81999999999994
814.8,50.89,763.91,763.91
690.31,47.14,643.17,643.17
1173.26,52.76,1120.5,1120.5
952.85,45.72,907.13,907.13
194.0,42.66,151.34,151.34
746.84,42.23,704.61,704.61
275.95,43.73,232.22,232.22
446.25,46.53,399.72,399.72
480.85,48.65,432.20000000000005,432.20000000000005
580.31,47.08,533.2299999999999,533.2299999999999
577.2,42.49,534.71,534.71
548.09,47.74,500.35,500.35
449.5,50.46,399.04,399.04
545.03,48.04,496.98999999999995,496.98999999999995
711.06,48.24,662.8199999999999,662.8199999999999
728.29,47.38,680.91,680.91
369.68,50.86,318.82,318.82
699.1,47.23,651.87,651.87
1078.58,45.84,1032.74,1032.74
332.42,49.13,283.29,283.29
643.2,51.71,591.49,591.49
784.5,45.56,738.94,738.94
920.34,50.97,869.37,869.37
1138.39,48.46,1089.93,1089.93
172.75,48.65,124.1,124.1
580.65,50.81,529.8399999999999,529.8399999999999
604.59,44.08,560.51,560.51
578.39,42.27,536.12,536.12
230.7,46.47,184.23,184.23
595.7,52.25,543.45,543.45
232.27,43.16,189.11,189.11
210.67,48.51,162.16,162.16
665.86,47.72,618.14,618.14
125.64,43.72,81.92,81.92
1006.45,43.94,962.51,962.51
867.63,48.38,819.25,819.25
778.42,49.19,729.23,729.23
219.64,49.4,170.23999999999998,170.23999999999998
789.97,51.33,738.64,738.64
1006.92,48.68,958.24,958.24
254.28,46.14,208.14,208.14
557.27,48.08,509.19,509.19
171.73,48.56,123.16999999999999,123.16999999999999
507.28,48.5,458.78,458.78
511.15,51.71,459.44,459.44
290.68,43.32,247.36,247.36
367.65,53.99,313.65999999999997,313.65999999999997
887.41,45.67,841.74,841.74
250.4,48.36,202.04000000000002,202.04000000000002
206.61,43.96,162.65,162.65
608.45,44.52,563.9300000000001,563.9300000000001
681.58,49.32,632.26,632.26
653.06,46.01,607.05,607.05
241.06,46.34,194.72,194.72
580.94,47.38,533.5600000000001,533.5600000000001
413.47,46.45,367.02000000000004,367.02000000000004
599.62,45.21,554.41,554.41
595.77,45.14,550.63,550.63
1023.23,45.2,978.03,978.03
725.0,47.09,677.91,677.91
268.37,43.1,225.27,225.27
708.03,48.13,659.9,659.9
851.24,43.48,807.76,807.76
122.88,49.64,73.24,73.24
492.2,50.9,441.3,441.3
550.44,51.31,499.13000000000005,499.13000000000005
383.27,45.6,337.66999999999996,337.66999999999996
946.03,43.73,902.3,902.3
1015.59,46.43,969.1600000000001,969.1600000000001
487.4,48.44,438.96,438.96
1083.84,51.73,1032.11,1032.11
1003.89,48.76,955.13,955.13
692.31,46.72,645.5899999999999,645.5899999999999
1007.36,48.28,959.08,959.08
205.48,49.66,155.82,155.82
648.16,47.4,600.76,600.76
1091.11,47.15,1043.9599999999998,1043.9599999999998
450.83,46.49,404.34,404.34
244.39,48.46,195.92999999999998,195.92999999999998
550.2,47.22,502.98,502.98
649.61,48.51,601.1,601.1
833.23,45.11,788.12,788.12
583.81,53.87,529.9399999999999,529.9399999999999
951.81,43.78,908.03,908.03
706.34,50.0,656.34,656.34
257.8,48.51,209.29000000000002,209.29000000000002
1054.71,50.36,1004.35,1004.35
480.62,46.1,434.52,434.52
302.63,49.43,253.2,253.2
565.69,47.03,518.6600000000001,518.6600000000001
585.05,51.28,533.77,533.77
615.87,46.16,569.71,569.71
349.59,42.94,306.65,306.65
914.54,48.92,865.62,865.62
92.29,44.86,47.43000000000001,47.43000000000001
224.87,47.18,177.69,177.69
996.0,49.51,946.49,946.49
897.97,50.16,847.8100000000001,847.8100000000001
330.49,48.61,281.88,281.88
218.86,43.85,175.01000000000002,175.01000000000002
535.36,52.23,483.13,483.13
926.9,48.93,877.97,877.97
796.22,45.37,750.85,750.85
458.92,42.84,416.08000000000004,416.08000000000004
549.13,42.57,506.56,506.56
340.2,45.26,294.94,294.94
388.85,48.85,340.0,340.0
943.37,42.95,900.42,900.42
959.19,46.68,912.5100000000001,912.5100000000001
126.55,43.25,83.3,83.3
780.69,41.56,739.1300000000001,739.1300000000001
535.51,43.37,492.14,492.14
374.64,45.89,328.75,328.75
501.68,43.4,458.28000000000003,458.28000000000003
681.89,54.34,627.55,627.55
608.12,44.7,563.42,563.42
205.73,48.97,156.76,156.76
561.76,47.77,513.99,513.99
633.2,46.55,586.6500000000001,586.6500000000001
792.25,45.45,746.8,746.8
714.66,48.06,666.5999999999999,666.5999999999999
473.4,44.72,428.67999999999995,428.67999999999995
797.39,45.35,752.04,752.04
652.43,51.23,601.1999999999999,601.1999999999999
221.55,50.43,171.12,171.12
590.26,45.19,545.0699999999999,545.0699999999999
269.38,43.92,225.45999999999998,225.45999999999998
352.75,44.87,307.88,307.88
487.35,45.31,442.04,442.04
793.0,44.9,748.1,748.1
815.62,46.72,768.9,768.9
646.11,47.41,598.7,598.7
236.41,47.08,189.32999999999998,189.32999999999998
662.83,42.17,620.6600000000001,620.6600000000001
304.79,47.6,257.19,257.19
265.53,47.2,218.32999999999998,218.32999999999998
995.99,50.57,945.42,945.42
570.34,40.72,529.62,529.62
1022.68,44.05,978.63,978.63
229.46,46.55,182.91000000000003,182.91000000000003
227.04,51.5,175.54,175.54
245.98,43.57,202.41,202.41
791.46,45.65,745.8100000000001,745.8100000000001
166.2,41.51,124.69,124.69
664.66,48.54,616.12,616.12
832.32,54.01,778.3100000000001,778.3100000000001
458.87,51.2,407.67,407.67
755.44,46.81,708.6300000000001,708.6300000000001
441.84,46.5,395.34,395.34
480.31,43.58,436.73,436.73
393.84,57.48,336.35999999999996,336.35999999999996
403.75,44.98,358.77,358.77
145.48,43.36,102.11999999999999,102.11999999999999
756.65,49.42,707.23,707.23
225.61,49.3,176.31,176.31
269.63,42.35,227.28,227.28
338.71,46.73,291.97999999999996,291.97999999999996
552.29,51.14,501.15,501.15
186.99,46.79,140.20000000000002,140.20000000000002
612.88,53.15,559.73,559.73
428.0,45.68,382.32,382.32
598.78,53.32,545.4599999999999,545.4599999999999
883.78,49.46,834.3199999999999,834.3199999999999
895.6,47.48,848.12,848.12
520.53,43.56,476.96999999999997,476.96999999999997
289.42,43.92,245.5,245.5
241.72,50.14,191.57999999999998,191.57999999999998
152.6,53.32,99.28,99.28
369.95,48.53,321.41999999999996,321.41999999999996
122.02,44.26,77.75999999999999,77.75999999999999
447.02,45.37,401.65,401.65
993.02,49.14,943.88,943.88
559.87,51.98,507.89,507.89
324.24,46.76,277.48,277.48
780.42,50.04,730.38,730.38
475.42,40.24,435.18,435.18
1065.27,47.85,1017.42,1017.42
373.31,47.01,326.3,326.3
219.64,48.9,170.73999999999998,170.73999999999998
177.95,45.17,132.77999999999997,132.77999999999997
921.6,46.79,874.8100000000001,874.8100000000001
336.39,49.64,286.75,286.75
758.47,41.45,717.02,717.02
652.86,44.57,608.29,608.29
708.6,45.34,663.26,663.26
1045.76,46.84,998.92,998.92
1156.18,44.08,1112.1000000000001,1112.1000000000001
773.7,48.14,725.5600000000001,725.5600000000001
759.13,46.96,712.17,712.17
576.99,44.87,532.12,532.12
186.97,49.47,137.5,137.5
464.84,48.31,416.53,416.53
929.72,48.4,881.32,881.32
67.14,49.84,17.299999999999997,17.299999999999997
546.19,41.02,505.1700000000001,505.1700000000001
514.6,44.69,469.91,469.91
327.47,45.36,282.11,282.11
803.48,50.53,752.95,752.95
659.49,49.26,610.23,610.23
907.94,43.45,864.49,864.49
1042.59,49.8,992.79,992.79
253.64,46.24,207.39999999999998,207.39999999999998
638.44,45.16,593.2800000000001,593.2800000000001
507.81,44.92,462.89,462.89
411.05,44.56,366.49,366.49
792.25,45.33,746.92,746.92
602.02,44.28,557.74,557.74
1040.53,45.24,995.29,995.29
212.5,43.05,169.45,169.45
385.52,43.41,342.11,342.11
201.88,43.23,158.65,158.65
648.49,42.35,606.14,606.14
249.31,48.34,200.97,200.97
497.28,43.64,453.64,453.64
709.53,47.88,661.65,661.65
435.57,50.77,384.8,384.8
202.37,44.56,157.81,157.81
398.67,48.92,349.75,349.75
208.57,51.57,157.0,157.0
812.86,45.73,767.13,767.13
727.95,48.03,679.9200000000001,679.9200000000001
938.43,46.38,892.05,892.05
1041.91,45.86,996.0500000000001,996.0500000000001
700.91,54.25,646.66,646.66
486.63,47.02,439.61,439.61
469.46,48.1,421.35999999999996,421.35999999999996
857.04,43.48,813.56,813.56
480.69,46.55,434.14,434.14
529.05,43.64,485.40999999999997,485.40999999999997
439.15,50.79,388.35999999999996,388.35999999999996
1105.4,46.93,1058.47,1058.47
840.16,43.76,796.4,796.4
1014.87,48.57,966.3,966.3
417.8,44.89,372.91,372.91
146.17,44.06,102.10999999999999,102.10999999999999
257.18,50.73,206.45000000000002,206.45000000000002
697.33,45.61,651.72,651.72
835.95,50.58,785.37,785.37
985.76,49.38,936.38,936.38
587.7,44.59,543.11,543.11
802.44,47.06,755.3800000000001,755.3800000000001
804.04,50.48,753.56,753.56
589.76,44.74,545.02,545.02
590.48,45.21,545.27,545.27
155.82,50.23,105.59,105.59
413.45,45.08,368.37,368.37
901.19,46.8,854.3900000000001,854.3900000000001
652.25,50.92,601.33,601.33
265.01,44.06,220.95,220.95
647.35,47.18,600.1700000000001,600.1700000000001
560.76,48.06,512.7,512.7
348.0,48.11,299.89,299.89
353.81,46.74,307.07,307.07
236.09,46.56,189.53,189.53
147.79,43.45,104.33999999999999,104.33999999999999
240.37,51.4,188.97,188.97
467.3,48.11,419.19,419.19
775.52,46.27,729.25,729.25
582.22,44.29,537.9300000000001,537.9300000000001
972.91,44.79,928.12,928.12
722.47,47.87,674.6,674.6
614.58,43.19,571.3900000000001,571.3900000000001
874.32,46.85,827.47,827.47
220.36,48.1,172.26000000000002,172.26000000000002
371.43,45.62,325.81,325.81
1035.32,46.18,989.14,989.14
284.6,45.93,238.67000000000002,238.67000000000002
629.07,44.88,584.19,584.19
490.91,46.98,443.93,443.93
226.59,43.14,183.45,183.45
611.68,52.71,558.9699999999999,558.9699999999999
349.49,45.78,303.71000000000004,303.71000000000004
274.14,45.5,228.64,228.64
1027.26,47.84,979.42,979.42
578.8,45.19,533.6099999999999,533.6099999999999
416.16,51.14,365.02000000000004,365.02000000000004
544.37,47.88,496.49,496.49
488.97,47.84,441.13,441.13
938.55,48.17,890.38,890.38
368.24,45.5,322.74,322.74
618.59,46.48,572.11,572.11
571.02,43.59,527.43,527.43
417.13,46.51,370.62,370.62
385.63,46.09,339.53999999999996,339.53999999999996
756.25,53.75,702.5,702.5
529.66,43.88,485.78,485.78
197.01,44.02,152.98999999999998,152.98999999999998
629.39,44.76,584.63,584.63
567.38,48.38,519.0,519.0
1036.93,54.36,982.57,982.57
218.02,51.44,166.58,166.58
477.57,43.71,433.86,433.86
825.14,44.89,780.25,780.25
548.04,52.38,495.65999999999997,495.65999999999997
553.95,47.01,506.94000000000005,506.94000000000005
925.76,43.73,882.03,882.03
1052.65,45.22,1007.4300000000001,1007.4300000000001
683.94,49.3,634.6400000000001,634.6400000000001
563.73,48.24,515.49,515.49
422.98,46.07,376.91,376.91
264.96,48.74,216.21999999999997,216.21999999999997
417.45,45.4,372.05,372.05
809.61,55.18,754.4300000000001,754.4300000000001
984.94,45.84,939.1,939.1
367.94,48.45,319.49,319.49
547.51,44.33,503.18,503.18
877.62,49.43,828.19,828.19
946.81,43.04,903.77,903.77
795.09,48.25,746.84,746.84
301.84,45.49,256.34999999999997,256.34999999999997
533.13,46.75,486.38,486.38
936.45,48.24,888.21,888.21
593.97,48.2,545.77,545.77
481.09,46.87,434.21999999999997,434.21999999999997
224.38,43.1,181.28,181.28
642.41,46.48,595.93,595.93
313.56,49.81,263.75,263.75
192.83,46.0,146.83,146.83
564.83,46.1,518.73,518.73
347.98,52.21,295.77000000000004,295.77000000000004
717.64,48.66,668.98,668.98
776.44,48.48,727.96,727.96
600.73,44.76,555.97,555.97
953.16,43.46,909.6999999999999,909.6999999999999
77.24,49.8,27.439999999999998,27.439999999999998
334.62,49.14,285.48,285.48
748.92,52.98,695.9399999999999,695.9399999999999
1139.2,49.13,1090.07,1090.07
424.05,46.19,377.86,377.86
628.96,45.27,583.69,583.69
670.18,50.93,619.25,619.25
240.7,45.69,195.01,195.01
842.63,53.85,788.78,788.78
173.4,53.38,120.02000000000001,120.02000000000001
137.91,48.96,88.94999999999999,88.94999999999999
575.9,51.13,524.77,524.77
158.55,43.68,114.87,114.87
595.67,42.52,553.15,553.15
1022.06,45.85,976.2099999999999,976.2099999999999
460.77,51.28,409.49,409.49
491.02,48.81,442.21,442.21
379.0,45.42,333.58,333.58
631.14,44.48,586.66,586.66
737.83,48.56,689.27,689.27
1002.04,47.12,954.92,954.92
212.55,42.55,170.0,170.0
824.48,47.53,776.95,776.95
1064.92,46.1,1018.82,1018.82
478.93,48.57,430.36,430.36
602.47,47.36,555.11,555.11
1036.53,55.25,981.28,981.28
377.84,49.33,328.51,328.51
71.47,48.16,23.310000000000002,23.310000000000002
374.38,42.43,331.95,331.95
597.8,42.41,555.39,555.39
446.26,50.25,396.01,396.01
257.84,46.3,211.53999999999996,211.53999999999996
925.39,46.7,878.6899999999999,878.6899999999999
566.96,45.92,521.0400000000001,521.0400000000001
234.88,50.58,184.3,184.3
389.39,43.63,345.76,345.76
545.5,44.99,500.51,500.51
482.24,43.91,438.33000000000004,438.33000000000004
91.86,49.92,41.94,41.94
1048.04,54.77,993.27,993.27
623.89,49.86,574.03,574.03
898.32,49.29,849.0300000000001,849.0300000000001
863.81,49.78,814.03,814.03
773.05,52.74,720.31,720.31
714.78,47.17,667.61,667.61
607.97,46.4,561.57,561.57
1043.69,43.93,999.7600000000001,999.7600000000001
240.38,49.66,190.72,190.72
175.97,50.53,125.44,125.44
401.41,45.22,356.19000000000005,356.19000000000005
613.61,49.84,563.77,563.77
233.29,48.18,185.10999999999999,185.10999999999999
387.83,48.01,339.82,339.82
275.28,48.34,226.93999999999997,226.93999999999997
740.67,46.34,694.3299999999999,694.3299999999999
749.48,44.93,704.5500000000001,704.5500000000001
659.93,44.12,615.81,615.81
865.34,48.82,816.52,816.52
755.99,51.8,704.19,704.19
491.04,48.3,442.74,442.74
412.06,51.25,360.81,360.81
987.56,47.07,940.4899999999999,940.4899999999999
489.11,46.83,442.28000000000003,442.28000000000003
1175.43,49.2,1126.23,1126.23
429.61,51.32,378.29,378.29
130.18,43.3,86.88000000000001,86.88000000000001
587.17,45.29,541.88,541.88
792.67,41.71,750.9599999999999,750.9599999999999
506.41,48.5,457.91,457.91
408.1,48.53,359.57000000000005,359.57000000000005
403.26,48.9,354.36,354.36
420.22,50.77,369.45000000000005,369.45000000000005
828.74,43.89,784.85,784.85
426.02,45.25,380.77,380.77
651.47,44.21,607.26,607.26
666.03,47.02,619.01,619.01
244.77,51.38,193.39000000000001,193.39000000000001
1019.31,48.37,970.9399999999999,970.9399999999999
234.69,46.64,188.05,188.05
828.17,45.02,783.15,783.15
733.78,53.36,680.42,680.42
1087.62,46.86,1040.76,1040.76
355.17,45.71,309.46000000000004,309.46000000000004
773.25,49.98,723.27,723.27
141.2,52.55,88.64999999999999,88.64999999999999
396.59,45.52,351.07,351.07
581.04,45.65,535.39,535.39
999.02,49.35,949.67,949.67
251.06,44.05,207.01,207.01
214.41,43.47,170.94,170.94
892.95,51.38,841.57,841.57
939.69,47.16,892.5300000000001,892.5300000000001
673.71,49.55,624.1600000000001,624.1600000000001
150.23,50.64,99.58999999999999,99.58999999999999
874.3,46.56,827.74,827.74
457.09,49.54,407.54999999999995,407.54999999999995
642.44,47.41,595.0300000000001,595.0300000000001
1148.07,44.24,1103.83,1103.83
481.38,50.64,430.74,430.74
808.32,45.35,762.97,762.97
479.43,43.71,435.72,435.72
673.06,45.55,627.51,627.51
266.92,42.3,224.62,224.62
595.7,42.55,553.1500000000001,553.1500000000001
500.37,50.01,450.36,450.36
579.88,45.36,534.52,534.52
1034.84,43.33,991.5099999999999,991.5099999999999
470.78,47.81,422.96999999999997,422.96999999999997
732.69,46.32,686.37,686.37
566.61,47.14,519.47,519.47
752.34,46.82,705.52,705.52
286.17,45.98,240.19000000000003,240.19000000000003
910.64,45.18,865.46,865.46
136.3,53.25,83.05000000000001,83.05000000000001
1052.4,50.31,1002.0900000000001,1002.0900000000001
485.83,44.7,441.13,441.13
503.07,44.87,458.2,458.2
592.47,41.96,550.51,550.51
712.98,50.59,662.39,662.39
401.6,57.14,344.46000000000004,344.46000000000004
636.92,46.96,589.9599999999999,589.9599999999999
559.38,47.09,512.29,512.29
629.52,50.21,579.31,579.31
157.18,43.87,113.31,113.31
603.06,44.01,559.05,559.05
172.38,48.22,124.16,124.16
301.93,45.2,256.73,256.73
815.34,45.27,770.07,770.07
985.67,49.47,936.1999999999999,936.1999999999999
484.06,46.17,437.89,437.89
855.16,51.55,803.61,803.61
382.42,45.39,337.03000000000003,337.03000000000003
783.35,48.16,735.19,735.19
572.78,45.25,527.53,527.53
246.14,40.87,205.26999999999998,205.26999999999998
190.48,45.25,145.23,145.23
1146.82,48.63,1098.1899999999998,1098.1899999999998
138.41,52.48,85.93,85.93
543.53,43.4,500.13,500.13
250.51,46.7,203.81,203.81
868.16,46.17,821.99,821.99
430.98,43.81,387.17,387.17
861.21,48.34,812.87,812.87
603.95,47.58,556.37,556.37
1033.77,55.28,978.49,978.49
405.16,45.36,359.8,359.8
501.04,44.87,456.17,456.17
930.14,43.34,886.8,886.8
368.65,53.99,314.65999999999997,314.65999999999997
645.04,47.46,597.5799999999999,597.5799999999999
714.95,47.79,667.1600000000001,667.1600000000001
534.42,48.63,485.78999999999996,485.78999999999996
477.98,49.72,428.26,428.26
578.49,47.08,531.41,531.41
782.95,48.14,734.8100000000001,734.8100000000001
587.35,46.48,540.87,540.87
201.33,42.56,158.77,158.77
544.11,43.94,500.17,500.17
252.44,49.08,203.36,203.36
484.09,48.44,435.65,435.65
638.25,47.45,590.8,590.8
285.4,48.67,236.72999999999996,236.72999999999996
171.38,48.92,122.46,122.46
472.23,43.6,428.63,428.63
627.87,47.1,580.77,580.77
567.55,46.12,521.43,521.43
154.92,43.8,111.11999999999999,111.11999999999999
810.09,48.1,761.99,761.99
674.57,52.42,622.1500000000001,622.1500000000001
95.54,48.61,46.93000000000001,46.93000000000001
1073.01,50.22,1022.79,1022.79
651.39,47.12,604.27,604.27
203.09,40.81,162.28,162.28
368.84,43.23,325.60999999999996,325.60999999999996
367.32,45.59,321.73,321.73
550.66,51.35,499.30999999999995,499.30999999999995
720.87,48.48,672.39,672.39
915.37,45.13,870.24,870.24
1112.93,51.73,1061.2,1061.2
610.93,44.51,566.42,566.42
311.84,49.09,262.75,262.75
1030.58,50.34,980.2399999999999,980.2399999999999
605.21,52.92,552.2900000000001,552.2900000000001
609.33,45.39,563.94,563.94
335.62,53.06,282.56,282.56
330.09,48.87,281.21999999999997,281.21999999999997
534.54,44.65,489.89,489.89
784.45,45.12,739.33,739.33
851.47,51.43,800.0400000000001,800.0400000000001
593.98,53.49,540.49,540.49
688.23,54.63,633.6,633.6
597.27,48.55,548.72,548.72
393.13,46.03,347.1,347.1
409.74,40.77,368.97,368.97
193.07,45.66,147.41,147.41
508.67,43.37,465.3,465.3
586.19,43.22,542.97,542.97
1037.64,54.8,982.8400000000001,982.8400000000001
771.8,46.85,724.9499999999999,724.9499999999999
125.32,45.15,80.16999999999999,80.16999999999999
656.49,52.07,604.42,604.42
256.2,43.18,213.01999999999998,213.01999999999998
642.52,47.14,595.38,595.38
1009.25,45.72,963.53,963.53
648.54,46.62,601.92,601.92
584.9,43.88,541.02,541.02
826.22,50.35,775.87,775.87
377.18,46.77,330.41,330.41
1061.89,46.74,1015.1500000000001,1015.1500000000001
1070.68,46.81,1023.8700000000001,1023.8700000000001
690.42,51.95,638.4699999999999,638.4699999999999
514.28,52.15,462.13,462.13
570.34,51.44,518.9000000000001,518.9000000000001
211.24,48.98,162.26000000000002,162.26000000000002
601.98,46.62,555.36,555.36
782.38,47.21,735.17,735.17
391.98,49.19,342.79,342.79
738.3,46.45,691.8499999999999,691.8499999999999
973.62,47.82,925.8,925.8
795.89,48.03,747.86,747.86
728.4,48.19,680.21,680.21
595.75,48.83,546.92,546.92
566.16,51.06,515.0999999999999,515.0999999999999
732.17,50.28,681.89,681.89
585.63,50.75,534.88,534.88
658.68,42.39,616.29,616.29
590.99,46.44,544.55,544.55
916.35,43.43,872.9200000000001,872.9200000000001
572.47,42.36,530.11,530.11
428.11,45.5,382.61,382.61
368.25,55.8,312.45,312.45
260.18,44.83,215.35000000000002,215.35000000000002
709.08,44.31,664.77,664.77
394.93,50.48,344.45,344.45
102.86,44.84,58.019999999999996,58.019999999999996
698.6,50.79,647.8100000000001,647.8100000000001
1003.91,48.35,955.56,955.56
459.78,49.66,410.12,410.12
473.66,47.13,426.53000000000003,426.53000000000003
623.41,48.58,574.8299999999999,574.8299999999999
159.69,52.45,107.24,107.24
595.32,43.91,551.4100000000001,551.4100000000001
493.13,48.7,444.43,444.43
692.32,43.8,648.5200000000001,648.5200000000001
686.29,46.68,639.61,639.61
769.27,42.05,727.22,727.22
231.72,50.88,180.84,180.84
754.02,42.44,711.5799999999999,711.5799999999999
238.42,48.91,189.51,189.51
828.21,46.12,782.09,782.09
389.21,46.32,342.89,342.89
389.94,52.02,337.92,337.92
137.39,43.41,93.97999999999999,93.97999999999999
221.99,41.27,180.72,180.72
650.58,52.03,598.5500000000001,598.5500000000001
902.0,47.63,854.37,854.37
419.81,49.71,370.1,370.1
337.98,42.86,295.12,295.12
613.49,48.58,564.91,564.91
709.86,46.72,663.14,663.14
597.85,44.58,553.27,553.27
503.66,49.79,453.87,453.87
578.33,42.98,535.35,535.35
711.97,45.73,666.24,666.24
729.35,47.89,681.46,681.46
756.63,47.0,709.63,709.63
171.54,43.83,127.71,127.71
1122.02,47.08,1074.94,1074.94
342.47,50.84,291.63,291.63
603.47,48.22,555.25,555.25
820.89,45.97,774.92,774.92
627.68,47.15,580.53,580.53
484.8,43.28,441.52,441.52
612.36,44.44,567.9200000000001,567.9200000000001
802.2,45.33,756.87,756.87
89.97,50.33,39.64,39.64
469.86,46.57,423.29,423.29
566.93,52.15,514.78,514.78
238.69,43.21,195.48,195.48
659.66,46.66,613.0,613.0
375.66,49.4,326.26000000000005,326.26000000000005
977.03,49.14,927.89,927.89
154.94,53.21,101.72999999999999,101.72999999999999
773.73,48.46,725.27,725.27
232.52,48.44,184.08,184.08
158.34,44.27,114.07,114.07
552.95,51.47,501.48,501.48
607.73,53.4,554.33,554.33
437.32,50.63,386.69,386.69
1012.98,48.5,964.48,964.48
165.82,52.09,113.72999999999999,113.72999999999999
884.93,46.7,838.2299999999999,838.2299999999999
512.55,52.1,460.44999999999993,460.44999999999993
284.49,48.2,236.29000000000002,236.29000000000002
807.38,44.34,763.04,763.04
628.64,47.04,581.6,581.6
681.31,47.17,634.14,634.14
992.14,43.94,948.2,948.2
741.62,42.2,699.42,699.42
490.13,46.53,443.6,443.6
783.58,45.06,738.52,738.52
241.44,49.51,191.93,191.93
1042.09,43.6,998.4899999999999,998.4899999999999
1004.26,48.62,955.64,955.64
651.67,52.02,599.65,599.65
508.42,49.48,458.94,458.94
911.52,47.48,864.04,864.04
881.01,44.96,836.05,836.05
1185.21,51.41,1133.8,1133.8
233.73,43.81,189.92,189.92
1036.18,46.81,989.3700000000001,989.3700000000001
1031.75,48.45,983.3,983.3
691.38,52.81,638.5699999999999,638.5699999999999
518.1,46.79,471.31,471.31
380.4,46.43,333.96999999999997,333.96999999999997
625.71,45.43,580.2800000000001,580.2800000000001
813.42,44.43,768.99,768.99
628.07,46.96,581.11,581.11
608.62,41.85,566.77,566.77
800.3,50.05,750.25,750.25
335.27,45.78,289.49,289.49
715.0,48.22,666.78,666.78
317.04,45.36,271.68,271.68
497.39,43.63,453.76,453.76
411.96,46.09,365.87,365.87
359.43,42.19,317.24,317.24
530.6,43.39,487.21000000000004,487.21000000000004
544.68,45.05,499.62999999999994,499.62999999999994
563.53,52.11,511.41999999999996,511.41999999999996
332.98,48.41,284.57000000000005,284.57000000000005
425.08,50.3,374.78,374.78
342.31,49.46,292.85,292.85
826.6,50.12,776.48,776.48
851.79,45.53,806.26,806.26
954.91,48.46,906.4499999999999,906.4499999999999
870.4,48.93,821.47,821.47
832.85,43.68,789.1700000000001,789.1700000000001
773.88,49.23,724.65,724.65
238.15,43.53,194.62,194.62
246.26,48.73,197.53,197.53
215.95,49.69,166.26,166.26
965.1,46.71,918.39,918.39
1069.56,45.77,1023.79,1023.79
736.78,53.33,683.4499999999999,683.4499999999999
396.78,45.74,351.03999999999996,351.03999999999996
1001.6,46.33,955.27,955.27
305.65,43.75,261.9,261.9
242.71,50.31,192.4,192.4
344.86,55.76,289.1,289.1
890.17,50.28,839.89,839.89
449.0,46.56,402.44,402.44
485.88,45.69,440.19,440.19
656.67,51.13,605.54,605.54
535.61,43.3,492.31,492.31
118.52,45.31,73.21,73.21
809.78,50.47,759.31,759.31
790.5,45.16,745.34,745.34
1051.47,54.73,996.74,996.74
834.02,51.11,782.91,782.91
578.66,51.3,527.36,527.36
596.44,42.17,554.2700000000001,554.2700000000001
648.61,49.6,599.01,599.01
608.65,49.77,558.88,558.88
844.76,48.74,796.02,796.02
233.44,48.1,185.34,185.34
360.71,43.71,317.0,317.0
782.51,41.55,740.96,740.96
1156.59,49.44,1107.1499999999999,1107.1499999999999
609.12,45.12,564.0,564.0
143.82,45.39,98.42999999999999,98.42999999999999
453.96,50.09,403.87,403.87
581.14,44.18,536.96,536.96
566.51,43.96,522.55,522.55
1009.74,49.87,959.87,959.87
123.37,52.61,70.76,70.76
647.05,47.3,599.75,599.75
345.52,52.94,292.58,292.58
808.46,43.3,765.1600000000001,765.1600000000001
579.84,45.98,533.86,533.86
386.3,46.61,339.69,339.69
722.58,45.25,677.33,677.33
226.11,44.83,181.28000000000003,181.28000000000003
363.66,47.09,316.57000000000005,316.57000000000005
831.34,46.07,785.27,785.27
353.11,43.95,309.16,309.16
240.93,46.81,194.12,194.12
894.87,47.93,846.94,846.94
621.98,44.85,577.13,577.13
762.59,41.7,720.89,720.89
472.45,47.05,425.4,425.4
998.0,48.36,949.64,949.64
300.89,45.43,255.45999999999998,255.45999999999998
588.08,41.98,546.1,546.1
320.86,52.54,268.32,268.32
596.25,43.27,552.98,552.98
409.71,51.01,358.7,358.7
283.27,42.4,240.86999999999998,240.86999999999998
919.87,47.53,872.34,872.34
133.81,52.86,80.95,80.95
415.1,51.33,363.77000000000004,363.77000000000004
669.28,51.51,617.77,617.77
660.46,44.1,616.36,616.36
573.54,43.75,529.79,529.79
542.47,51.35,491.12,491.12
278.21,46.05,232.15999999999997,232.15999999999997
399.54,46.95,352.59000000000003,352.59000000000003
393.74,48.69,345.05,345.05
199.11,41.67,157.44,157.44
470.57,43.97,426.6,426.6
249.42,48.18,201.23999999999998,201.23999999999998
667.59,47.92,619.6700000000001,619.6700000000001
476.41,49.52,426.89000000000004,426.89000000000004
900.81,46.36,854.4499999999999,854.4499999999999
677.01,49.63,627.38,627.38
106.76,42.87,63.89000000000001,63.89000000000001
315.08,43.7,271.38,271.38
166.2,53.28,112.91999999999999,112.91999999999999
907.95,49.28,858.6700000000001,858.6700000000001
1024.49,43.75,980.74,980.74
564.71,50.72,513.99,513.99
694.03,46.65,647.38,647.38
358.11,44.02,314.09000000000003,314.09000000000003
175.25,50.64,124.61,124.61
1106.07,45.33,1060.74,1060.74
406.67,46.34,360.33000000000004,360.33000000000004
361.98,47.21,314.77000000000004,314.77000000000004
264.26,43.41,220.85,220.85
255.9,46.37,209.53,209.53
379.7,46.09,333.61,333.61
146.18,52.8,93.38000000000001,93.38000000000001
578.78,40.57,538.2099999999999,538.2099999999999
549.6,44.29,505.31,505.31
238.72,47.79,190.93,190.93
277.72,44.95,232.77000000000004,232.77000000000004
658.57,47.33,611.24,611.24
372.04,47.29,324.75,324.75
231.2,49.99,181.20999999999998,181.20999999999998
594.8,42.51,552.29,552.29
689.33,47.11,642.22,642.22
795.82,45.53,750.2900000000001,750.2900000000001
307.23,45.24,261.99,261.99
386.83,46.46,340.37,340.37
608.07,44.66,563.4100000000001,563.4100000000001
601.55,46.27,555.28,555.28
937.27,43.28,893.99,893.99
1002.85,50.51,952.34,952.34
276.38,44.95,231.43,231.43
699.93,50.04,649.89,649.89
176.79,49.7,127.08999999999999,127.08999999999999
727.7,53.28,674.4200000000001,674.4200000000001
605.36,48.23,557.13,557.13
701.24,47.78,653.46,653.46
393.48,49.74,343.74,343.74
706.68,50.0,656.68,656.68
113.36,44.77,68.59,68.59
160.34,43.87,116.47,116.47
222.4,43.88,178.52,178.52
142.42,52.1,90.32,90.32
230.66,49.07,181.59,181.59
549.96,46.18,503.78000000000003,503.78000000000003
702.32,50.24,652.08,652.08
1021.23,46.79,974.44,974.44
428.0,45.48,382.52,382.52
484.22,51.01,433.21000000000004,433.21000000000004
125.61,52.98,72.63,72.63
393.84,57.17,336.66999999999996,336.66999999999996
221.6,49.83,171.76999999999998,171.76999999999998
467.47,49.48,417.99,417.99
501.06,47.8,453.26,453.26
727.68,43.23,684.4499999999999,684.4499999999999
968.69,44.94,923.75,923.75
257.64,47.64,210.0,210.0
1028.83,47.61,981.2199999999999,981.2199999999999
613.36,44.46,568.9,568.9
767.72,50.07,717.65,717.65
408.52,48.65,359.87,359.87
1178.09,45.44,1132.6499999999999,1132.6499999999999
772.24,42.48,729.76,729.76
791.67,45.3,746.37,746.37
480.52,48.25,432.27,432.27
252.56,43.51,209.05,209.05
496.98,46.63,450.35,450.35
247.12,47.24,199.88,199.88
422.53,43.33,379.2,379.2
337.58,49.29,288.28999999999996,288.28999999999996
538.25,52.69,485.56,485.56
217.4,45.36,172.04000000000002,172.04000000000002
396.78,45.88,350.9,350.9
607.51,44.57,562.9399999999999,562.9399999999999
664.93,48.19,616.74,616.74
234.79,43.89,190.89999999999998,190.89999999999998
1017.65,54.32,963.3299999999999,963.3299999999999
349.74,45.53,304.21000000000004,304.21000000000004
697.14,45.12,652.02,652.02
323.04,45.84,277.20000000000005,277.20000000000005
625.78,47.39,578.39,578.39
436.06,49.72,386.34000000000003,386.34000000000003
172.01,43.77,128.23999999999998,128.23999999999998
934.83,46.67,888.1600000000001,888.1600000000001
1126.78,47.07,1079.71,1079.71
216.11,42.74,173.37,173.37
604.98,46.4,558.58,558.58
717.34,44.9,672.44,672.44
586.34,43.54,542.8000000000001,542.8000000000001
208.97,46.52,162.45,162.45
604.17,44.56,559.6099999999999,559.6099999999999
1044.67,43.61,1001.0600000000001,1001.0600000000001
770.57,52.97,717.6,717.6
415.05,45.67,369.38,369.38
783.93,42.96,740.9699999999999,740.9699999999999
266.88,45.7,221.18,221.18
1071.06,46.81,1024.25,1024.25
602.69,45.14,557.5500000000001,557.5500000000001
199.75,52.05,147.7,147.7
1002.02,50.24,951.78,951.78
1141.3,44.22,1097.08,1097.08
680.19,51.06,629.1300000000001,629.1300000000001
189.28,46.76,142.52,142.52
696.72,47.09,649.63,649.63
810.19,44.39,765.8000000000001,765.8000000000001
356.97,42.34,314.63,314.63
850.74,45.04,805.7,805.7
695.76,45.62,650.14,650.14
345.46,44.9,300.56,300.56
893.83,46.53,847.3000000000001,847.3000000000001
614.53,45.05,569.48,569.48
828.57,48.46,780.11,780.11
483.12,48.2,434.92,434.92
556.69,46.12,510.57000000000005,510.57000000000005
1048.99,47.81,1001.1800000000001,1001.1800000000001
500.14,43.03,457.11,457.11
854.97,45.7,809.27,809.27
626.6,45.36,581.24,581.24
741.73,47.89,693.84,693.84
430.54,49.92,380.62,380.62
244.01,48.82,195.19,195.19
961.72,40.85,920.87,920.87
767.19,52.52,714.6700000000001,714.6700000000001
803.67,45.63,758.04,758.04
587.73,43.23,544.5,544.5
134.43,45.47,88.96000000000001,88.96000000000001
549.26,51.84,497.41999999999996,497.41999999999996
514.59,45.23,469.36,469.36
1109.6,46.59,1063.01,1063.01
892.16,50.9,841.26,841.26
555.25,43.31,511.94,511.94
416.73,43.3,373.43,373.43
560.65,50.12,510.53,510.53
818.9,43.83,775.0699999999999,775.0699999999999
215.71,48.4,167.31,167.31
437.08,45.26,391.82,391.82
751.0,52.48,698.52,698.52
636.3,48.5,587.8,587.8
814.73,43.82,770.91,770.91
537.43,46.67,490.75999999999993,490.75999999999993
1171.48,48.58,1122.9,1122.9
1113.89,51.52,1062.3700000000001,1062.3700000000001
217.69,49.65,168.04,168.04
134.11,44.26,89.85000000000002,89.85000000000002
377.63,48.94,328.69,328.69
442.12,50.09,392.03,392.03
429.54,50.79,378.75,378.75
583.13,47.42,535.71,535.71
319.17,43.71,275.46000000000004,275.46000000000004
1038.65,46.28,992.3700000000001,992.3700000000001
415.79,49.94,365.85,365.85
696.6,50.11,646.49,646.49
498.15,46.59,451.55999999999995,451.55999999999995
1135.1,48.33,1086.77,1086.77
754.2,41.78,712.4200000000001,712.4200000000001
993.16,45.84,947.3199999999999,947.3199999999999
147.87,49.87,98.0,98.0
1187.91,50.95,1136.96,1136.96
496.61,43.63,452.98,452.98
223.05,45.08,177.97000000000003,177.97000000000003
818.95,45.05,773.9000000000001,773.9000000000001
143.05,49.42,93.63000000000001,93.63000000000001
163.98,48.17,115.80999999999999,115.80999999999999
149.1,50.14,98.96,98.96
581.15,45.53,535.62,535.62
580.58,43.36,537.22,537.22
472.68,46.92,425.76,425.76
235.85,46.87,188.98,188.98
788.05,46.18,741.87,741.87
878.22,45.49,832.73,832.73
472.14,49.01,423.13,423.13
1068.39,50.6,1017.7900000000001,1017.7900000000001
826.33,43.95,782.38,782.38
1007.27,48.77,958.5,958.5
236.59,51.61,184.98000000000002,184.98000000000002
674.17,49.92,624.25,624.25
963.86,46.68,917.1800000000001,917.1800000000001
1010.56,49.01,961.55,961.55
771.46,45.86,725.6,725.6
1163.58,48.85,1114.73,1114.73
263.96,46.46,217.49999999999997,217.49999999999997
366.84,45.57,321.27,321.27
881.87,49.48,832.39,832.39
564.4,42.33,522.0699999999999,522.0699999999999
832.59,48.06,784.53,784.53
575.34,42.26,533.08,533.08
239.73,48.63,191.1,191.1
674.14,49.72,624.42,624.42
810.81,47.64,763.17,763.17
892.18,48.38,843.8,843.8
625.69,41.59,584.1,584.1
651.14,51.67,599.47,599.47
382.34,43.46,338.88,338.88
342.11,47.08,295.03000000000003,295.03000000000003
333.95,44.0,289.95,289.95
707.26,45.68,661.58,661.58
655.73,42.05,613.6800000000001,613.6800000000001
506.8,44.03,462.77,462.77
788.05,50.35,737.6999999999999,737.6999999999999
592.84,44.89,547.95,547.95
948.48,40.75,907.73,907.73
893.61,46.43,847.1800000000001,847.1800000000001
287.29,44.99,242.3,242.3
978.19,48.7,929.49,929.49
203.16,42.53,160.63,160.63
191.56,49.24,142.32,142.32
1059.38,46.37,1013.0100000000001,1013.0100000000001
604.74,46.36,558.38,558.38
1060.67,45.76,1014.9100000000001,1014.9100000000001
163.14,49.64,113.49999999999999,113.49999999999999
575.41,45.74,529.67,529.67
668.45,52.52,615.9300000000001,615.9300000000001
147.61,49.44,98.17000000000002,98.17000000000002
307.24,49.94,257.3,257.3
241.68,47.51,194.17000000000002,194.17000000000002
106.04,48.51,57.53000000000001,57.53000000000001
894.36,48.84,845.52,845.52
247.15,48.46,198.69,198.69
337.01,46.79,290.21999999999997,290.21999999999997
617.95,48.97,568.98,568.98
677.15,48.13,629.02,629.02
584.78,53.46,531.3199999999999,531.3199999999999
517.0,43.32,473.68,473.68
1101.97,47.06,1054.91,1054.91
1003.81,47.05,956.76,956.76
840.82,44.9,795.9200000000001,795.9200000000001
163.26,49.49,113.76999999999998,113.76999999999998
574.21,41.52,532.69,532.69
426.18,40.48,385.7,385.7
353.54,49.38,304.16,304.16
157.49,49.24,108.25,108.25
558.73,45.28,513.45,513.45
594.24,41.34,552.9,552.9
887.09,44.93,842.1600000000001,842.1600000000001
331.1,52.43,278.67,278.67
390.41,47.97,342.44000000000005,342.44000000000005
548.91,48.64,500.27,500.27
873.83,49.77,824.0600000000001,824.0600000000001
577.44,44.88,532.5600000000001,532.5600000000001
476.63,49.39,427.24,427.24
195.39,40.87,154.51999999999998,154.51999999999998
799.35,44.88,754.47,754.47
1015.12,46.45,968.67,968.67
297.5,52.38,245.12,245.12
580.74,48.27,532.47,532.47
875.07,47.35,827.72,827.72
485.38,45.76,439.62,439.62
809.81,44.86,764.9499999999999,764.9499999999999
447.66,43.17,404.49,404.49
416.39,50.0,366.39,366.39
380.61,52.51,328.1,328.1
809.99,55.21,754.78,754.78
558.12,51.56,506.56,506.56
367.09,47.97,319.12,319.12
411.56,50.72,360.84000000000003,360.84000000000003
343.48,46.88,296.6,296.6
153.04,46.79,106.25,106.25
499.16,46.21,452.95000000000005,452.95000000000005
671.53,49.79,621.74,621.74
116.92,44.5,72.42,72.42
423.49,51.4,372.09000000000003,372.09000000000003
569.88,46.06,523.8199999999999,523.8199999999999
503.94,49.78,454.15999999999997,454.15999999999997
335.25,46.98,288.27,288.27
351.91,45.3,306.61,306.61
472.37,48.34,424.03,424.03
1117.47,51.62,1065.8500000000001,1065.8500000000001
465.17,47.53,417.64,417.64
646.82,51.1,595.72,595.72
476.12,48.28,427.84000000000003,427.84000000000003
642.34,45.4,596.94,596.94
592.73,45.23,547.5,547.5
165.73,51.86,113.86999999999999,113.86999999999999
500.54,46.97,453.57000000000005,453.57000000000005
766.31,53.21,713.0999999999999,713.0999999999999
1007.28,47.07,960.2099999999999,960.2099999999999
117.97,52.98,64.99000000000001,64.99000000000001
539.11,46.74,492.37,492.37
667.28,51.55,615.73,615.73
430.93,40.35,390.58,390.58
1038.83,50.26,988.5699999999999,988.5699999999999
572.44,42.42,530.0200000000001,530.0200000000001
533.76,43.78,489.98,489.98
328.45,45.84,282.61,282.61
272.97,44.98,227.99000000000004,227.99000000000004
1163.94,52.99,1110.95,1110.95
334.52,49.72,284.79999999999995,284.79999999999995
699.72,47.34,652.38,652.38
1080.24,45.35,1034.89,1034.89
495.9,44.59,451.30999999999995,451.30999999999995
790.56,45.81,744.75,744.75
827.83,46.08,781.75,781.75
224.06,49.28,174.78,174.78
935.18,44.96,890.2199999999999,890.2199999999999
786.34,45.03,741.3100000000001,741.3100000000001
898.26,51.31,846.95,846.95
614.04,48.6,565.4399999999999,565.4399999999999
343.24,42.34,300.9,300.9
452.52,45.86,406.65999999999997,406.65999999999997
828.76,46.54,782.22,782.22
869.86,49.84,820.02,820.02
765.09,46.18,718.9100000000001,718.9100000000001
363.41,41.18,322.23,322.23
716.13,46.72,669.41,669.41
469.02,45.3,423.71999999999997,423.71999999999997
267.4,43.55,223.84999999999997,223.84999999999997
1191.66,51.09,1140.5700000000002,1140.5700000000002
86.47,42.44,44.03,44.03
202.9,43.27,159.63,159.63
979.3,48.71,930.5899999999999,930.5899999999999
251.78,45.68,206.1,206.1
672.12,45.56,626.56,626.56
353.96,47.83,306.13,306.13
225.8,49.96,175.84,175.84
592.09,48.67,543.4200000000001,543.4200000000001
580.37,43.77,536.6,536.6
889.72,47.6,842.12,842.12
715.81,44.68,671.13,671.13
842.75,48.65,794.1,794.1
381.37,57.06,324.31,324.31
634.78,47.51,587.27,587.27
1025.05,44.05,981.0,981.0
476.66,46.73,429.93,429.93
562.19,50.26,511.93000000000006,511.93000000000006
281.68,45.5,236.18,236.18
753.22,49.09,704.13,704.13
610.38,45.15,565.23,565.23
227.56,50.46,177.1,177.1
883.03,48.63,834.4,834.4
915.49,50.88,864.61,864.61
950.06,40.81,909.25,909.25
985.09,45.87,939.22,939.22
732.93,49.85,683.0799999999999,683.0799999999999
199.38,44.38,155.0,155.0
390.18,54.27,335.91,335.91
710.21,49.68,660.5300000000001,660.5300000000001
829.27,45.07,784.1999999999999,784.1999999999999
390.76,49.32,341.44,341.44
271.24,43.8,227.44,227.44
686.51,51.77,634.74,634.74
145.64,49.05,96.58999999999999,96.58999999999999
630.83,45.02,585.8100000000001,585.8100000000001
868.39,47.29,821.1,821.1
576.4,44.91,531.49,531.49
161.87,49.44,112.43,112.43
947.03,44.97,902.06,902.06
399.58,48.86,350.71999999999997,350.71999999999997
250.32,44.61,205.70999999999998,205.70999999999998
407.68,49.73,357.95,357.95
590.91,44.85,546.06,546.06
668.22,54.76,613.46,613.46
466.5,42.77,423.73,423.73
922.72,50.88,871.84,871.84
162.7,43.47,119.22999999999999,119.22999999999999
424.57,51.25,373.32,373.32
105.51,42.99,62.52,62.52
926.18,45.35,880.8299999999999,880.8299999999999
470.93,48.67,422.26,422.26
578.0,42.58,535.42,535.42
388.16,46.37,341.79,341.79
1124.28,51.74,1072.54,1072.54
844.73,53.97,790.76,790.76
481.2,45.72,435.48,435.48
511.03,43.39,467.64,467.64
247.91,48.49,199.42,199.42
582.21,40.83,541.38,541.38
829.92,55.12,774.8,774.8
353.88,46.5,307.38,307.38
606.41,43.9,562.51,562.51
640.48,49.04,591.44,591.44
622.95,44.96,577.99,577.99
271.34,46.1,225.23999999999998,225.23999999999998
497.71,45.43,452.28,452.28
651.13,44.48,606.65,606.65
650.45,45.54,604.9100000000001,604.9100000000001
476.94,44.82,432.12,432.12
332.31,48.65,283.66,283.66
197.62,44.47,153.15,153.15
519.61,43.48,476.13,476.13
347.11,47.27,299.84000000000003,299.84000000000003
777.86,50.55,727.3100000000001,727.3100000000001
344.65,46.11,298.53999999999996,298.53999999999996
384.76,49.77,334.99,334.99
402.71,51.25,351.46,351.46
749.01,46.83,702.18,702.18
897.93,46.49,851.4399999999999,851.4399999999999
217.08,50.23,166.85000000000002,166.85000000000002
187.04,43.47,143.57,143.57
217.39,43.76,173.63,173.63
551.73,43.27,508.46000000000004,508.46000000000004
600.71,42.21,558.5,558.5
388.62,46.26,342.36,342.36
571.97,50.25,521.72,521.72
510.22,44.8,465.42,465.42
371.53,43.67,327.85999999999996,327.85999999999996
1000.71,50.97,949.74,949.74
446.52,50.87,395.65,395.65
365.87,52.57,313.3,313.3
228.2,50.0,178.2,178.2
219.07,49.44,169.63,169.63
1132.84,52.98,1079.86,1079.86
583.43,45.98,537.4499999999999,537.4499999999999
653.62,45.13,608.49,608.49
162.78,53.16,109.62,109.62
251.54,48.26,203.28,203.28
799.57,44.22,755.35,755.35
412.57,46.75,365.82,365.82
