pickup_location,delivery_location,pickup_datetime,weight,service_type,synthetic_delivery_time_min,route_distance_km_synthetic,model_prediction_min
Bari,Salerno,2026-04-11 20:58:00,4.6,Express,212.39,183.1,43.75
Salerno,Reggio Calabria,2026-07-20 18:50:00,0.83,Express,361.23,295.6,50.96
Reggio Calabria,Trapani,2026-01-25 19:13:00,1.06,Express,338.09,272.4,45.43
Milano,Verona,2026-03-19 18:26:00,4.77,Premium,191.5,140.4,44.47
Milano,Roma,2026-06-25 17:38:00,0.43,Express,542.12,476.9,43.26
Torino,Lecce,2026-06-14 17:09:00,7.07,Premium,1137.06,1003.1,47.35
Bari,Perugia,2026-08-18 15:56:00,0.84,Express,489.08,430.6,49.88
Reggio Calabria,Milano,2026-08-07 16:02:00,5.41,Express,1107.45,976.4,46.46
Catania,Pescara,2026-01-04 12:27:00,1.61,Express,627.46,555.5,45.72
Bari,Sassari,2026-01-25 19:24:00,6.25,Express,804.48,699.2,45.15
Palermo,Lecce,2026-04-07 15:53:00,28.34,Express,600.52,482.7,41.45
Verona,Palermo,2026-09-19 15:35:00,0.61,Premium,955.79,837.2,47.2
Roma,Ancona,2026-05-11 17:23:00,4.88,Express,269.09,208.6,46.08
Salerno,Roma,2026-09-01 08:03:00,0.85,Express,296.51,233.2,42.45
Roma,Napoli,2026-01-17 19:51:00,4.04,Express,233.67,188.3,47.92
Salerno,Napoli,2026-09-20 15:09:00,2.6,Express,57.24,46.2,48.1
Palermo,Pescara,2026-01-17 20:13:00,3.29,Express,554.86,487.9,41.0
Bologna,Catania,2026-08-09 08:26:00,1.58,Express,951.75,837.3,43.48
Sassari,Perugia,2026-08-28 10:16:00,5.18,Express,461.9,412.8,47.83
Napoli,Roma,2026-03-22 20:17:00,1.09,Express,218.36,188.3,48.67
Palermo,Genova,2026-03-24 16:41:00,7.15,Express,916.74,791.1,45.48
Lecce,Bologna,2026-06-08 16:03:00,2.25,Express,832.92,725.0,46.11
Cagliari,Lecce,2026-07-17 12:39:00,1.12,Express,893.02,783.1,48.91
Trapani,Cagliari,2026-02-02 14:46:00,9.16,Express,392.92,325.7,46.19
Salerno,Lecce,2026-03-06 14:38:00,2.86,Premium,363.7,289.7,45.47
Pescara,Sassari,2026-07-25 09:46:00,11.4,Premium,602.46,507.6,47.21
Milano,Bologna,2026-08-09 14:55:00,7.05,Express,236.79,200.6,46.59
Sassari,Roma,2026-02-11 14:13:00,1.72,Express,422.93,353.8,40.75
Palermo,Catania,2026-08-31 11:22:00,2.83,Premium,212.43,166.4,41.32
Milano,Torino,2026-08-25 11:47:00,3.27,Express,153.24,125.1,49.66
Napoli,Roma,2026-08-25 17:45:00,8.73,Express,255.79,188.3,48.36
Catania,Firenze,2026-03-07 16:27:00,4.08,Express,867.58,767.6,46.78
Bari,Perugia,2026-07-02 13:34:00,3.39,Express,491.18,430.6,49.78
Perugia,Bologna,2026-02-13 15:27:00,2.61,Premium,212.77,175.1,45.53
Torino,Bari,2026-02-23 10:22:00,2.9,Premium,991.0,864.4,49.11
Bari,Verona,2026-01-20 13:59:00,7.48,Premium,787.27,675.9,43.77
Torino,Sassari,2026-05-15 14:51:00,3.01,Premium,584.63,487.8,47.59
Sassari,Cagliari,2026-07-14 10:32:00,2.28,Express,210.47,174.6,43.21
Firenze,Pescara,2026-02-24 09:22:00,2.02,Premium,347.12,280.9,47.2
Pescara,Cagliari,2026-02-20 14:21:00,2.04,Express,655.01,559.4,46.9
Cagliari,Lecce,2026-03-17 20:10:00,1.12,Express,897.63,783.1,48.91
Salerno,Firenze,2026-02-23 13:27:00,1.77,Express,519.46,449.4,44.73
Roma,Genova,2026-08-16 19:37:00,8.56,Express,469.02,402.1,47.81
Lecce,Palermo,2026-02-16 18:55:00,2.6,Express,560.12,482.7,43.35
Bari,Cagliari,2026-03-18 17:25:00,4.91,Express,792.9,691.3,44.97
Verona,Torino,2026-03-25 19:31:00,0.53,Express,319.77,261.5,52.4
Milano,Roma,2026-02-25 12:45:00,4.47,Express,547.54,476.9,43.09
Torino,Salerno,2026-09-14 17:37:00,2.68,Express,887.18,755.2,45.68
Reggio Calabria,Cagliari,2026-02-27 09:01:00,2.14,Express,660.04,580.1,45.23
Salerno,Roma,2026-05-13 11:28:00,3.41,Express,268.58,233.2,42.34
Salerno,Sassari,2026-06-04 14:55:00,2.12,Express,603.17,523.4,45.11
Cagliari,Perugia,2026-03-13 07:31:00,0.68,Premium,597.88,511.8,53.97
Lecce,Salerno,2026-05-09 17:42:00,5.72,Express,329.63,289.7,43.62
Napoli,Lecce,2026-02-16 19:57:00,3.56,Express,386.98,333.9,51.22
Napoli,Salerno,2026-05-12 08:28:00,2.41,Express,80.26,46.2,49.88
Ancona,Napoli,2026-01-06 20:53:00,1.53,Premium,387.89,314.1,51.02
Palermo,Sassari,2026-04-30 08:14:00,1.07,Express,608.55,504.1,42.65
Cagliari,Bologna,2026-04-10 08:46:00,3.51,Express,711.45,614.1,49.77
Roma,Lecce,2026-04-06 17:40:00,9.28,Express,601.44,505.1,44.63
Reggio Calabria,Firenze,2026-01-31 16:35:00,3.46,Premium,827.48,729.6,45.47
Trapani,Catania,2026-09-30 20:06:00,1.14,Premium,287.94,231.2,45.51
Roma,Genova,2026-01-08 12:57:00,3.51,Express,483.35,402.1,48.02
Lecce,Napoli,2026-02-09 15:00:00,2.89,Express,403.89,333.9,48.21
Verona,Bologna,2026-01-29 09:04:00,5.49,Express,157.24,109.2,49.28
Milano,Roma,2026-09-24 16:41:00,4.59,Express,544.42,476.9,43.09
Genova,Perugia,2026-03-28 20:58:00,0.37,Premium,368.62,313.2,54.58
Trapani,Sassari,2026-04-28 15:21:00,4.39,Premium,549.84,455.8,47.08
Lecce,Roma,2026-07-24 20:03:00,1.49,Premium,582.46,505.1,42.99
Bari,Bologna,2026-01-14 12:30:00,1.11,Premium,657.88,586.2,46.7
Napoli,Bari,2026-01-19 20:45:00,2.63,Express,261.11,220.3,52.85
Salerno,Milano,2026-02-19 14:30:00,4.0,Premium,801.96,698.2,46.63
Cagliari,Napoli,2026-07-05 09:00:00,0.95,Express,535.26,474.3,52.0
Napoli,Catania,2026-09-25 12:04:00,4.91,Express,445.74,378.1,49.53
Bologna,Salerno,2026-06-19 13:53:00,5.12,Express,593.36,508.2,43.58
Reggio Calabria,Perugia,2026-08-27 07:56:00,3.1,Express,728.38,620.2,49.93
Napoli,Roma,2026-08-29 19:32:00,1.63,Premium,230.3,188.3,49.11
Genova,Bologna,2026-03-17 10:20:00,1.51,Premium,245.35,191.5,50.91
Catania,Sassari,2026-02-20 16:27:00,6.15,Premium,783.22,667.2,47.55
Perugia,Catania,2026-02-13 19:52:00,1.04,Premium,778.8,663.3,43.0
Reggio Calabria,Milano,2026-08-05 13:05:00,6.32,Express,1100.3,976.4,46.43
Trapani,Milano,2026-07-02 15:31:00,2.67,Express,978.82,872.5,47.83
Milano,Sassari,2026-08-25 14:14:00,2.81,Premium,615.33,528.4,46.34
Cagliari,Firenze,2026-05-19 17:41:00,0.91,Express,625.92,536.1,48.6
Sassari,Catania,2026-09-24 07:32:00,2.71,Premium,762.8,667.2,42.17
Pescara,Genova,2026-09-02 12:02:00,4.61,Express,567.13,478.2,50.12
Roma,Lecce,2026-08-09 15:33:00,1.18,Express,571.99,505.1,44.96
Bari,Cagliari,2026-08-08 08:16:00,4.25,Express,780.52,691.3,45.0
Genova,Cagliari,2026-02-03 19:02:00,3.19,Express,672.01,577.3,49.26
Salerno,Catania,2026-07-23 15:50:00,1.91,Premium,423.52,353.6,43.87
Sassari,Napoli,2026-09-16 07:02:00,5.46,Premium,568.84,480.8,46.78
Milano,Genova,2026-03-21 07:10:00,0.64,Express,149.01,118.5,49.06
Sassari,Lecce,2026-08-11 09:14:00,3.82,Express,951.74,812.8,43.31
Sassari,Roma,2026-04-06 16:17:00,9.32,Express,411.94,353.8,40.43
Lecce,Catania,2026-02-27 14:15:00,8.22,Express,483.1,413.1,43.27
Torino,Trapani,2026-07-19 13:45:00,3.94,Express,1013.6,881.3,47.01
Firenze,Salerno,2026-02-15 14:51:00,2.43,Express,496.33,449.4,46.82
Catania,Cagliari,2026-05-12 13:55:00,1.92,Express,633.9,554.0,47.03
Reggio Calabria,Genova,2026-09-13 11:48:00,2.43,Express,1025.87,897.2,48.54
Pescara,Cagliari,2026-02-12 07:06:00,4.39,Express,656.28,559.4,46.81
Bologna,Firenze,2026-02-12 07:23:00,1.7,Premium,121.46,80.4,45.25
Sassari,Lecce,2026-09-15 16:38:00,5.1,Express,933.58,812.8,43.26
Cagliari,Bologna,2026-08-01 17:24:00,13.35,Express,716.95,614.1,49.36
Sassari,Ancona,2026-05-07 10:21:00,2.87,Express,611.56,519.8,44.62
Ancona,Milano,2026-04-21 10:24:00,1.17,Premium,456.59,399.5,49.17
Salerno,Roma,2026-09-21 12:42:00,1.17,Premium,272.42,233.2,42.89
Salerno,Genova,2026-07-17 16:01:00,5.17,Express,730.84,632.9,48.07
Salerno,Torino,2026-09-05 15:18:00,2.88,Express,851.53,755.2,48.88
Reggio Calabria,Lecce,2026-01-26 14:49:00,5.54,Premium,400.43,330.4,45.71
Napoli,Trapani,2026-05-25 07:30:00,2.06,Express,410.03,348.0,51.28
Roma,Catania,2026-07-17 13:01:00,5.37,Express,637.4,536.0,43.15
Firenze,Palermo,2026-01-10 17:32:00,2.69,Premium,765.6,652.7,46.86
Salerno,Catania,2026-05-20 15:15:00,1.8,Express,405.37,353.6,43.42
Perugia,Bari,2026-01-16 18:17:00,2.27,Express,516.64,430.6,45.72
Napoli,Trapani,2026-09-03 16:43:00,1.3,Premium,403.27,348.0,51.77
Palermo,Lecce,2026-07-05 19:35:00,12.08,Express,588.59,482.7,42.12
Perugia,Napoli,2026-02-21 15:00:00,2.8,Express,346.12,295.4,47.19
Ancona,Pescara,2026-05-23 14:58:00,4.71,Express,180.34,140.6,45.87
Bologna,Pescara,2026-01-30 14:48:00,2.06,Premium,367.56,323.4,44.08
Catania,Ancona,2026-08-08 10:42:00,1.44,Premium,768.75,692.2,48.95
Bologna,Torino,2026-02-23 13:06:00,2.55,Premium,339.8,295.2,49.4
Milano,Pescara,2026-06-15 09:21:00,6.48,Express,635.23,522.1,44.18
Reggio Calabria,Verona,2026-01-22 13:01:00,2.08,Premium,1016.44,901.6,44.13
Reggio Calabria,Napoli,2026-02-13 09:05:00,1.63,Premium,407.96,326.9,48.95
Napoli,Pescara,2026-09-25 13:52:00,3.34,Express,213.58,179.1,49.75
Torino,Milano,2026-04-16 20:21:00,4.25,Express,159.02,125.1,48.21
Perugia,Torino,2026-02-03 13:19:00,9.47,Express,511.92,433.9,47.7
Bari,Sassari,2026-07-11 17:20:00,3.84,Premium,831.14,699.2,45.7
Salerno,Trapani,2026-02-24 13:08:00,4.71,Express,420.54,352.5,44.93
Perugia,Palermo,2026-06-10 19:40:00,4.96,Express,662.47,560.9,42.23
Pescara,Salerno,2026-08-10 09:56:00,1.34,Premium,275.9,203.3,46.16
Perugia,Lecce,2026-07-06 18:40:00,1.53,Premium,663.43,569.2,44.63
Perugia,Napoli,2026-03-09 17:08:00,1.4,Premium,376.06,295.4,47.71
Bari,Salerno,2026-03-06 19:26:00,1.18,Express,242.28,183.1,43.89
Perugia,Bari,2026-03-02 08:51:00,5.24,Express,523.23,430.6,45.6
Salerno,Roma,2026-06-22 19:31:00,3.68,Express,291.04,233.2,42.33
Genova,Ancona,2026-07-03 19:43:00,3.17,Express,447.67,377.4,50.71
Pescara,Perugia,2026-05-23 11:08:00,0.49,Premium,195.56,165.2,52.17
Ancona,Napoli,2026-04-19 15:44:00,12.65,Express,372.94,314.1,50.11
Genova,Napoli,2026-01-17 15:12:00,1.6,Express,661.01,589.3,52.57
Milano,Napoli,2026-08-17 07:41:00,12.61,Express,769.04,657.4,48.49
Verona,Napoli,2026-06-30 14:21:00,1.09,Express,654.76,575.5,51.59
Catania,Milano,2026-06-24 16:13:00,1.7,Premium,1152.91,1010.7,48.87
Firenze,Napoli,2026-01-29 09:52:00,0.64,Express,487.96,408.7,51.36
Milano,Perugia,2026-03-20 12:03:00,3.87,Express,416.61,364.9,50.35
Verona,Salerno,2026-03-24 15:11:00,1.39,Express,686.91,611.8,47.11
Torino,Perugia,2026-06-13 20:01:00,1.42,Express,495.01,433.9,51.7
Ancona,Pescara,2026-08-03 07:50:00,1.15,Express,166.25,140.6,46.02
Catania,Sassari,2026-08-25 20:06:00,5.17,Premium,763.28,667.2,47.59
Sassari,Verona,2026-05-23 18:25:00,4.94,Express,671.14,559.6,41.54
Bari,Bologna,2026-04-10 18:50:00,10.67,Express,680.04,586.2,45.85
Torino,Roma,2026-04-22 07:40:00,1.86,Premium,628.33,524.1,44.91
Firenze,Catania,2026-07-21 14:56:00,3.5,Express,876.99,767.6,46.52
Trapani,Cagliari,2026-03-28 12:09:00,1.22,Express,386.55,325.7,46.52
Firenze,Salerno,2026-04-24 19:52:00,2.37,Express,539.6,449.4,46.82
Milano,Bari,2026-08-03 17:22:00,2.09,Express,911.02,786.3,47.43
Reggio Calabria,Sassari,2026-05-29 16:05:00,4.15,Express,788.66,674.8,45.38
Bologna,Salerno,2026-05-08 07:23:00,6.11,Premium,585.96,508.2,44.0
Perugia,Verona,2026-07-20 19:15:00,6.0,Premium,355.8,282.0,42.72
Palermo,Reggio Calabria,2026-03-20 13:51:00,1.66,Express,232.56,200.3,48.42
Salerno,Torino,2026-01-17 09:14:00,6.03,Express,856.22,755.2,48.74
Verona,Bologna,2026-08-04 19:14:00,2.91,Express,147.05,109.2,49.39
Reggio Calabria,Torino,2026-05-05 19:39:00,2.39,Express,1180.73,1017.4,49.25
Milano,Cagliari,2026-03-30 13:57:00,1.83,Express,787.99,693.9,45.69
Milano,Genova,2026-01-26 16:15:00,2.03,Express,170.59,118.5,49.0
Milano,Bologna,2026-09-10 15:32:00,10.16,Express,274.96,200.6,46.46
Sassari,Milano,2026-07-17 11:14:00,3.72,Premium,645.67,528.4,44.98
Genova,Roma,2026-03-16 17:28:00,3.39,Premium,505.93,402.1,47.23
Cagliari,Firenze,2026-06-15 20:58:00,2.5,Express,638.98,536.1,48.53
Genova,Sassari,2026-05-07 20:04:00,16.62,Premium,507.09,410.3,49.4
Ancona,Pescara,2026-03-31 16:36:00,7.48,Express,185.78,140.6,45.76
Bologna,Pescara,2026-03-27 12:02:00,1.81,Premium,387.94,323.4,44.09
Bari,Trapani,2026-01-21 19:43:00,2.48,Express,594.39,506.4,45.23
Salerno,Milano,2026-09-24 19:59:00,2.58,Express,809.11,698.2,46.23
Roma,Genova,2026-09-10 07:04:00,3.32,Express,475.3,402.1,48.03
Reggio Calabria,Verona,2026-08-26 11:44:00,1.84,Express,1015.9,901.6,43.69
Napoli,Perugia,2026-03-27 14:43:00,4.08,Express,336.62,295.4,55.78
Roma,Pescara,2026-09-30 15:05:00,8.29,Express,203.23,154.0,43.18
Cagliari,Firenze,2026-03-17 16:58:00,1.2,Express,606.52,536.1,48.59
Trapani,Catania,2026-08-14 14:11:00,1.36,Express,269.04,231.2,45.04
Palermo,Cagliari,2026-01-28 07:11:00,2.14,Express,448.72,387.8,42.37
Trapani,Catania,2026-03-26 09:19:00,2.21,Express,284.49,231.2,45.0
Cagliari,Firenze,2026-06-07 17:40:00,12.15,Express,649.97,536.1,48.13
Napoli,Roma,2026-09-22 16:42:00,6.05,Express,232.58,188.3,48.47
Reggio Calabria,Bari,2026-03-14 16:07:00,5.81,Express,422.9,350.6,46.83
Napoli,Pescara,2026-04-29 13:10:00,2.49,Express,220.79,179.1,49.78
Milano,Trapani,2026-08-19 10:50:00,2.46,Premium,995.27,872.5,46.28
Cagliari,Salerno,2026-05-09 11:18:00,1.09,Express,580.81,508.1,47.52
Lecce,Milano,2026-07-06 16:38:00,5.19,Express,1038.89,925.2,46.24
Catania,Bari,2026-04-25 14:03:00,4.23,Express,500.06,429.6,48.69
Genova,Sassari,2026-01-02 08:49:00,7.38,Express,503.47,410.3,49.32
Reggio Calabria,Ancona,2026-03-19 12:35:00,2.59,Express,738.98,638.3,46.65
Pescara,Reggio Calabria,2026-06-04 18:32:00,2.72,Express,572.85,498.9,52.9
Pescara,Reggio Calabria,2026-01-06 15:23:00,3.38,Premium,567.17,498.9,53.33
Lecce,Cagliari,2026-03-05 19:07:00,5.6,Express,901.12,783.1,44.85
Verona,Roma,2026-09-18 14:07:00,1.07,Express,489.14,411.9,45.86
Bari,Cagliari,2026-01-05 13:47:00,5.02,Express,793.82,691.3,44.96
Genova,Catania,2026-03-09 20:17:00,2.96,Express,1040.13,924.7,47.8
Bologna,Sassari,2026-06-19 14:06:00,1.43,Premium,539.41,475.9,45.66
Genova,Verona,2026-06-03 08:53:00,0.7,Express,242.81,198.5,47.81
Verona,Firenze,2026-02-25 12:37:00,2.73,Express,220.17,186.8,48.12
Lecce,Trapani,2026-01-17 16:04:00,8.26,Premium,652.77,549.9,45.36
Trapani,Roma,2026-09-03 11:50:00,9.69,Express,520.05,431.4,43.69
Napoli,Salerno,2026-05-31 12:44:00,3.85,Express,59.56,46.2,49.82
Reggio Calabria,Bologna,2026-06-06 19:13:00,11.85,Premium,940.93,795.3,46.4
Napoli,Firenze,2026-01-16 13:05:00,2.91,Express,480.99,408.7,50.92
Firenze,Reggio Calabria,2026-02-27 11:16:00,5.85,Express,823.63,729.6,53.93
Salerno,Verona,2026-01-20 08:30:00,2.19,Premium,717.17,611.8,43.78
Verona,Sassari,2026-09-25 12:38:00,2.09,Express,644.32,559.6,48.54
Firenze,Milano,2026-07-30 17:43:00,1.87,Express,308.86,248.8,49.44
Salerno,Catania,2026-05-30 11:11:00,0.71,Express,389.81,353.6,43.46
Firenze,Verona,2026-07-05 13:35:00,7.39,Express,232.99,186.8,46.29
Roma,Firenze,2026-02-15 16:11:00,1.91,Express,279.52,231.6,44.61
Salerno,Genova,2026-09-27 19:59:00,1.71,Express,746.56,632.9,48.22
Milano,Verona,2026-05-22 18:23:00,1.31,Express,179.31,140.4,44.16
Roma,Perugia,2026-05-22 11:00:00,2.6,Premium,171.28,134.8,49.94
Firenze,Bari,2026-09-19 09:18:00,10.31,Express,646.21,547.1,49.47
Bari,Ancona,2026-01-27 16:23:00,12.99,Express,472.96,391.1,46.07
Bari,Milano,2026-04-26 10:33:00,0.94,Premium,896.09,786.3,46.96
Milano,Verona,2026-01-25 12:29:00,2.34,Premium,185.58,140.4,44.57
Trapani,Milano,2026-04-27 08:27:00,1.45,Premium,995.39,872.5,48.34
Bologna,Reggio Calabria,2026-03-14 17:50:00,5.99,Premium,928.58,795.3,51.26
Napoli,Firenze,2026-05-06 09:14:00,3.67,Express,480.2,408.7,50.89
Roma,Salerno,2026-07-11 12:19:00,1.92,Express,273.52,233.2,43.54
Catania,Salerno,2026-03-18 12:41:00,3.16,Premium,437.67,353.6,46.21
Roma,Pescara,2026-01-14 07:35:00,2.15,Express,176.4,154.0,43.44
Genova,Salerno,2026-02-14 17:51:00,9.29,Express,739.34,632.9,47.78
Sassari,Perugia,2026-07-15 15:39:00,4.4,Premium,475.5,412.8,48.32
Perugia,Lecce,2026-06-08 14:34:00,4.79,Express,657.18,569.2,44.03
Palermo,Roma,2026-09-25 09:29:00,0.46,Express,513.22,426.6,39.95
Cagliari,Sassari,2026-09-02 07:44:00,2.86,Express,215.93,174.6,48.91
Napoli,Sassari,2026-02-13 07:46:00,12.9,Express,568.41,480.8,50.91
Torino,Catania,2026-07-20 15:45:00,7.59,Express,1199.02,1042.5,45.23
Ancona,Reggio Calabria,2026-01-25 17:28:00,0.82,Express,738.72,638.3,53.38
Salerno,Ancona,2026-01-27 18:08:00,2.41,Premium,427.65,342.8,46.76
Napoli,Perugia,2026-08-05 18:12:00,1.29,Express,365.36,295.4,55.9
Roma,Perugia,2026-04-20 12:30:00,9.94,Express,151.98,134.8,49.18
Reggio Calabria,Lecce,2026-09-30 07:01:00,3.56,Premium,394.63,330.4,45.79
Milano,Verona,2026-01-02 10:25:00,1.75,Premium,170.87,140.4,44.6
Genova,Torino,2026-05-18 18:01:00,3.07,Express,160.29,122.4,53.3
Pescara,Ancona,2026-03-26 17:41:00,0.48,Express,199.74,140.6,48.41
Bologna,Catania,2026-09-27 14:06:00,1.4,Express,941.65,837.3,43.49
Perugia,Catania,2026-07-02 07:20:00,3.08,Premium,783.59,663.3,42.92
Bari,Torino,2026-07-30 17:52:00,5.42,Express,982.48,864.4,48.97
Pescara,Palermo,2026-03-21 18:25:00,0.77,Express,557.47,487.9,45.33
Pescara,Roma,2026-09-02 10:10:00,2.3,Premium,205.24,154.0,44.86
Bari,Sassari,2026-08-18 18:15:00,6.08,Express,810.65,699.2,45.15
Salerno,Bari,2026-08-03 15:57:00,1.09,Express,224.21,183.1,46.67
Milano,Bari,2026-05-11 19:25:00,3.52,Premium,912.87,786.3,47.83
Salerno,Bologna,2026-09-09 15:46:00,3.14,Premium,590.9,508.2,46.41
Ancona,Lecce,2026-07-02 08:15:00,9.96,Express,627.58,528.9,47.14
Cagliari,Genova,2026-01-18 16:03:00,2.55,Express,660.08,577.3,52.01
Napoli,Roma,2026-08-30 08:30:00,2.66,Express,244.58,188.3,48.61
Cagliari,Lecce,2026-01-06 10:37:00,5.46,Express,910.42,783.1,48.74
Genova,Lecce,2026-07-06 19:13:00,1.19,Express,1008.07,882.3,49.51
Reggio Calabria,Catania,2026-03-10 20:33:00,2.57,Express,108.02,82.9,43.74
Bologna,Cagliari,2026-09-02 13:39:00,2.18,Express,696.38,614.1,44.93
Reggio Calabria,Cagliari,2026-07-19 11:04:00,2.72,Express,676.32,580.1,45.21
Bologna,Cagliari,2026-08-09 12:29:00,5.43,Express,710.38,614.1,44.8
Cagliari,Perugia,2026-07-11 10:23:00,4.42,Express,569.29,511.8,53.36
Perugia,Milano,2026-06-04 15:01:00,1.78,Express,404.64,364.9,45.36
Salerno,Milano,2026-08-24 12:53:00,3.3,Express,788.4,698.2,46.2
Cagliari,Napoli,2026-03-23 07:49:00,8.52,Express,558.13,474.3,51.69
Firenze,Roma,2026-05-25 15:32:00,1.68,Express,275.48,231.6,45.59
Trapani,Torino,2026-03-23 16:00:00,3.32,Premium,1012.37,881.3,50.92
Verona,Palermo,2026-02-01 16:20:00,2.62,Premium,952.43,837.2,47.11
Perugia,Pescara,2026-08-27 20:13:00,2.87,Express,217.8,165.2,42.63
Milano,Roma,2026-05-16 16:51:00,0.96,Express,552.08,476.9,43.24
Genova,Reggio Calabria,2026-01-15 16:27:00,8.05,Premium,1032.79,897.2,55.55
Pescara,Bologna,2026-08-14 09:57:00,1.74,Express,401.34,323.4,48.03
Perugia,Verona,2026-09-15 13:30:00,6.15,Premium,329.1,282.0,42.72
Firenze,Cagliari,2026-06-30 13:04:00,1.94,Express,613.71,536.1,48.07
Ancona,Milano,2026-03-31 20:27:00,1.94,Express,464.12,399.5,48.68
Cagliari,Reggio Calabria,2026-08-23 13:38:00,7.01,Express,674.08,580.1,54.53
Verona,Milano,2026-07-21 16:38:00,6.02,Express,163.91,140.4,49.51
Milano,Catania,2026-03-19 14:34:00,3.47,Express,1141.65,1010.7,44.15
Napoli,Trapani,2026-04-01 07:47:00,5.11,Premium,421.31,348.0,51.61
Napoli,Bari,2026-09-27 20:05:00,2.45,Express,266.21,220.3,52.86
Salerno,Catania,2026-09-18 16:22:00,2.98,Express,425.18,353.6,43.37
Bari,Verona,2026-07-04 10:13:00,1.89,Express,774.44,675.9,43.54
Bari,Roma,2026-01-10 07:50:00,5.65,Premium,443.45,374.0,42.91
Firenze,Bari,2026-03-04 20:06:00,1.85,Express,633.36,547.1,49.82
Napoli,Salerno,2026-04-07 11:18:00,8.48,Express,77.99,46.2,49.63
Reggio Calabria,Verona,2026-05-27 07:14:00,2.4,Express,1022.87,901.6,43.66
Napoli,Bari,2026-08-25 15:37:00,3.04,Express,273.27,220.3,52.83
Milano,Salerno,2026-08-20 07:13:00,5.1,Premium,805.94,698.2,44.78
Trapani,Napoli,2026-03-16 10:01:00,3.05,Express,410.83,348.0,49.69
Cagliari,Bologna,2026-01-30 19:30:00,2.44,Express,723.6,614.1,49.81
Perugia,Catania,2026-03-17 07:32:00,2.94,Premium,771.58,663.3,42.93
Palermo,Cagliari,2026-03-06 17:31:00,5.61,Express,479.69,387.8,42.23
Napoli,Cagliari,2026-09-03 15:39:00,1.89,Express,569.16,474.3,51.13
Sassari,Milano,2026-01-04 11:17:00,2.75,Express,611.3,528.4,44.56
Firenze,Napoli,2026-08-15 11:00:00,3.02,Premium,474.03,408.7,51.72
Verona,Catania,2026-06-29 13:38:00,5.49,Express,1079.67,945.3,46.69
Genova,Firenze,2026-01-29 14:27:00,2.8,Express,245.42,198.5,49.12
Palermo,Cagliari,2026-07-07 19:27:00,10.64,Express,481.03,387.8,42.02
Palermo,Salerno,2026-06-08 10:39:00,2.69,Express,378.71,309.4,41.12
Sassari,Catania,2026-01-02 15:15:00,2.54,Express,744.3,667.2,41.72
Milano,Trapani,2026-03-02 16:36:00,2.66,Express,1004.59,872.5,45.81
Firenze,Palermo,2026-04-06 07:10:00,1.19,Express,761.52,652.7,46.47
Ancona,Sassari,2026-02-28 19:32:00,1.45,Express,610.38,519.8,47.56
Lecce,Pescara,2026-06-08 20:53:00,2.07,Premium,482.08,405.1,44.13
Sassari,Firenze,2026-06-18 08:12:00,6.64,Express,484.47,404.0,42.87
Ancona,Pescara,2026-02-16 10:39:00,2.93,Premium,183.73,140.6,46.4
Torino,Firenze,2026-02-03 18:00:00,2.14,Express,390.97,317.5,46.77
Palermo,Bologna,2026-06-28 18:19:00,7.08,Express,850.92,728.1,43.28
Bologna,Firenze,2026-05-09 09:11:00,8.89,Express,134.86,80.4,44.5
Genova,Firenze,2026-03-14 19:50:00,7.22,Express,262.62,198.5,48.94
Perugia,Bologna,2026-03-11 11:36:00,1.65,Express,221.97,175.1,45.11
Genova,Ancona,2026-01-11 11:06:00,2.12,Express,443.33,377.4,50.75
Bologna,Trapani,2026-08-22 12:00:00,10.68,Premium,832.85,726.4,45.2
Reggio Calabria,Palermo,2026-08-18 16:24:00,3.55,Premium,259.25,200.3,44.0
Reggio Calabria,Milano,2026-06-01 09:53:00,2.49,Express,1135.21,976.4,46.58
Bologna,Trapani,2026-04-06 14:36:00,4.96,Express,830.25,726.4,44.98
Firenze,Catania,2026-02-28 08:03:00,6.07,Express,901.95,767.6,46.42
Catania,Milano,2026-03-25 09:03:00,2.01,Premium,1151.89,1010.7,48.85
Reggio Calabria,Sassari,2026-09-10 17:45:00,3.5,Express,782.77,674.8,45.41
Roma,Pescara,2026-01-25 12:22:00,5.74,Express,186.36,154.0,43.29
Roma,Lecce,2026-08-13 18:06:00,1.33,Express,605.02,505.1,44.96
Trapani,Firenze,2026-03-25 17:19:00,3.03,Express,769.48,648.5,46.29
Salerno,Ancona,2026-03-14 20:57:00,1.38,Express,394.92,342.8,46.35
Genova,Bari,2026-08-10 08:55:00,1.51,Express,868.41,743.8,51.09
Bologna,Cagliari,2026-09-20 20:05:00,2.02,Express,714.87,614.1,44.94
Pescara,Salerno,2026-09-28 19:29:00,4.19,Express,259.88,203.3,45.59
Trapani,Pescara,2026-03-15 13:05:00,2.39,Express,588.57,513.6,45.15
Verona,Milano,2026-06-11 08:53:00,1.91,Express,194.23,140.4,49.68
Catania,Salerno,2026-03-21 08:52:00,3.11,Premium,421.09,353.6,46.21
Catania,Cagliari,2026-02-22 14:09:00,1.34,Express,631.67,554.0,47.06
Ancona,Catania,2026-04-16 07:08:00,4.05,Premium,819.6,692.2,46.2
Bologna,Lecce,2026-01-18 08:20:00,6.62,Express,835.46,725.0,44.92
Perugia,Trapani,2026-02-14 14:26:00,2.84,Express,654.82,566.1,44.11
Palermo,Pescara,2026-06-12 14:53:00,2.6,Premium,574.29,487.9,41.49
Lecce,Torino,2026-07-07 19:02:00,3.9,Express,1146.79,1003.1,48.95
Genova,Catania,2026-03-15 20:38:00,0.73,Premium,1050.75,924.7,48.35
Sassari,Reggio Calabria,2026-06-02 10:45:00,4.37,Express,789.9,674.8,49.15
Napoli,Bari,2026-07-28 11:37:00,26.31,Premium,312.77,220.3,52.32
Sassari,Catania,2026-09-02 09:47:00,2.75,Express,780.55,667.2,41.71
Verona,Palermo,2026-06-05 10:08:00,2.76,Express,966.4,837.2,46.65
Genova,Bari,2026-03-07 13:08:00,5.05,Express,844.12,743.8,50.94
Catania,Torino,2026-07-14 20:54:00,9.49,Premium,1185.12,1042.5,51.2
Verona,Torino,2026-02-16 19:30:00,5.94,Premium,352.2,261.5,52.63
Pescara,Palermo,2026-02-07 19:46:00,0.66,Express,569.5,487.9,45.33
Firenze,Genova,2026-04-08 13:19:00,4.45,Premium,259.14,198.5,51.74
Pescara,Bari,2026-03-31 16:12:00,18.16,Premium,338.31,266.1,48.44
Palermo,Pescara,2026-02-09 17:07:00,4.64,Express,580.99,487.9,40.95
Trapani,Palermo,2026-01-15 10:24:00,1.34,Express,87.75,72.6,44.89
Firenze,Salerno,2026-09-16 13:28:00,3.65,Express,521.47,449.4,46.77
Verona,Pescara,2026-07-04 14:42:00,1.22,Express,474.73,419.7,47.02
Trapani,Bologna,2026-07-15 12:13:00,7.11,Express,824.96,726.4,47.39
Cagliari,Bologna,2026-01-19 13:37:00,1.54,Premium,704.61,614.1,50.3
Cagliari,Salerno,2026-08-06 13:10:00,3.16,Express,562.4,508.1,47.44
Palermo,Cagliari,2026-04-10 07:51:00,1.65,Express,437.81,387.8,42.39
Ancona,Trapani,2026-07-24 17:45:00,2.05,Express,736.8,628.1,47.46
Firenze,Bologna,2026-05-14 19:36:00,8.49,Express,133.52,80.4,48.91
Milano,Roma,2026-03-08 17:33:00,3.23,Express,549.02,476.9,43.15
Verona,Perugia,2026-03-13 20:04:00,2.03,Express,337.89,282.0,53.05
Verona,Milano,2026-02-08 13:02:00,1.35,Express,162.27,140.4,49.71
Cagliari,Bari,2026-08-15 07:46:00,0.81,Express,789.52,691.3,50.51
Torino,Palermo,2026-04-28 10:44:00,1.25,Express,1021.98,904.7,45.34
Bari,Cagliari,2026-08-01 18:57:00,3.24,Premium,801.69,691.3,45.49
Roma,Palermo,2026-08-15 08:56:00,5.96,Express,507.08,426.6,42.97
Sassari,Verona,2026-02-15 14:39:00,2.03,Express,663.42,559.6,41.67
Torino,Roma,2026-04-01 07:01:00,9.01,Express,604.23,524.1,44.16
Catania,Ancona,2026-02-03 11:31:00,1.82,Express,790.09,692.2,48.48
Torino,Sassari,2026-01-03 08:35:00,2.54,Premium,585.57,487.8,47.6
Bologna,Cagliari,2026-09-27 08:35:00,1.41,Express,699.82,614.1,44.97
Palermo,Roma,2026-06-30 09:18:00,6.0,Premium,502.11,426.6,40.18
Napoli,Pescara,2026-05-04 14:32:00,13.02,Premium,235.51,179.1,49.8
Genova,Firenze,2026-02-24 16:39:00,0.87,Express,245.43,198.5,49.2
Ancona,Milano,2026-06-11 11:02:00,2.35,Express,459.94,399.5,48.66
Salerno,Bologna,2026-05-29 18:27:00,7.27,Express,601.21,508.2,45.78
Genova,Verona,2026-03-02 12:29:00,1.09,Premium,254.34,198.5,48.25
Reggio Calabria,Catania,2026-01-05 17:19:00,4.46,Express,118.73,82.9,43.66
Milano,Genova,2026-05-09 14:24:00,7.05,Express,154.39,118.5,48.79
Lecce,Palermo,2026-05-19 17:07:00,3.17,Express,553.95,482.7,43.32
Torino,Reggio Calabria,2026-08-06 20:42:00,4.41,Express,1156.24,1017.4,52.86
Bari,Palermo,2026-04-18 20:55:00,10.29,Express,529.6,449.0,43.12
Roma,Palermo,2026-01-27 15:13:00,11.73,Express,515.6,426.6,42.73
Roma,Perugia,2026-08-29 20:28:00,2.87,Express,155.68,134.8,49.47
Lecce,Torino,2026-04-23 16:49:00,2.07,Premium,1138.76,1003.1,49.48
Firenze,Lecce,2026-07-17 10:45:00,1.58,Express,767.71,685.9,48.25
Ancona,Sassari,2026-01-12 20:05:00,5.94,Express,599.97,519.8,47.38
Trapani,Salerno,2026-01-10 09:01:00,1.15,Express,433.17,352.5,45.3
Trapani,Verona,2026-01-07 13:33:00,2.51,Premium,951.32,835.0,45.37
Catania,Trapani,2026-08-04 09:08:00,3.22,Express,276.07,231.2,47.14
Ancona,Salerno,2026-03-07 17:58:00,2.11,Premium,409.21,342.8,46.53
Bologna,Catania,2026-08-05 19:32:00,3.65,Express,947.66,837.3,43.4
Bari,Salerno,2026-09-15 18:27:00,18.06,Premium,252.63,183.1,43.65
Sassari,Roma,2026-07-01 08:25:00,2.76,Express,431.96,353.8,40.7
Torino,Firenze,2026-09-27 10:47:00,2.21,Express,354.63,317.5,46.77
Cagliari,Reggio Calabria,2026-09-11 11:45:00,6.11,Express,672.83,580.1,54.57
Roma,Firenze,2026-07-17 08:37:00,3.55,Premium,297.88,231.6,45.0
Cagliari,Palermo,2026-08-08 14:25:00,8.22,Premium,457.95,387.8,47.28
Lecce,Salerno,2026-06-14 07:28:00,3.37,Express,342.25,289.7,43.72
Perugia,Cagliari,2026-03-01 15:35:00,2.52,Express,576.05,511.8,43.96
Roma,Genova,2026-01-29 15:02:00,0.86,Express,472.49,402.1,48.13
Torino,Salerno,2026-04-15 15:20:00,0.97,Express,849.61,755.2,45.75
Ancona,Napoli,2026-05-10 19:46:00,0.83,Express,371.42,314.1,50.6
Cagliari,Verona,2026-04-06 18:00:00,3.91,Express,815.98,708.5,47.08
Firenze,Ancona,2026-01-28 10:38:00,1.16,Express,228.25,183.3,49.54
Genova,Roma,2026-05-18 15:00:00,7.22,Express,479.07,402.1,46.61
Verona,Sassari,2026-05-17 18:14:00,3.06,Premium,632.15,559.6,48.96
Salerno,Trapani,2026-09-18 18:54:00,2.53,Express,425.96,352.5,45.02
Genova,Cagliari,2026-09-18 16:00:00,1.66,Express,642.51,577.3,49.33
Verona,Bologna,2026-06-18 08:11:00,4.64,Express,152.84,109.2,49.32
Napoli,Lecce,2026-08-21 13:05:00,1.71,Express,388.48,333.9,51.3
Palermo,Lecce,2026-03-27 19:01:00,1.51,Express,563.08,482.7,42.56
Milano,Lecce,2026-09-22 08:02:00,6.89,Express,1071.37,925.2,45.65
Bologna,Pescara,2026-09-15 15:15:00,3.85,Express,388.26,323.4,43.54
Trapani,Reggio Calabria,2026-02-04 14:34:00,2.55,Express,314.8,272.4,52.49
Ancona,Napoli,2026-07-11 10:07:00,4.7,Express,360.99,314.1,50.44
Cagliari,Bari,2026-05-05 11:49:00,3.02,Express,788.25,691.3,50.42
Catania,Verona,2026-03-14 20:41:00,3.92,Express,1053.76,945.3,45.39
Firenze,Catania,2026-04-23 15:20:00,1.69,Express,866.61,767.6,46.6
Bologna,Bari,2026-09-05 20:09:00,12.78,Express,697.02,586.2,46.25
Ancona,Perugia,2026-09-10 13:35:00,2.0,Express,123.4,107.5,52.05
Reggio Calabria,Milano,2026-04-04 18:50:00,8.92,Express,1119.87,976.4,46.32
Verona,Pescara,2026-05-07 15:40:00,2.63,Express,480.4,419.7,46.96
Bologna,Torino,2026-05-21 19:45:00,5.28,Premium,390.96,295.2,49.29
Firenze,Bari,2026-07-20 11:34:00,5.02,Express,625.99,547.1,49.69
Palermo,Firenze,2026-05-11 12:20:00,6.7,Express,746.48,652.7,42.02
Trapani,Palermo,2026-04-19 07:33:00,1.67,Express,85.91,72.6,44.87
Reggio Calabria,Salerno,2026-09-10 10:11:00,6.37,Express,354.09,295.6,43.83
Salerno,Pescara,2026-04-12 08:56:00,10.93,Express,270.02,203.3,43.19
Perugia,Lecce,2026-03-14 09:33:00,2.5,Express,652.36,569.2,44.13
Milano,Pescara,2026-03-31 11:19:00,3.07,Express,610.55,522.1,44.32
Cagliari,Verona,2026-04-01 19:13:00,2.08,Express,821.0,708.5,47.16
Torino,Napoli,2026-06-01 12:17:00,2.35,Express,818.64,711.5,50.16
Sassari,Torino,2026-06-30 18:34:00,9.94,Express,581.58,487.8,46.92
Ancona,Salerno,2026-02-06 18:24:00,1.49,Express,413.51,342.8,46.1
Roma,Genova,2026-08-31 20:43:00,1.55,Express,462.99,402.1,48.1
Bari,Catania,2026-03-11 14:07:00,9.26,Express,521.8,429.6,43.31
Roma,Salerno,2026-02-01 18:52:00,4.65,Express,292.21,233.2,43.43
Sassari,Catania,2026-07-02 12:52:00,13.24,Express,777.28,667.2,41.28
Bologna,Genova,2026-02-27 15:51:00,2.19,Premium,234.48,191.5,48.71
Milano,Catania,2026-07-24 18:21:00,3.28,Premium,1157.81,1010.7,44.61
Bologna,Pescara,2026-09-16 08:59:00,1.89,Premium,399.49,323.4,44.08
Perugia,Firenze,2026-07-09 07:48:00,3.32,Express,159.97,117.7,43.77
Trapani,Reggio Calabria,2026-08-01 09:18:00,0.87,Express,322.17,272.4,52.56
Bari,Trapani,2026-05-16 17:05:00,4.85,Premium,603.21,506.4,45.59
Lecce,Sassari,2026-04-05 13:37:00,3.76,Express,923.55,812.8,45.16
Verona,Trapani,2026-06-17 10:55:00,2.88,Premium,958.66,835.0,48.89
Genova,Ancona,2026-04-08 17:44:00,2.28,Express,433.63,377.4,50.74
Bologna,Napoli,2026-08-28 07:12:00,1.6,Premium,538.65,470.2,48.66
Napoli,Catania,2026-05-09 09:25:00,4.99,Express,438.88,378.1,49.52
Palermo,Trapani,2026-05-17 13:34:00,1.32,Express,96.02,72.6,42.56
Reggio Calabria,Roma,2026-07-03 19:49:00,4.29,Express,580.42,499.5,42.65
Genova,Bari,2026-02-21 17:29:00,12.82,Express,865.71,743.8,50.62
Verona,Perugia,2026-06-03 16:34:00,8.49,Express,330.16,282.0,52.79
Palermo,Pescara,2026-07-25 16:57:00,1.05,Premium,559.69,487.9,41.55
Firenze,Napoli,2026-07-31 11:22:00,2.06,Express,461.97,408.7,51.3
Verona,Napoli,2026-03-03 13:16:00,4.03,Express,669.03,575.5,51.47
Trapani,Bari,2026-01-15 19:24:00,2.86,Express,599.75,506.4,48.2
Napoli,Bari,2026-02-23 17:12:00,1.13,Express,275.96,220.3,52.91
Ancona,Genova,2026-08-12 15:22:00,3.93,Express,438.16,377.4,50.54
Perugia,Sassari,2026-03-14 08:09:00,2.98,Express,467.74,412.8,44.18
Perugia,Torino,2026-01-16 17:15:00,11.46,Premium,529.77,433.9,48.08
Bologna,Salerno,2026-06-13 12:07:00,2.51,Express,573.77,508.2,43.69
Pescara,Ancona,2026-08-29 12:23:00,6.8,Express,181.95,140.6,48.15
Sassari,Salerno,2026-03-03 16:26:00,1.24,Premium,612.6,523.4,42.48
Bologna,Lecce,2026-01-12 12:30:00,1.46,Express,826.97,725.0,45.13
Roma,Milano,2026-02-08 15:01:00,4.97,Premium,570.0,476.9,46.47
Bologna,Trapani,2026-02-04 07:10:00,6.41,Express,827.01,726.4,44.92
Roma,Torino,2026-02-25 09:35:00,1.53,Express,606.5,524.1,48.81
Milano,Bari,2026-02-19 14:31:00,3.05,Express,904.67,786.3,47.39
Ancona,Lecce,2026-06-23 20:24:00,1.14,Express,607.06,528.9,47.51
Verona,Roma,2026-03-02 17:39:00,2.64,Express,487.18,411.9,45.8
Cagliari,Palermo,2026-05-30 12:50:00,5.39,Express,470.49,387.8,46.94
Perugia,Firenze,2026-04-20 20:33:00,2.21,Express,155.89,117.7,43.81
Cagliari,Palermo,2026-06-28 10:51:00,2.52,Express,445.81,387.8,47.06
Trapani,Torino,2026-06-28 19:29:00,1.36,Premium,1006.42,881.3,51.0
Roma,Catania,2026-06-11 12:38:00,1.91,Express,627.69,536.0,43.29
Sassari,Roma,2026-09-01 08:13:00,10.27,Premium,445.59,353.8,40.85
Milano,Roma,2026-02-23 07:02:00,3.16,Premium,557.9,476.9,43.61
Napoli,Torino,2026-05-24 20:43:00,1.49,Premium,819.59,711.5,55.63
Pescara,Firenze,2026-04-18 15:59:00,2.41,Premium,344.58,280.9,47.18
Salerno,Catania,2026-05-26 09:05:00,0.98,Express,427.82,353.6,43.45
Sassari,Palermo,2026-02-08 20:53:00,1.48,Express,584.13,504.1,41.61
Ancona,Palermo,2026-03-29 07:34:00,7.77,Express,708.86,611.7,45.44
Reggio Calabria,Milano,2026-09-14 11:41:00,2.72,Premium,1117.52,976.4,47.03
Bologna,Salerno,2026-08-07 17:29:00,11.27,Express,602.21,508.2,43.33
Firenze,Salerno,2026-04-27 07:44:00,2.81,Premium,544.68,449.4,47.26
Sassari,Catania,2026-01-31 19:40:00,2.93,Premium,765.39,667.2,42.16
Firenze,Salerno,2026-06-27 16:29:00,4.7,Express,522.5,449.4,46.72
Salerno,Catania,2026-03-24 20:17:00,0.46,Express,396.17,353.6,43.47
Napoli,Milano,2026-03-31 18:43:00,3.46,Express,762.67,657.4,52.43
Catania,Ancona,2026-01-27 18:32:00,2.9,Express,795.73,692.2,48.43
Genova,Salerno,2026-03-20 10:11:00,8.49,Express,733.3,632.9,47.82
Palermo,Verona,2026-02-28 09:52:00,5.89,Premium,974.5,837.2,41.12
Salerno,Milano,2026-01-10 10:23:00,1.36,Express,781.22,698.2,46.28
Pescara,Roma,2026-06-10 09:09:00,7.16,Express,209.61,154.0,44.21
Trapani,Bologna,2026-09-22 16:18:00,2.5,Premium,847.76,726.4,48.04
Torino,Pescara,2026-02-04 07:49:00,1.59,Express,670.11,598.4,45.63
Salerno,Lecce,2026-01-15 12:59:00,3.44,Premium,341.54,289.7,45.45
Pescara,Roma,2026-01-28 15:08:00,2.6,Express,199.67,154.0,44.39
Firenze,Trapani,2026-05-30 14:32:00,8.81,Premium,754.52,648.5,48.4
Milano,Palermo,2026-08-14 13:49:00,3.81,Express,1007.72,886.0,43.98
Bologna,Firenze,2026-03-26 10:07:00,3.46,Express,120.73,80.4,44.72
Lecce,Napoli,2026-02-02 08:31:00,5.64,Express,399.52,333.9,48.09
Trapani,Bologna,2026-01-27 20:50:00,6.45,Express,827.56,726.4,47.42
Milano,Firenze,2026-06-15 13:30:00,5.19,Express,293.78,248.8,45.39
Bologna,Bari,2026-04-08 15:19:00,8.1,Premium,683.03,586.2,46.9
Reggio Calabria,Pescara,2026-04-07 14:56:00,4.59,Premium,597.57,498.9,44.26
Verona,Genova,2026-03-07 12:09:00,3.37,Express,221.64,198.5,51.57
Torino,Catania,2026-09-02 17:07:00,7.14,Express,1185.12,1042.5,45.25
Firenze,Ancona,2026-04-13 12:16:00,2.82,Premium,217.19,183.3,49.93
Napoli,Torino,2026-07-13 12:47:00,3.07,Premium,832.22,711.5,55.56
Palermo,Sassari,2026-07-22 18:14:00,10.01,Express,596.94,504.1,42.28
Catania,Sassari,2026-01-17 11:27:00,9.34,Express,765.07,667.2,46.96
Firenze,Bari,2026-03-09 16:47:00,2.98,Premium,619.16,547.1,50.23
Catania,Genova,2026-09-02 16:19:00,2.18,Express,1044.08,924.7,50.34
Verona,Genova,2026-08-30 07:25:00,8.35,Express,254.79,198.5,51.37
Roma,Perugia,2026-04-23 16:34:00,5.25,Premium,183.24,134.8,49.83
Sassari,Bologna,2026-02-12 18:13:00,3.74,Express,561.32,475.9,44.26
Sassari,Bologna,2026-03-23 10:47:00,2.39,Premium,539.73,475.9,44.78
Verona,Firenze,2026-09-17 19:48:00,3.78,Express,237.98,186.8,48.08
Bologna,Verona,2026-07-03 07:16:00,2.95,Premium,150.19,109.2,43.81
Torino,Cagliari,2026-01-21 09:30:00,1.88,Premium,762.41,661.1,47.4
Bari,Trapani,2026-07-16 20:14:00,3.28,Premium,597.13,506.4,45.65
Napoli,Reggio Calabria,2026-02-10 18:58:00,3.61,Premium,412.46,326.9,57.54
Perugia,Trapani,2026-03-24 17:34:00,2.31,Premium,662.2,566.1,44.59
Lecce,Sassari,2026-05-12 15:27:00,5.65,Express,934.8,812.8,45.08
Bologna,Genova,2026-04-07 09:48:00,7.39,Premium,257.77,191.5,48.5
Cagliari,Sassari,2026-07-10 13:50:00,5.92,Premium,237.3,174.6,49.24
Sassari,Cagliari,2026-02-12 14:55:00,2.47,Express,233.99,174.6,43.2
Genova,Firenze,2026-08-28 08:15:00,5.09,Express,245.23,198.5,49.02
Genova,Catania,2026-06-12 15:19:00,3.17,Express,1055.89,924.7,47.79
Trapani,Bologna,2026-03-25 08:14:00,1.26,Express,850.01,726.4,47.64
Bologna,Bari,2026-09-19 08:45:00,4.8,Express,673.86,586.2,46.58
Trapani,Cagliari,2026-05-11 09:22:00,3.32,Express,389.09,325.7,46.43
Trapani,Bologna,2026-04-24 09:40:00,18.43,Express,856.86,726.4,46.92
Perugia,Lecce,2026-01-06 08:08:00,8.32,Express,671.62,569.2,43.89
Cagliari,Bari,2026-09-29 20:23:00,4.94,Express,787.93,691.3,50.34
Cagliari,Bari,2026-08-20 18:14:00,3.57,Premium,806.45,691.3,50.86
Firenze,Verona,2026-02-18 14:06:00,3.36,Express,237.01,186.8,46.45
Perugia,Bari,2026-09-16 12:09:00,1.49,Express,477.75,430.6,45.76
Cagliari,Bari,2026-08-06 09:40:00,0.89,Express,787.68,691.3,50.51
Napoli,Ancona,2026-04-25 20:17:00,1.63,Premium,378.18,314.1,53.04
Bologna,Torino,2026-09-11 18:09:00,2.9,Premium,372.87,295.2,49.39
Palermo,Napoli,2026-06-02 17:31:00,0.69,Express,366.72,313.4,45.67
Ancona,Sassari,2026-07-07 13:35:00,2.05,Express,602.2,519.8,47.54
Roma,Salerno,2026-02-20 07:23:00,2.52,Express,292.12,233.2,43.51
Bari,Perugia,2026-01-30 15:56:00,2.58,Express,497.85,430.6,49.81
Cagliari,Bari,2026-05-25 13:49:00,1.89,Premium,783.84,691.3,50.93
Cagliari,Salerno,2026-03-31 11:09:00,2.36,Express,592.88,508.1,47.47
Sassari,Ancona,2026-09-26 11:24:00,10.03,Express,622.8,519.8,44.33
Bari,Pescara,2026-01-24 07:48:00,4.77,Express,306.99,266.1,43.65
Milano,Pescara,2026-07-28 19:12:00,2.03,Express,611.49,522.1,44.36
Perugia,Torino,2026-06-14 09:18:00,2.86,Express,522.35,433.9,47.98
Palermo,Genova,2026-08-28 18:23:00,2.94,Express,912.53,791.1,45.66
Reggio Calabria,Pescara,2026-09-30 20:37:00,1.75,Express,555.44,498.9,43.92
Sassari,Milano,2026-08-26 07:38:00,1.75,Express,610.2,528.4,44.6
Lecce,Palermo,2026-04-13 15:43:00,6.09,Express,551.68,482.7,43.2
Sassari,Trapani,2026-07-09 07:56:00,2.24,Premium,520.1,455.8,43.82
Genova,Roma,2026-02-14 18:38:00,1.39,Express,456.6,402.1,46.85
Verona,Milano,2026-05-13 14:06:00,2.91,Express,188.3,140.4,49.64
Palermo,Milano,2026-03-15 07:18:00,3.26,Express,994.04,886.0,43.69
Roma,Reggio Calabria,2026-03-10 17:48:00,0.75,Premium,594.45,499.5,51.3
Torino,Genova,2026-06-05 17:42:00,2.92,Premium,181.15,122.4,50.67
Salerno,Cagliari,2026-02-04 19:56:00,5.51,Premium,609.47,508.1,45.2
Torino,Napoli,2026-06-05 13:47:00,4.11,Express,815.73,711.5,50.09
Palermo,Bari,2026-04-20 20:03:00,14.29,Premium,547.12,449.0,44.08
Ancona,Cagliari,2026-03-04 16:18:00,7.2,Express,707.44,611.3,47.09
Napoli,Milano,2026-06-03 14:21:00,8.27,Premium,758.26,657.4,52.69
Cagliari,Salerno,2026-07-24 12:00:00,21.3,Premium,611.05,508.1,47.14
Torino,Salerno,2026-06-16 11:06:00,5.1,Express,861.74,755.2,45.58
Catania,Firenze,2026-01-25 15:41:00,3.36,Express,869.63,767.6,46.81
Catania,Milano,2026-06-03 17:21:00,5.93,Express,1164.24,1010.7,48.23
Catania,Cagliari,2026-06-20 07:29:00,2.03,Express,642.62,554.0,47.03
Pescara,Salerno,2026-07-06 12:46:00,3.23,Premium,257.21,203.3,46.08
Perugia,Catania,2026-04-27 07:38:00,1.91,Express,747.8,663.3,42.51
Trapani,Salerno,2026-01-26 12:33:00,3.96,Premium,398.75,352.5,45.64
Milano,Sassari,2026-02-04 18:11:00,1.9,Premium,617.3,528.4,46.38
Firenze,Reggio Calabria,2026-04-01 16:40:00,1.85,Express,815.98,729.6,54.1
Ancona,Genova,2026-06-23 08:44:00,4.01,Express,446.0,377.4,50.54
Ancona,Verona,2026-07-21 17:02:00,2.72,Express,351.04,284.9,45.72
Lecce,Reggio Calabria,2026-07-03 07:11:00,0.78,Premium,392.07,330.4,51.54
Trapani,Pescara,2026-03-27 07:10:00,1.08,Express,606.89,513.6,45.21
Palermo,Torino,2026-05-01 19:46:00,1.34,Express,1040.1,904.7,46.43
Torino,Palermo,2026-01-13 07:27:00,1.62,Express,1042.78,904.7,45.32
Bologna,Bari,2026-08-06 10:43:00,4.01,Premium,687.53,586.2,47.07
Bari,Torino,2026-04-07 08:50:00,3.5,Express,1004.54,864.4,49.05
Sassari,Salerno,2026-05-20 15:09:00,6.32,Express,603.43,523.4,41.81
Bologna,Catania,2026-05-03 14:18:00,5.08,Premium,947.17,837.3,43.79
Bari,Genova,2026-03-20 18:44:00,6.35,Express,859.47,743.8,48.23
Milano,Salerno,2026-02-15 20:49:00,4.59,Express,795.51,698.2,44.35
Trapani,Catania,2026-09-18 17:26:00,3.47,Express,283.82,231.2,44.95
Reggio Calabria,Napoli,2026-02-02 13:32:00,6.48,Express,378.9,326.9,48.29
Bari,Reggio Calabria,2026-09-15 07:39:00,5.71,Express,418.31,350.6,50.96
Sassari,Reggio Calabria,2026-01-31 19:54:00,3.9,Express,770.61,674.8,49.17
Sassari,Trapani,2026-01-27 14:51:00,7.3,Express,518.06,455.8,43.16
Sassari,Bologna,2026-09-04 10:02:00,0.58,Express,534.44,475.9,44.39
Trapani,Firenze,2026-09-16 14:35:00,2.45,Express,737.86,648.5,46.31
Catania,Verona,2026-09-02 12:29:00,2.42,Express,1060.04,945.3,45.46
Verona,Perugia,2026-07-31 11:54:00,6.72,Express,337.17,282.0,52.86
Genova,Catania,2026-05-15 13:20:00,9.01,Premium,1069.96,924.7,48.0
Sassari,Firenze,2026-01-30 17:32:00,1.09,Premium,491.31,404.0,43.55
Perugia,Genova,2026-06-11 09:17:00,8.06,Express,381.47,313.2,47.05
Salerno,Perugia,2026-05-22 20:29:00,1.32,Premium,383.45,334.4,50.11
Pescara,Firenze,2026-07-20 07:52:00,1.35,Premium,331.43,280.9,47.23
Pescara,Firenze,2026-01-10 09:03:00,2.55,Express,347.54,280.9,46.72
Pescara,Milano,2026-01-22 16:28:00,2.4,Premium,615.55,522.1,48.71
Salerno,Pescara,2026-06-10 09:01:00,1.01,Premium,265.97,203.3,44.06
Roma,Cagliari,2026-08-22 17:53:00,4.73,Express,502.61,412.6,44.65
Bologna,Pescara,2026-09-12 17:17:00,4.83,Express,408.82,323.4,43.5
Sassari,Trapani,2026-06-05 13:01:00,6.27,Express,527.02,455.8,43.2
Palermo,Bologna,2026-04-11 13:21:00,2.21,Express,840.14,728.1,43.48
Genova,Torino,2026-05-09 20:59:00,2.92,Premium,157.75,122.4,53.76
Palermo,Reggio Calabria,2026-05-19 18:07:00,2.94,Express,265.21,200.3,48.36
Verona,Pescara,2026-06-19 15:50:00,9.78,Express,504.13,419.7,46.67
Torino,Reggio Calabria,2026-03-04 08:58:00,0.41,Express,1139.26,1017.4,53.03
Sassari,Perugia,2026-04-17 15:15:00,1.54,Premium,474.29,412.8,48.44
Napoli,Reggio Calabria,2026-05-28 07:33:00,3.01,Express,371.49,326.9,57.11
Salerno,Pescara,2026-08-21 10:31:00,1.4,Premium,233.21,203.3,44.05
Lecce,Bari,2026-08-08 16:46:00,2.5,Express,180.01,139.0,46.73
Reggio Calabria,Salerno,2026-07-25 12:42:00,2.75,Express,366.26,295.6,43.98
Pescara,Milano,2026-02-28 20:55:00,1.89,Express,593.31,522.1,48.28
Catania,Bari,2026-04-21 20:09:00,3.14,Express,506.59,429.6,48.73
Firenze,Milano,2026-06-01 08:19:00,4.66,Express,326.26,248.8,49.32
Bari,Milano,2026-09-22 19:22:00,2.54,Express,907.6,786.3,46.44
Bologna,Bari,2026-04-07 19:06:00,2.18,Express,682.38,586.2,46.69
Milano,Verona,2026-09-08 08:29:00,2.67,Express,185.58,140.4,44.1
Napoli,Catania,2026-07-24 12:23:00,2.98,Premium,452.9,378.1,50.06
Cagliari,Genova,2026-06-23 20:16:00,0.89,Premium,674.54,577.3,52.54
Milano,Roma,2026-07-11 07:14:00,4.14,Express,553.75,476.9,43.11
Pescara,Sassari,2026-08-05 07:49:00,2.19,Premium,594.52,507.6,47.59
Catania,Roma,2026-07-10 14:08:00,7.25,Express,621.92,536.0,44.32
Genova,Salerno,2026-07-03 20:20:00,4.54,Express,710.08,632.9,47.98
Lecce,Catania,2026-04-14 10:54:00,6.81,Express,494.2,413.1,43.33
Palermo,Sassari,2026-04-27 17:49:00,1.48,Express,577.44,504.1,42.63
Lecce,Sassari,2026-06-13 16:42:00,2.31,Premium,932.73,812.8,45.68
Roma,Napoli,2026-08-19 09:02:00,1.26,Express,246.62,188.3,48.04
Genova,Palermo,2026-06-27 11:01:00,1.83,Express,883.31,791.1,47.69
Milano,Ancona,2026-09-27 15:44:00,7.21,Express,461.57,399.5,46.91
Lecce,Salerno,2026-07-05 13:44:00,8.5,Express,368.89,289.7,43.5
Cagliari,Verona,2026-04-22 10:19:00,1.34,Express,804.38,708.5,47.19
Reggio Calabria,Napoli,2026-06-07 09:48:00,2.18,Express,379.26,326.9,48.47
Catania,Palermo,2026-06-20 14:48:00,2.84,Express,210.17,166.4,45.36
Firenze,Napoli,2026-08-25 18:35:00,4.52,Express,481.17,408.7,51.2
Salerno,Bari,2026-03-11 12:46:00,0.88,Express,201.61,183.1,46.68
Trapani,Pescara,2026-03-09 19:57:00,0.98,Premium,612.36,513.6,45.67
Reggio Calabria,Roma,2026-02-25 16:20:00,4.23,Express,568.18,499.5,42.66
Trapani,Salerno,2026-01-16 12:38:00,0.77,Express,411.99,352.5,45.31
Torino,Trapani,2026-07-04 16:53:00,2.19,Express,987.4,881.3,47.09
Napoli,Trapani,2026-09-20 13:17:00,3.36,Express,411.75,348.0,51.22
Salerno,Verona,2026-06-17 17:35:00,4.01,Express,715.58,611.8,43.25
Genova,Palermo,2026-01-17 20:45:00,2.72,Express,870.16,791.1,47.65
Napoli,Pescara,2026-04-10 18:01:00,2.32,Express,234.29,179.1,49.79
Palermo,Pescara,2026-09-04 08:59:00,5.42,Express,575.38,487.9,40.91
Verona,Catania,2026-01-15 08:00:00,3.66,Express,1097.97,945.3,46.77
Sassari,Roma,2026-06-17 18:19:00,1.91,Express,427.93,353.8,40.74
Napoli,Bologna,2026-05-01 18:51:00,3.08,Express,562.68,470.2,52.19
Reggio Calabria,Bari,2026-09-08 14:56:00,3.92,Express,404.35,350.6,46.91
Catania,Milano,2026-05-21 10:25:00,9.99,Express,1146.13,1010.7,48.07
Sassari,Palermo,2026-06-04 19:19:00,5.2,Premium,602.61,504.1,41.92
Perugia,Reggio Calabria,2026-07-17 13:16:00,7.02,Express,712.06,620.2,49.8
Palermo,Napoli,2026-08-13 11:05:00,1.96,Premium,387.59,313.4,46.08
Salerno,Palermo,2026-05-21 12:07:00,2.08,Express,361.32,309.4,43.25
Pescara,Trapani,2026-07-16 11:08:00,2.54,Express,578.25,513.6,47.04
Bari,Genova,2026-08-08 10:57:00,2.71,Express,835.23,743.8,48.38
Firenze,Napoli,2026-05-24 11:33:00,1.48,Premium,485.99,408.7,51.78
Cagliari,Perugia,2026-07-15 16:26:00,7.28,Express,593.9,511.8,53.24
Roma,Napoli,2026-04-10 07:13:00,5.57,Express,231.32,188.3,47.86
Ancona,Verona,2026-04-07 12:04:00,2.42,Express,346.77,284.9,45.73
Catania,Verona,2026-01-01 09:22:00,4.7,Express,1076.22,945.3,45.36
Perugia,Palermo,2026-07-02 16:04:00,3.51,Premium,629.09,560.9,42.75
Reggio Calabria,Napoli,2026-03-10 20:55:00,4.97,Express,378.12,326.9,48.35
Palermo,Perugia,2026-08-11 18:01:00,1.17,Express,655.35,560.9,47.15
Torino,Cagliari,2026-09-17 10:29:00,2.71,Express,752.08,661.1,46.91
Trapani,Milano,2026-08-28 14:11:00,2.88,Express,974.18,872.5,47.82
Bologna,Catania,2026-03-17 07:16:00,4.64,Premium,970.42,837.3,43.81
Verona,Bologna,2026-06-27 12:46:00,1.93,Premium,145.82,109.2,49.89
Pescara,Bari,2026-07-25 10:53:00,0.52,Premium,320.37,266.1,49.17
Pescara,Perugia,2026-05-19 14:01:00,1.41,Express,205.84,165.2,51.67
Bari,Ancona,2026-05-19 12:43:00,2.87,Express,441.88,391.1,46.49
Pescara,Bari,2026-04-30 16:33:00,3.14,Express,319.44,266.1,48.61
Roma,Milano,2026-03-26 14:40:00,9.75,Express,569.62,476.9,45.81
Perugia,Lecce,2026-06-06 20:08:00,4.51,Premium,670.63,569.2,44.5
Bari,Salerno,2026-09-28 07:57:00,3.18,Express,231.48,183.1,43.81
Palermo,Perugia,2026-03-01 20:13:00,2.93,Express,645.7,560.9,47.08
Trapani,Roma,2026-01-13 18:03:00,6.5,Express,499.76,431.4,43.82
Roma,Genova,2026-01-16 16:58:00,1.98,Premium,472.62,402.1,48.54
Bologna,Ancona,2026-06-08 18:33:00,2.72,Express,243.91,199.3,46.35
Verona,Catania,2026-03-15 07:42:00,1.4,Express,1078.24,945.3,46.86
Verona,Perugia,2026-05-06 09:59:00,8.1,Express,364.82,282.0,52.8
Cagliari,Verona,2026-09-17 07:00:00,3.95,Premium,806.59,708.5,47.54
Sassari,Cagliari,2026-01-21 18:10:00,1.83,Express,224.23,174.6,43.23
Milano,Bologna,2026-02-17 11:57:00,2.77,Express,245.5,200.6,46.77
Perugia,Trapani,2026-02-28 12:03:00,4.29,Express,657.47,566.1,44.05
Milano,Verona,2026-05-05 15:32:00,2.52,Premium,166.05,140.4,44.56
Salerno,Cagliari,2026-07-09 12:55:00,2.06,Premium,568.58,508.1,45.34
Verona,Milano,2026-02-20 15:55:00,1.9,Express,175.26,140.4,49.68
Salerno,Pescara,2026-01-30 20:06:00,3.8,Express,222.31,203.3,43.49
Trapani,Cagliari,2026-01-24 11:38:00,2.33,Express,379.94,325.7,46.48
Trapani,Genova,2026-08-07 19:29:00,2.18,Express,894.78,771.8,49.8
Bari,Lecce,2026-01-09 14:27:00,1.18,Express,184.6,139.0,45.29
Firenze,Pescara,2026-06-20 12:15:00,3.17,Express,323.69,280.9,46.69
Roma,Genova,2026-06-07 19:52:00,2.64,Premium,484.37,402.1,48.51
Perugia,Milano,2026-01-28 13:50:00,2.4,Express,431.52,364.9,45.34
Bari,Firenze,2026-05-31 08:47:00,3.45,Express,626.26,547.1,44.87
Bari,Salerno,2026-03-20 11:00:00,5.06,Express,236.24,183.1,43.73
Palermo,Cagliari,2026-05-21 18:50:00,4.9,Express,469.03,387.8,42.26
Pescara,Catania,2026-02-07 14:12:00,4.42,Express,630.78,555.5,45.33
Cagliari,Catania,2026-07-02 14:50:00,2.53,Express,636.76,554.0,47.22
Cagliari,Trapani,2026-08-06 16:32:00,2.02,Express,379.5,325.7,48.87
Bologna,Trapani,2026-01-01 09:43:00,1.44,Express,845.03,726.4,45.12
Perugia,Palermo,2026-05-26 08:17:00,1.98,Express,650.54,560.9,42.36
Ancona,Cagliari,2026-06-26 13:09:00,3.04,Express,702.09,611.3,47.26
Perugia,Salerno,2026-01-01 19:52:00,1.73,Express,395.89,334.4,42.77
Napoli,Milano,2026-07-17 08:46:00,3.21,Express,753.89,657.4,52.44
Napoli,Sassari,2026-05-29 17:03:00,1.53,Express,566.24,480.8,51.38
Reggio Calabria,Lecce,2026-03-25 20:42:00,0.94,Express,375.5,330.4,45.44
Palermo,Verona,2026-05-12 08:21:00,5.32,Express,974.24,837.2,40.68
Roma,Sassari,2026-07-06 08:51:00,2.15,Express,430.26,353.8,44.99
Salerno,Catania,2026-06-25 19:09:00,1.67,Premium,422.71,353.6,43.88
Trapani,Roma,2026-08-01 08:31:00,1.4,Express,508.63,431.4,44.03
Salerno,Firenze,2026-01-10 17:24:00,4.03,Express,522.71,449.4,44.64
Palermo,Genova,2026-08-03 18:09:00,7.85,Express,902.7,791.1,45.45
Napoli,Firenze,2026-01-10 11:23:00,2.26,Premium,471.54,408.7,51.41
Catania,Reggio Calabria,2026-06-27 11:04:00,2.58,Express,108.47,82.9,53.03
Perugia,Firenze,2026-04-06 14:18:00,6.35,Premium,168.53,117.7,44.1
Bologna,Pescara,2026-01-18 14:05:00,0.84,Express,375.04,323.4,43.67
Trapani,Perugia,2026-07-07 19:02:00,11.89,Premium,690.94,566.1,51.28
Sassari,Salerno,2026-05-31 15:17:00,16.6,Express,609.63,523.4,41.39
Bologna,Verona,2026-07-01 20:33:00,0.45,Express,134.2,109.2,43.45
Salerno,Ancona,2026-04-13 10:21:00,2.8,Express,417.49,342.8,46.29
Bologna,Verona,2026-03-17 10:56:00,1.81,Express,120.7,109.2,43.4
Roma,Bologna,2026-06-20 10:22:00,2.49,Premium,355.83,302.9,46.32
Bari,Palermo,2026-02-28 16:06:00,2.24,Premium,511.52,449.0,43.91
Napoli,Genova,2026-08-10 07:28:00,5.3,Express,676.77,589.3,54.31
Reggio Calabria,Pescara,2026-07-06 19:02:00,2.77,Express,582.1,498.9,43.88
Roma,Catania,2026-09-30 17:48:00,1.59,Express,631.97,536.0,43.3
Milano,Torino,2026-01-08 20:50:00,2.66,Express,161.59,125.1,49.68
Trapani,Milano,2026-06-09 20:25:00,4.3,Express,978.86,872.5,47.76
Salerno,Trapani,2026-06-02 07:59:00,1.31,Express,403.71,352.5,45.07
Catania,Genova,2026-08-23 17:28:00,0.95,Express,1053.86,924.7,50.39
Reggio Calabria,Catania,2026-04-26 14:03:00,12.1,Premium,137.65,82.9,43.8
Roma,Lecce,2026-09-13 17:17:00,1.91,Premium,620.42,505.1,45.39
Genova,Palermo,2026-03-07 19:13:00,2.72,Premium,922.08,791.1,48.11
Roma,Reggio Calabria,2026-08-22 15:09:00,2.27,Express,561.28,499.5,50.78
Torino,Sassari,2026-05-23 07:02:00,4.4,Premium,567.61,487.8,47.53
Sassari,Catania,2026-09-15 19:06:00,10.38,Express,786.71,667.2,41.4
Salerno,Genova,2026-03-01 13:07:00,4.5,Express,717.76,632.9,48.1
Pescara,Trapani,2026-03-13 13:25:00,1.04,Express,592.95,513.6,47.1
Firenze,Milano,2026-06-04 15:10:00,1.14,Premium,278.42,248.8,49.92
Salerno,Catania,2026-05-31 19:45:00,2.27,Express,426.79,353.6,43.4
Lecce,Verona,2026-02-10 14:22:00,2.49,Premium,925.61,813.3,43.88
Palermo,Milano,2026-06-27 09:54:00,0.9,Express,1009.75,886.0,43.79
Genova,Verona,2026-04-21 17:15:00,5.32,Premium,278.23,198.5,48.08
Genova,Trapani,2026-02-11 15:51:00,1.4,Express,863.07,771.8,49.5
Cagliari,Trapani,2026-05-20 07:55:00,8.53,Premium,400.38,325.7,49.06
Verona,Perugia,2026-07-10 14:27:00,10.73,Express,353.4,282.0,52.69
Bologna,Salerno,2026-01-09 17:59:00,2.52,Express,598.1,508.2,43.69
Bari,Verona,2026-09-09 19:22:00,4.08,Express,768.97,675.9,43.45
Trapani,Firenze,2026-06-16 10:57:00,1.27,Express,751.94,648.5,46.36
Perugia,Ancona,2026-03-13 14:18:00,4.64,Express,140.31,107.5,45.32
Milano,Genova,2026-07-24 18:32:00,2.12,Express,157.61,118.5,49.0
Roma,Pescara,2026-08-19 15:10:00,1.4,Express,186.16,154.0,43.47
Lecce,Palermo,2026-09-19 12:52:00,2.45,Premium,556.19,482.7,43.81
Bologna,Bari,2026-08-04 09:34:00,2.17,Express,670.72,586.2,46.69
Roma,Perugia,2026-02-25 07:36:00,2.39,Premium,178.07,134.8,49.95
Cagliari,Lecce,2026-02-14 16:39:00,5.83,Express,885.86,783.1,48.72
Perugia,Palermo,2026-02-26 20:29:00,1.73,Express,648.48,560.9,42.37
Trapani,Perugia,2026-08-28 15:24:00,10.11,Premium,672.37,566.1,51.36
Trapani,Pescara,2026-03-25 17:55:00,1.19,Express,616.73,513.6,45.2
Lecce,Milano,2026-04-01 16:28:00,9.29,Express,1055.84,925.2,46.07
Salerno,Milano,2026-09-01 11:52:00,1.47,Express,785.92,698.2,46.28
Pescara,Reggio Calabria,2026-02-25 14:19:00,3.0,Express,560.09,498.9,52.89
Napoli,Roma,2026-04-22 10:46:00,2.13,Express,250.3,188.3,48.63
Bologna,Sassari,2026-03-22 10:07:00,2.36,Express,551.95,475.9,45.16
Lecce,Genova,2026-03-24 15:14:00,5.26,Premium,1004.28,882.3,48.64
Reggio Calabria,Milano,2026-06-12 16:02:00,8.57,Express,1130.68,976.4,46.33
Verona,Genova,2026-07-22 20:49:00,6.9,Express,260.51,198.5,51.43
Ancona,Palermo,2026-03-14 10:18:00,2.26,Express,682.57,611.7,45.66
Roma,Bologna,2026-01-11 11:03:00,3.41,Express,347.19,302.9,45.82
Sassari,Milano,2026-06-24 09:19:00,1.74,Express,616.43,528.4,44.6
Verona,Cagliari,2026-05-30 20:16:00,1.5,Premium,798.72,708.5,48.79
Milano,Palermo,2026-06-29 17:56:00,1.34,Express,1013.54,886.0,44.08
Bologna,Torino,2026-05-03 11:37:00,2.21,Express,351.42,295.2,48.96
Firenze,Verona,2026-08-01 20:33:00,3.57,Premium,219.21,186.8,46.9
Torino,Milano,2026-06-20 16:51:00,0.79,Express,156.16,125.1,48.36
Torino,Bari,2026-07-26 13:40:00,2.9,Express,989.46,864.4,48.65
Pescara,Catania,2026-07-19 12:20:00,8.67,Express,647.22,555.5,45.15
Bologna,Lecce,2026-05-16 14:58:00,6.58,Express,827.65,725.0,44.92
Bologna,Salerno,2026-03-30 08:11:00,1.99,Express,588.92,508.2,43.71
Napoli,Verona,2026-06-08 09:24:00,1.13,Premium,684.41,575.5,50.06
Perugia,Lecce,2026-06-23 20:06:00,4.14,Express,642.91,569.2,44.06
Ancona,Cagliari,2026-06-06 09:53:00,0.59,Express,707.57,611.3,47.36
Reggio Calabria,Ancona,2026-05-24 09:17:00,6.53,Express,744.23,638.3,46.49
Palermo,Verona,2026-04-04 19:02:00,2.58,Premium,977.38,837.2,41.26
Ancona,Genova,2026-02-06 20:13:00,10.81,Express,445.67,377.4,50.26
Bari,Bologna,2026-04-27 18:27:00,0.9,Premium,682.74,586.2,46.71
Napoli,Cagliari,2026-08-29 08:26:00,5.7,Express,548.18,474.3,50.97
Roma,Firenze,2026-07-15 18:44:00,2.8,Premium,300.87,231.6,45.03
Sassari,Reggio Calabria,2026-07-26 10:44:00,2.38,Express,762.15,674.8,49.23
Milano,Torino,2026-07-21 07:09:00,1.15,Express,148.15,125.1,49.74
Firenze,Roma,2026-09-09 19:53:00,4.55,Express,284.45,231.6,45.47
Verona,Reggio Calabria,2026-03-03 10:44:00,4.82,Premium,1037.4,901.6,54.68
Napoli,Bari,2026-07-16 16:13:00,10.47,Express,265.44,220.3,52.52
Genova,Ancona,2026-01-19 08:01:00,6.08,Express,446.26,377.4,50.59
Milano,Bari,2026-03-08 09:39:00,1.98,Express,910.65,786.3,47.43
Ancona,Trapani,2026-01-09 19:19:00,1.49,Express,726.48,628.1,47.48
Genova,Perugia,2026-04-28 15:17:00,1.15,Premium,382.26,313.2,54.55
Palermo,Sassari,2026-02-08 20:58:00,8.41,Premium,589.09,504.1,42.8
Trapani,Ancona,2026-04-16 09:31:00,1.74,Express,728.5,628.1,47.94
Roma,Ancona,2026-02-06 19:28:00,8.46,Express,274.02,208.6,45.94
Salerno,Sassari,2026-01-10 19:14:00,4.33,Express,626.91,523.4,45.02
Palermo,Bologna,2026-05-11 19:56:00,3.78,Premium,862.69,728.1,43.87
Bologna,Cagliari,2026-04-23 07:41:00,2.42,Express,713.49,614.1,44.92
Lecce,Palermo,2026-04-24 08:27:00,4.76,Express,565.19,482.7,43.26
Verona,Pescara,2026-04-05 14:25:00,2.97,Express,473.97,419.7,46.95
Ancona,Catania,2026-04-22 08:37:00,2.32,Express,808.18,692.2,45.82
Torino,Milano,2026-01-02 07:53:00,4.88,Express,176.14,125.1,48.19
Reggio Calabria,Perugia,2026-05-11 18:21:00,2.71,Express,732.83,620.2,49.95
Firenze,Milano,2026-08-20 16:43:00,1.72,Premium,302.13,248.8,49.9
Salerno,Lecce,2026-02-08 18:48:00,4.57,Express,361.06,289.7,44.94
Sassari,Bari,2026-02-09 20:06:00,2.87,Express,804.7,699.2,44.94
Ancona,Napoli,2026-08-01 08:59:00,4.22,Express,381.86,314.1,50.46
Bologna,Sassari,2026-05-17 18:38:00,2.18,Express,558.98,475.9,45.17
Reggio Calabria,Pescara,2026-03-12 07:36:00,1.29,Express,573.2,498.9,43.94
Verona,Torino,2026-08-03 12:12:00,10.11,Express,313.89,261.5,52.0
Ancona,Bologna,2026-03-30 11:09:00,8.86,Premium,250.83,199.3,48.59
Reggio Calabria,Ancona,2026-06-15 10:19:00,5.57,Express,726.52,638.3,46.53
Bologna,Palermo,2026-06-01 17:03:00,2.29,Premium,831.4,728.1,43.76
Reggio Calabria,Cagliari,2026-02-16 08:41:00,2.43,Express,677.61,580.1,45.22
Pescara,Perugia,2026-07-26 18:19:00,7.9,Express,219.97,165.2,51.4
Bari,Trapani,2026-06-18 19:13:00,2.34,Express,601.79,506.4,45.23
Reggio Calabria,Genova,2026-02-26 16:19:00,1.93,Express,1028.44,897.2,48.56
Torino,Palermo,2026-07-26 08:08:00,11.12,Premium,1067.18,904.7,45.39
Torino,Reggio Calabria,2026-06-19 15:21:00,2.9,Express,1164.95,1017.4,52.93
Ancona,Cagliari,2026-08-22 15:48:00,10.35,Express,700.21,611.3,46.96
Catania,Torino,2026-08-12 12:13:00,1.13,Express,1161.73,1042.5,51.09
Catania,Napoli,2026-03-28 12:08:00,4.31,Express,448.83,378.1,50.17
Napoli,Sassari,2026-09-13 13:34:00,12.79,Premium,587.24,480.8,51.37
Bologna,Reggio Calabria,2026-01-10 20:56:00,3.06,Express,916.77,795.3,50.93
Torino,Bologna,2026-04-02 07:03:00,2.49,Express,352.57,295.2,48.03
Salerno,Roma,2026-06-15 14:07:00,1.32,Premium,264.09,233.2,42.88
Sassari,Cagliari,2026-05-26 11:26:00,6.4,Premium,230.2,174.6,43.49
Cagliari,Perugia,2026-03-03 14:40:00,1.75,Premium,599.83,511.8,53.93
Ancona,Verona,2026-02-24 07:03:00,2.81,Express,349.28,284.9,45.72
Trapani,Verona,2026-08-02 19:51:00,1.26,Express,968.95,835.0,44.97
Firenze,Torino,2026-08-28 13:23:00,8.92,Express,391.25,317.5,51.8
Reggio Calabria,Napoli,2026-07-05 20:34:00,6.73,Express,380.41,326.9,48.28
Trapani,Perugia,2026-05-25 09:09:00,2.93,Express,651.13,566.1,51.2
Ancona,Genova,2026-07-31 15:10:00,1.34,Express,442.63,377.4,50.65
Ancona,Trapani,2026-03-07 16:31:00,8.79,Express,716.17,628.1,47.18
Ancona,Napoli,2026-09-22 18:08:00,2.32,Express,395.27,314.1,50.53
Cagliari,Salerno,2026-02-04 07:07:00,1.38,Express,565.62,508.1,47.51
Bari,Lecce,2026-06-09 15:53:00,0.87,Express,177.44,139.0,45.3
Sassari,Roma,2026-04-04 09:04:00,1.91,Express,424.17,353.8,40.74
Pescara,Catania,2026-09-04 12:59:00,1.08,Express,632.76,555.5,45.47
Verona,Roma,2026-03-08 07:44:00,1.94,Premium,471.35,411.9,46.28
Sassari,Ancona,2026-06-25 07:48:00,5.05,Express,580.48,519.8,44.53
Verona,Bologna,2026-02-12 17:43:00,2.31,Express,147.44,109.2,49.41
Catania,Lecce,2026-02-19 17:02:00,3.85,Express,487.64,413.1,47.12
Firenze,Napoli,2026-04-24 19:32:00,1.81,Express,495.95,408.7,51.31
Sassari,Roma,2026-08-07 16:48:00,3.14,Express,405.99,353.8,40.69
Catania,Lecce,2026-03-17 15:20:00,11.51,Express,496.8,413.1,46.8
Bari,Ancona,2026-07-09 08:38:00,2.35,Premium,460.17,391.1,46.97
Reggio Calabria,Genova,2026-06-05 17:42:00,3.93,Express,1035.64,897.2,48.47
Sassari,Milano,2026-09-24 10:13:00,1.0,Express,582.27,528.4,44.63
Verona,Palermo,2026-03-24 08:29:00,8.69,Premium,999.24,837.2,46.86
Trapani,Pescara,2026-03-08 17:14:00,2.15,Express,597.5,513.6,45.16
Bologna,Catania,2026-09-04 15:13:00,6.26,Express,927.74,837.3,43.29
Salerno,Pescara,2026-04-01 09:05:00,2.75,Express,250.87,203.3,43.53
Sassari,Pescara,2026-02-28 14:41:00,4.6,Premium,582.1,507.6,42.25
Reggio Calabria,Salerno,2026-08-13 16:40:00,4.8,Express,345.09,295.6,43.89
Sassari,Palermo,2026-08-10 13:59:00,2.19,Express,575.71,504.1,41.58
Sassari,Bologna,2026-01-18 17:03:00,6.44,Premium,563.82,475.9,44.61
Milano,Catania,2026-08-22 14:03:00,1.76,Express,1130.52,1010.7,44.22
Ancona,Roma,2026-06-22 11:56:00,5.17,Premium,250.94,208.6,45.15
Napoli,Ancona,2026-03-18 10:07:00,2.28,Express,376.68,314.1,52.55
Catania,Bologna,2026-05-27 10:36:00,3.83,Express,964.05,837.3,48.07
Bologna,Torino,2026-03-07 18:19:00,2.17,Express,353.7,295.2,48.96
Bologna,Napoli,2026-02-16 12:13:00,3.11,Premium,549.99,470.2,48.6
Reggio Calabria,Pescara,2026-02-06 17:01:00,1.41,Express,573.14,498.9,43.94
Palermo,Pescara,2026-02-15 12:01:00,3.57,Express,561.21,487.9,40.99
Palermo,Reggio Calabria,2026-06-09 14:21:00,3.09,Premium,252.53,200.3,48.81
Roma,Catania,2026-08-10 15:29:00,2.06,Express,612.46,536.0,43.28
Palermo,Cagliari,2026-05-13 13:41:00,2.89,Premium,462.23,387.8,42.8
Pescara,Ancona,2026-01-05 17:24:00,3.3,Express,192.31,140.6,48.29
Bari,Torino,2026-04-28 19:56:00,1.95,Express,980.81,864.4,49.12
Torino,Catania,2026-07-23 19:03:00,2.74,Premium,1209.4,1042.5,45.89
Milano,Perugia,2026-08-17 19:53:00,1.48,Premium,440.54,364.9,50.91
Cagliari,Napoli,2026-07-20 07:25:00,15.5,Express,583.05,474.3,51.4
Sassari,Cagliari,2026-04-11 17:37:00,6.3,Premium,239.6,174.6,43.5
Roma,Milano,2026-06-27 17:10:00,3.63,Premium,587.07,476.9,46.52
Bari,Perugia,2026-01-19 12:46:00,6.81,Premium,523.44,430.6,50.09
Cagliari,Salerno,2026-04-22 11:23:00,0.75,Express,583.99,508.1,47.54
Ancona,Bologna,2026-05-27 07:44:00,0.5,Express,230.92,199.3,48.48
Firenze,Sassari,2026-01-08 18:44:00,2.27,Express,473.32,404.0,48.29
Bari,Perugia,2026-01-04 18:45:00,1.14,Express,510.51,430.6,49.87
Roma,Trapani,2026-08-07 08:03:00,2.54,Express,512.63,431.4,44.9
Palermo,Milano,2026-03-02 15:08:00,3.46,Express,999.79,886.0,43.68
Verona,Catania,2026-02-04 14:42:00,5.71,Express,1083.21,945.3,46.68
Roma,Pescara,2026-06-11 09:24:00,1.35,Express,201.57,154.0,43.47
Pescara,Trapani,2026-03-18 14:40:00,3.97,Express,601.03,513.6,46.98
Palermo,Genova,2026-09-25 18:21:00,3.03,Express,901.76,791.1,45.65
Bari,Ancona,2026-09-16 11:34:00,3.83,Express,466.3,391.1,46.45
Bari,Genova,2026-08-13 17:09:00,2.09,Premium,869.58,743.8,48.86
Pescara,Trapani,2026-03-24 20:35:00,7.9,Express,610.51,513.6,46.82
Ancona,Palermo,2026-08-27 13:22:00,2.79,Express,709.65,611.7,45.64
Ancona,Verona,2026-03-11 08:29:00,10.39,Express,359.27,284.9,45.4
Catania,Palermo,2026-03-07 11:09:00,1.73,Express,198.85,166.4,45.41
Torino,Ancona,2026-09-23 08:54:00,5.05,Express,598.63,490.7,48.25
Napoli,Torino,2026-07-04 11:56:00,2.88,Premium,812.01,711.5,55.57
Roma,Salerno,2026-01-24 16:01:00,2.38,Express,283.13,233.2,43.52
Milano,Roma,2026-08-31 09:50:00,4.67,Express,561.11,476.9,43.09
Cagliari,Verona,2026-02-13 14:12:00,2.43,Express,788.19,708.5,47.14
Lecce,Cagliari,2026-07-05 20:58:00,0.47,Premium,878.52,783.1,45.52
Bari,Trapani,2026-04-30 10:42:00,0.35,Premium,590.25,506.4,45.77
Salerno,Catania,2026-01-05 19:19:00,7.31,Premium,445.83,353.6,43.65
Cagliari,Verona,2026-08-04 11:15:00,7.1,Express,817.91,708.5,46.95
Lecce,Cagliari,2026-07-07 15:35:00,11.24,Premium,921.41,783.1,45.08
Verona,Perugia,2026-08-30 09:11:00,2.96,Express,346.72,282.0,53.02
Perugia,Salerno,2026-06-17 10:45:00,1.21,Express,381.57,334.4,42.79
Napoli,Bari,2026-07-26 19:08:00,2.24,Premium,286.07,220.3,53.32
Palermo,Bari,2026-09-05 15:15:00,3.02,Express,518.1,449.0,44.08
Salerno,Sassari,2026-09-24 14:58:00,1.48,Premium,601.01,523.4,45.6
Firenze,Bari,2026-06-03 14:09:00,9.51,Express,642.83,547.1,49.5
Pescara,Milano,2026-01-05 10:25:00,14.39,Express,618.43,522.1,47.76
Torino,Trapani,2026-04-05 20:00:00,4.19,Express,992.48,881.3,47.0
Perugia,Pescara,2026-06-19 12:30:00,2.98,Premium,209.22,165.2,43.08
Milano,Napoli,2026-01-30 07:09:00,1.21,Express,762.41,657.4,48.96
Bologna,Milano,2026-02-01 19:41:00,8.86,Premium,281.96,200.6,46.48
Catania,Pescara,2026-04-18 07:39:00,3.16,Express,636.83,555.5,45.66
Trapani,Perugia,2026-09-06 19:24:00,2.45,Premium,665.27,566.1,51.67
Palermo,Bologna,2026-03-29 10:43:00,4.2,Express,813.93,728.1,43.4
Genova,Cagliari,2026-09-13 07:58:00,1.99,Express,674.64,577.3,49.31
Milano,Reggio Calabria,2026-08-08 10:05:00,3.32,Express,1113.24,976.4,51.66
Perugia,Roma,2026-03-24 16:09:00,1.09,Express,174.99,134.8,41.54
Palermo,Roma,2026-03-05 14:38:00,6.42,Express,476.93,426.6,39.71
Reggio Calabria,Bari,2026-08-14 09:08:00,2.79,Express,422.17,350.6,46.95
Firenze,Roma,2026-07-26 11:12:00,6.75,Express,279.15,231.6,45.38
Pescara,Roma,2026-06-22 09:57:00,2.61,Premium,216.91,154.0,44.85
Milano,Cagliari,2026-09-25 16:08:00,2.73,Express,786.56,693.9,45.65
Trapani,Sassari,2026-01-28 19:05:00,1.28,Premium,541.05,455.8,47.21
Cagliari,Palermo,2026-04-16 10:34:00,5.11,Express,460.8,387.8,46.96
Bologna,Napoli,2026-06-14 19:31:00,1.63,Premium,549.21,470.2,48.66
Napoli,Roma,2026-01-20 12:42:00,2.13,Express,222.63,188.3,48.63
Palermo,Lecce,2026-09-24 08:09:00,3.0,Express,570.77,482.7,42.5
Reggio Calabria,Palermo,2026-06-06 11:30:00,3.27,Express,253.89,200.3,43.55
Milano,Genova,2026-03-26 19:14:00,0.91,Express,169.15,118.5,49.05
Trapani,Firenze,2026-03-07 18:19:00,2.55,Express,760.11,648.5,46.31
Napoli,Verona,2026-01-01 17:11:00,5.23,Express,675.88,575.5,49.44
Bologna,Sassari,2026-06-11 12:34:00,2.3,Premium,570.19,475.9,45.62
Bologna,Roma,2026-09-24 17:51:00,2.56,Express,351.04,302.9,42.43
Verona,Ancona,2026-01-10 16:56:00,3.36,Express,354.8,284.9,49.69
Bologna,Lecce,2026-04-24 18:05:00,2.75,Premium,866.18,725.0,45.53
Trapani,Verona,2026-06-30 14:48:00,1.46,Express,950.52,835.0,44.96
Firenze,Cagliari,2026-04-28 14:06:00,2.92,Express,624.35,536.1,48.02
Bari,Lecce,2026-06-27 20:32:00,6.02,Premium,183.12,139.0,45.54
Genova,Catania,2026-07-14 20:15:00,1.44,Premium,1050.5,924.7,48.32
Pescara,Roma,2026-09-21 14:30:00,2.31,Premium,191.52,154.0,44.86
Milano,Napoli,2026-06-14 09:48:00,1.14,Premium,763.68,657.4,49.42
Salerno,Perugia,2026-07-13 12:43:00,5.8,Express,401.77,334.4,49.47
Pescara,Trapani,2026-03-24 14:04:00,2.81,Express,595.1,513.6,47.03
Milano,Palermo,2026-02-11 16:28:00,1.65,Express,1022.84,886.0,44.07
Pescara,Roma,2026-01-28 11:27:00,3.2,Premium,199.96,154.0,44.83
Verona,Bari,2026-01-30 07:38:00,1.29,Premium,761.04,675.9,50.55
Milano,Catania,2026-08-14 18:30:00,1.46,Express,1169.68,1010.7,44.23
Cagliari,Trapani,2026-01-12 20:17:00,1.08,Express,367.27,325.7,48.91
Milano,Torino,2026-05-12 08:09:00,1.42,Express,163.59,125.1,49.73
Sassari,Reggio Calabria,2026-06-17 11:27:00,7.76,Express,780.17,674.8,49.01
Catania,Lecce,2026-07-03 13:04:00,1.8,Premium,488.88,413.1,47.66
Trapani,Cagliari,2026-01-19 17:38:00,4.16,Express,381.65,325.7,46.4
Perugia,Torino,2026-08-23 17:49:00,1.67,Express,502.2,433.9,48.02
Pescara,Salerno,2026-04-30 11:48:00,5.11,Premium,241.78,203.3,46.0
Genova,Catania,2026-01-05 11:22:00,1.46,Express,1051.84,924.7,47.86
Trapani,Perugia,2026-02-06 12:40:00,3.08,Express,661.48,566.1,51.19
Ancona,Pescara,2026-08-23 10:22:00,3.11,Express,161.72,140.6,45.94
Firenze,Napoli,2026-09-15 13:06:00,15.3,Express,503.02,408.7,50.75
Milano,Trapani,2026-07-25 10:40:00,4.66,Express,998.76,872.5,45.73
Napoli,Bologna,2026-04-02 07:50:00,1.98,Express,534.88,470.2,52.24
Napoli,Firenze,2026-09-16 16:59:00,4.85,Express,457.57,408.7,50.84
Bologna,Bari,2026-03-17 18:01:00,13.4,Express,688.75,586.2,46.22
Catania,Reggio Calabria,2026-03-05 11:00:00,0.96,Express,103.59,82.9,53.1
Bari,Pescara,2026-07-28 12:36:00,1.66,Express,329.6,266.1,43.78
Perugia,Verona,2026-03-30 12:38:00,2.54,Premium,338.99,282.0,42.87
Lecce,Palermo,2026-05-22 07:18:00,2.24,Express,545.63,482.7,43.36
Perugia,Cagliari,2026-06-30 14:38:00,2.38,Express,589.7,511.8,43.97
Perugia,Napoli,2026-02-15 13:25:00,1.2,Premium,337.12,295.4,47.72
Roma,Bari,2026-09-10 20:10:00,8.02,Express,448.76,374.0,46.27
Palermo,Reggio Calabria,2026-02-15 12:12:00,1.11,Express,227.49,200.3,48.44
Pescara,Reggio Calabria,2026-09-28 18:07:00,2.61,Premium,584.88,498.9,53.36
Perugia,Torino,2026-03-17 12:28:00,6.24,Express,511.28,433.9,47.84
Reggio Calabria,Genova,2026-04-24 09:35:00,2.94,Express,1046.85,897.2,48.52
Pescara,Genova,2026-03-11 11:52:00,1.51,Premium,578.55,478.2,50.7
Genova,Bari,2026-05-28 19:21:00,1.17,Express,845.8,743.8,51.1
Catania,Milano,2026-01-01 10:35:00,2.55,Express,1136.91,1010.7,48.37
Salerno,Napoli,2026-02-16 18:49:00,1.77,Express,87.1,46.2,48.14
Genova,Salerno,2026-05-22 16:18:00,3.46,Express,736.08,632.9,48.02
Palermo,Salerno,2026-07-09 17:25:00,1.12,Premium,358.77,309.4,41.64
Cagliari,Bologna,2026-09-20 17:32:00,5.3,Express,716.15,614.1,49.69
Milano,Firenze,2026-08-17 14:14:00,3.25,Express,292.43,248.8,45.47
Palermo,Torino,2026-09-09 15:25:00,3.43,Express,1007.17,904.7,46.34
Pescara,Genova,2026-08-07 07:58:00,8.23,Premium,553.28,478.2,50.42
Palermo,Ancona,2026-07-31 16:47:00,2.21,Express,693.33,611.7,43.81
Lecce,Sassari,2026-04-05 16:57:00,1.8,Express,919.36,812.8,45.24
Verona,Roma,2026-09-05 08:27:00,2.04,Express,495.83,411.9,45.82
Palermo,Ancona,2026-09-20 14:15:00,2.62,Express,700.16,611.7,43.79
Sassari,Genova,2026-05-21 14:07:00,2.81,Express,485.6,410.3,46.51
Roma,Sassari,2026-02-02 11:20:00,1.68,Premium,418.9,353.8,45.47
Perugia,Ancona,2026-01-12 07:55:00,0.73,Express,129.51,107.5,45.48
Torino,Milano,2026-05-15 07:08:00,2.03,Express,156.26,125.1,48.3
Bologna,Sassari,2026-06-23 09:55:00,3.86,Express,569.53,475.9,45.1
Trapani,Verona,2026-06-01 10:14:00,3.3,Express,959.04,835.0,44.88
Torino,Firenze,2026-09-02 09:58:00,6.95,Express,389.72,317.5,46.57
Palermo,Reggio Calabria,2026-05-27 15:28:00,11.79,Premium,253.99,200.3,48.45
Roma,Cagliari,2026-06-30 12:53:00,5.1,Express,485.5,412.6,44.64
Palermo,Bologna,2026-07-26 08:34:00,7.9,Premium,857.59,728.1,43.7
Firenze,Lecce,2026-09-02 08:10:00,5.13,Express,810.15,685.9,48.1
Salerno,Torino,2026-06-16 16:10:00,9.93,Express,863.24,755.2,48.58
Catania,Reggio Calabria,2026-06-02 20:05:00,10.96,Express,117.87,82.9,52.68
Genova,Napoli,2026-01-22 18:28:00,5.84,Express,699.1,589.3,52.4
Palermo,Firenze,2026-06-25 17:36:00,4.92,Express,756.53,652.7,42.09
Sassari,Bologna,2026-02-19 11:27:00,2.6,Premium,551.19,475.9,44.77
Lecce,Firenze,2026-04-11 16:51:00,2.91,Premium,799.03,685.9,45.26
Napoli,Cagliari,2026-05-26 08:08:00,2.37,Premium,551.89,474.3,51.56
Ancona,Cagliari,2026-01-23 09:23:00,4.63,Premium,741.77,611.3,47.65
Bologna,Reggio Calabria,2026-07-09 08:57:00,1.81,Express,908.21,795.3,50.98
Bari,Bologna,2026-03-18 09:34:00,2.62,Express,691.96,586.2,46.18
Bari,Ancona,2026-05-21 12:00:00,0.58,Express,450.35,391.1,46.59
Torino,Palermo,2026-04-06 07:36:00,10.02,Premium,1046.01,904.7,45.43
Sassari,Firenze,2026-04-08 18:23:00,2.57,Express,478.15,404.0,43.04
Sassari,Napoli,2026-04-18 17:00:00,4.13,Express,573.99,480.8,46.37
Bari,Bologna,2026-01-14 15:52:00,8.32,Express,676.37,586.2,45.94
Bari,Catania,2026-02-23 09:27:00,3.7,Express,505.16,429.6,43.54
Firenze,Milano,2026-08-03 19:09:00,8.25,Premium,341.93,248.8,49.63
Perugia,Reggio Calabria,2026-02-03 07:05:00,1.26,Express,707.32,620.2,50.04
Genova,Milano,2026-05-16 20:55:00,16.07,Express,162.05,118.5,50.1
Napoli,Palermo,2026-02-08 17:10:00,6.42,Premium,375.0,313.4,49.77
Cagliari,Palermo,2026-05-28 09:50:00,3.47,Express,482.8,387.8,47.02
Roma,Firenze,2026-06-25 09:45:00,8.13,Express,291.97,231.6,44.35
Genova,Firenze,2026-05-09 16:43:00,1.32,Express,256.13,198.5,49.18
Bari,Milano,2026-07-30 18:18:00,2.45,Express,909.38,786.3,46.44
Roma,Ancona,2026-03-14 13:31:00,8.24,Express,258.56,208.6,45.95
Trapani,Reggio Calabria,2026-06-02 07:50:00,0.81,Express,321.62,272.4,52.57
Ancona,Pescara,2026-03-17 13:54:00,4.44,Express,201.09,140.6,45.88
Milano,Genova,2026-05-19 13:42:00,4.35,Express,132.31,118.5,48.91
Sassari,Lecce,2026-01-18 11:33:00,11.91,Express,936.08,812.8,42.97
Roma,Genova,2026-03-15 19:38:00,0.99,Premium,477.63,402.1,48.58
Torino,Reggio Calabria,2026-07-13 11:47:00,9.26,Express,1158.17,1017.4,52.66
Milano,Salerno,2026-08-01 10:24:00,2.03,Express,793.29,698.2,44.45
Lecce,Bologna,2026-03-16 16:28:00,2.19,Express,822.16,725.0,46.11
Roma,Milano,2026-03-12 15:39:00,1.28,Express,549.72,476.9,46.16
Cagliari,Ancona,2026-03-23 15:41:00,1.4,Premium,704.12,611.3,50.64
Catania,Napoli,2026-03-18 14:03:00,3.98,Express,428.89,378.1,50.19
Pescara,Catania,2026-09-29 11:27:00,1.38,Express,639.09,555.5,45.45
Reggio Calabria,Genova,2026-06-27 10:36:00,5.04,Express,1024.66,897.2,48.43
Bologna,Napoli,2026-04-16 08:39:00,1.89,Premium,554.91,470.2,48.65
Palermo,Genova,2026-05-07 09:35:00,1.28,Express,927.57,791.1,45.73
Lecce,Pescara,2026-05-20 15:05:00,2.07,Premium,489.52,405.1,44.13
Palermo,Salerno,2026-05-31 12:41:00,3.8,Express,370.87,309.4,41.07
Verona,Sassari,2026-04-16 17:21:00,2.47,Express,661.8,559.6,48.53
Bari,Ancona,2026-09-24 18:15:00,3.07,Express,467.47,391.1,46.48
Verona,Lecce,2026-03-21 14:49:00,4.88,Express,935.38,813.3,48.36
Milano,Sassari,2026-04-27 08:27:00,6.4,Express,640.45,528.4,45.73
Salerno,Palermo,2026-01-02 07:03:00,2.41,Express,371.42,309.4,43.24
Milano,Catania,2026-05-15 10:11:00,1.44,Express,1135.51,1010.7,44.23
Genova,Perugia,2026-08-22 10:57:00,3.16,Express,365.33,313.2,54.01
Salerno,Bologna,2026-09-30 08:01:00,4.17,Express,604.61,508.2,45.91
Reggio Calabria,Ancona,2026-05-10 17:54:00,1.08,Express,744.18,638.3,46.71
Bologna,Pescara,2026-02-08 12:08:00,1.61,Express,373.92,323.4,43.64
Roma,Palermo,2026-07-16 17:23:00,1.81,Express,499.1,426.6,43.14
Salerno,Pescara,2026-06-24 09:55:00,2.59,Express,273.65,203.3,43.54
Lecce,Genova,2026-09-19 07:08:00,1.76,Express,985.23,882.3,48.33
Trapani,Torino,2026-05-18 08:55:00,4.92,Express,1005.21,881.3,50.4
Pescara,Milano,2026-01-01 13:35:00,0.98,Express,584.25,522.1,48.32
Genova,Roma,2026-09-03 13:42:00,0.99,Express,454.84,402.1,46.87
Ancona,Bologna,2026-07-04 13:07:00,2.37,Express,250.43,199.3,48.41
Reggio Calabria,Bari,2026-08-07 20:25:00,2.65,Premium,429.36,350.6,47.42
Catania,Salerno,2026-02-02 16:07:00,1.08,Express,409.73,353.6,45.84
Salerno,Sassari,2026-05-05 17:14:00,1.96,Express,617.45,523.4,45.12
Palermo,Trapani,2026-05-06 08:44:00,2.27,Express,112.01,72.6,42.52
Napoli,Genova,2026-03-15 13:31:00,2.28,Premium,666.28,589.3,54.89
Cagliari,Ancona,2026-08-20 15:41:00,3.34,Premium,729.45,611.3,50.56
Roma,Verona,2026-02-21 15:11:00,1.89,Premium,494.27,411.9,43.67
Cagliari,Pescara,2026-01-20 20:15:00,8.44,Express,653.76,559.4,47.13
Milano,Catania,2026-03-05 13:39:00,4.22,Express,1136.82,1010.7,44.11
Sassari,Salerno,2026-09-28 12:12:00,1.71,Express,597.86,523.4,42.0
Trapani,Lecce,2026-01-31 20:13:00,3.21,Express,621.91,549.9,46.6
Verona,Firenze,2026-06-08 11:43:00,3.27,Premium,236.47,186.8,48.55
Verona,Salerno,2026-02-19 14:58:00,7.02,Express,709.36,611.8,46.87
Perugia,Salerno,2026-04-18 07:23:00,1.97,Express,384.05,334.4,42.76
Catania,Palermo,2026-05-31 09:19:00,5.13,Premium,210.06,166.4,45.73
Sassari,Pescara,2026-01-06 07:48:00,3.09,Express,605.92,507.6,41.85
Sassari,Firenze,2026-03-07 12:50:00,8.52,Premium,484.08,404.0,43.25
Verona,Trapani,2026-06-10 20:02:00,7.41,Express,959.44,835.0,48.24
Reggio Calabria,Verona,2026-01-04 07:59:00,3.44,Express,1015.74,901.6,43.62
Bologna,Verona,2026-05-16 20:39:00,2.5,Express,122.42,109.2,43.37
Palermo,Roma,2026-06-14 19:09:00,4.28,Express,504.64,426.6,39.8
Milano,Ancona,2026-02-28 07:04:00,2.64,Express,457.57,399.5,47.1
Sassari,Lecce,2026-02-14 07:12:00,9.73,Express,937.76,812.8,43.06
Lecce,Milano,2026-05-14 19:36:00,3.17,Express,1069.84,925.2,46.32
Genova,Verona,2026-07-16 15:11:00,2.26,Express,247.64,198.5,47.75
Bari,Palermo,2026-01-04 09:26:00,2.17,Premium,544.01,449.0,43.91
Sassari,Palermo,2026-04-03 20:21:00,1.28,Express,596.03,504.1,41.62
Salerno,Bologna,2026-09-30 14:51:00,4.43,Express,591.16,508.2,45.9
Ancona,Salerno,2026-04-02 15:53:00,1.69,Express,410.37,342.8,46.09
Milano,Genova,2026-04-01 16:29:00,6.47,Premium,169.35,118.5,49.27
Napoli,Bari,2026-07-21 09:49:00,1.21,Premium,262.58,220.3,53.36
Napoli,Verona,2026-05-12 12:01:00,3.28,Premium,665.78,575.5,49.97
Trapani,Cagliari,2026-04-17 08:48:00,6.71,Premium,398.25,325.7,46.75
Cagliari,Ancona,2026-08-03 14:24:00,0.67,Express,698.58,611.3,50.21
Genova,Bari,2026-01-09 20:49:00,12.32,Express,853.01,743.8,50.64
Cagliari,Napoli,2026-07-14 15:47:00,2.23,Express,552.45,474.3,51.95
Catania,Bologna,2026-04-14 16:41:00,3.31,Premium,968.07,837.3,48.55
Trapani,Sassari,2026-08-31 09:42:00,4.48,Express,553.2,455.8,46.62
Trapani,Palermo,2026-07-17 14:35:00,4.99,Express,120.39,72.6,44.74
Ancona,Genova,2026-09-14 20:55:00,3.63,Premium,430.97,377.4,51.01
Pescara,Ancona,2026-02-05 08:14:00,6.03,Premium,188.33,140.6,48.63
Catania,Napoli,2026-02-21 09:51:00,4.31,Premium,487.8,378.1,50.63
Cagliari,Napoli,2026-09-04 17:04:00,10.29,Express,580.57,474.3,51.61
Firenze,Verona,2026-04-17 07:08:00,4.32,Express,232.32,186.8,46.41
Cagliari,Firenze,2026-08-11 09:53:00,11.87,Express,641.77,536.1,48.14
Napoli,Salerno,2026-07-07 20:13:00,5.64,Express,75.18,46.2,49.74
Verona,Ancona,2026-05-17 07:16:00,0.85,Express,311.48,284.9,49.8
Perugia,Bologna,2026-01-13 13:00:00,18.66,Express,230.78,175.1,44.41
Roma,Catania,2026-01-21 11:37:00,2.01,Premium,620.46,536.0,43.74
Napoli,Bari,2026-07-15 12:34:00,8.55,Express,266.43,220.3,52.6
Ancona,Roma,2026-01-27 10:36:00,3.06,Express,246.51,208.6,44.78
Bari,Trapani,2026-01-02 10:51:00,6.31,Premium,620.72,506.4,45.53
Firenze,Verona,2026-03-01 17:39:00,1.85,Express,232.85,186.8,46.52
Catania,Firenze,2026-09-07 07:21:00,4.65,Express,878.61,767.6,46.76
Sassari,Salerno,2026-06-21 08:48:00,2.51,Express,612.73,523.4,41.97
Sassari,Palermo,2026-07-16 10:42:00,9.06,Express,595.55,504.1,41.3
Torino,Ancona,2026-06-28 18:34:00,4.08,Premium,578.57,490.7,48.75
Pescara,Bari,2026-06-04 12:30:00,5.78,Express,332.84,266.1,48.5
Perugia,Palermo,2026-03-11 07:29:00,0.66,Express,644.6,560.9,42.41
Pescara,Milano,2026-04-28 14:17:00,2.83,Premium,594.43,522.1,48.7
Milano,Ancona,2026-05-29 15:46:00,4.0,Express,464.76,399.5,47.04
Reggio Calabria,Trapani,2026-09-27 13:24:00,3.51,Premium,326.25,272.4,45.79
Salerno,Roma,2026-09-03 08:14:00,5.88,Express,293.71,233.2,42.24
Salerno,Palermo,2026-07-21 19:18:00,2.32,Premium,387.3,309.4,43.7
Pescara,Verona,2026-08-11 19:00:00,3.1,Express,505.38,419.7,45.31
Bari,Verona,2026-08-09 19:45:00,6.86,Express,791.45,675.9,43.33
Roma,Verona,2026-07-02 20:29:00,0.61,Premium,484.99,411.9,43.72
Lecce,Firenze,2026-08-14 11:26:00,4.53,Premium,792.78,685.9,45.19
Roma,Torino,2026-01-21 12:54:00,2.37,Express,580.35,524.1,48.78
Palermo,Lecce,2026-01-06 20:26:00,1.58,Express,562.48,482.7,42.56
Torino,Roma,2026-05-02 13:17:00,3.8,Express,605.89,524.1,44.38
Genova,Torino,2026-01-15 19:06:00,7.08,Premium,171.75,122.4,53.59
Trapani,Cagliari,2026-04-03 16:04:00,6.21,Premium,396.98,325.7,46.77
Sassari,Milano,2026-02-24 19:59:00,2.73,Express,625.72,528.4,44.56
Genova,Bologna,2026-09-19 07:08:00,5.54,Express,245.8,191.5,50.28
Napoli,Firenze,2026-06-28 16:53:00,5.51,Express,480.49,408.7,50.82
Palermo,Milano,2026-01-12 18:12:00,2.82,Premium,1026.94,886.0,44.17
Salerno,Torino,2026-06-20 09:46:00,1.85,Express,876.38,755.2,48.92
Reggio Calabria,Torino,2026-07-19 17:17:00,1.92,Express,1155.23,1017.4,49.27
Torino,Lecce,2026-03-30 09:43:00,5.39,Premium,1161.78,1003.1,47.42
Lecce,Genova,2026-08-29 19:40:00,2.91,Express,1003.47,882.3,48.28
Palermo,Bari,2026-09-23 19:43:00,1.44,Express,540.14,449.0,44.15
Milano,Trapani,2026-09-25 07:03:00,0.92,Express,970.75,872.5,45.89
Trapani,Verona,2026-01-26 14:05:00,5.37,Express,959.98,835.0,44.8
Genova,Catania,2026-05-03 12:21:00,2.05,Premium,1050.69,924.7,48.29
Perugia,Cagliari,2026-08-01 19:27:00,3.78,Express,608.97,511.8,43.91
Bologna,Roma,2026-05-01 11:29:00,7.14,Express,355.51,302.9,42.24
Torino,Genova,2026-05-12 17:05:00,1.2,Express,166.68,122.4,50.29
Lecce,Cagliari,2026-03-31 08:38:00,2.91,Express,903.06,783.1,44.96
Genova,Ancona,2026-04-25 09:58:00,2.66,Express,452.61,377.4,50.73
Perugia,Milano,2026-07-09 20:47:00,3.91,Express,416.79,364.9,45.27
Napoli,Lecce,2026-01-07 12:23:00,7.14,Express,404.07,333.9,51.07
Sassari,Perugia,2026-08-07 17:43:00,1.18,Express,469.95,412.8,48.0
Palermo,Catania,2026-07-18 20:32:00,4.47,Premium,204.93,166.4,41.25
Palermo,Roma,2026-02-07 20:30:00,6.18,Express,480.69,426.6,39.72
Bologna,Reggio Calabria,2026-07-30 07:16:00,2.63,Premium,918.85,795.3,51.4
Ancona,Napoli,2026-05-23 10:15:00,2.72,Express,370.12,314.1,50.52
Lecce,Cagliari,2026-03-29 17:00:00,4.02,Express,905.68,783.1,44.92
Verona,Palermo,2026-05-05 19:58:00,3.82,Premium,985.71,837.2,47.06
Trapani,Reggio Calabria,2026-05-22 20:42:00,4.51,Express,322.31,272.4,52.41
Pescara,Lecce,2026-02-27 17:05:00,4.44,Premium,497.81,405.1,47.43
Pescara,Firenze,2026-06-15 08:27:00,1.51,Express,343.09,280.9,46.76
Lecce,Palermo,2026-06-21 17:23:00,6.0,Express,569.47,482.7,43.21
Cagliari,Lecce,2026-04-11 10:48:00,6.79,Express,906.34,783.1,48.68
Ancona,Milano,2026-05-06 18:19:00,3.42,Express,497.79,399.5,48.62
Genova,Lecce,2026-06-18 14:39:00,1.05,Express,993.57,882.3,49.52
Genova,Firenze,2026-05-18 09:34:00,2.77,Express,261.02,198.5,49.12
Cagliari,Roma,2026-04-29 18:48:00,3.44,Express,494.85,412.6,46.17
Firenze,Napoli,2026-09-19 20:50:00,1.35,Express,472.45,408.7,51.33
Ancona,Napoli,2026-08-28 14:05:00,2.33,Premium,378.0,314.1,50.99
Pescara,Reggio Calabria,2026-04-14 18:22:00,1.12,Express,580.64,498.9,52.97
Trapani,Lecce,2026-07-16 07:50:00,4.59,Premium,605.06,549.9,47.0
Reggio Calabria,Bologna,2026-08-10 10:47:00,3.37,Express,920.03,795.3,46.29
Milano,Torino,2026-01-31 08:46:00,0.95,Express,158.53,125.1,49.75
Milano,Bari,2026-06-11 10:58:00,3.84,Express,893.06,786.3,47.36
Genova,Perugia,2026-08-07 12:15:00,2.88,Premium,373.1,313.2,54.48
Bologna,Firenze,2026-01-16 13:02:00,4.31,Express,103.94,80.4,44.69
Perugia,Catania,2026-04-03 11:30:00,2.28,Premium,765.87,663.3,42.95
Perugia,Ancona,2026-08-06 14:37:00,1.71,Express,137.59,107.5,45.44
Ancona,Trapani,2026-09-13 10:04:00,1.75,Express,706.36,628.1,47.47
Milano,Lecce,2026-09-28 11:52:00,2.06,Premium,1055.61,925.2,46.3
Firenze,Genova,2026-06-14 18:45:00,3.04,Premium,256.76,198.5,51.8
Cagliari,Roma,2026-01-12 14:52:00,3.33,Express,488.77,412.6,46.17
Roma,Ancona,2026-01-08 07:22:00,2.63,Premium,245.31,208.6,46.63
Palermo,Perugia,2026-08-10 11:35:00,2.23,Express,634.47,560.9,47.11
Pescara,Napoli,2026-07-20 18:36:00,2.35,Premium,244.77,179.1,50.59
Roma,Perugia,2026-02-22 09:31:00,17.36,Express,194.47,134.8,48.87
Verona,Bologna,2026-02-05 19:54:00,1.75,Express,142.89,109.2,49.44
Sassari,Verona,2026-02-09 11:08:00,2.03,Express,634.92,559.6,41.67
Pescara,Catania,2026-08-28 15:49:00,30.0,Premium,684.2,555.5,44.73
Torino,Reggio Calabria,2026-07-28 13:39:00,4.03,Express,1151.49,1017.4,52.88
Napoli,Roma,2026-09-16 15:45:00,1.14,Express,224.79,188.3,48.67
Verona,Genova,2026-02-01 18:09:00,5.41,Express,243.42,198.5,51.49
Salerno,Bologna,2026-07-09 09:05:00,1.59,Premium,609.74,508.2,46.47
Reggio Calabria,Firenze,2026-09-10 11:55:00,5.67,Express,848.42,729.6,44.92
Trapani,Sassari,2026-05-26 14:57:00,2.59,Express,507.22,455.8,46.7
Palermo,Trapani,2026-07-31 10:38:00,2.21,Express,84.49,72.6,42.53
Roma,Trapani,2026-06-14 12:15:00,9.25,Express,516.29,431.4,44.62
Firenze,Catania,2026-01-02 19:24:00,4.46,Express,903.24,767.6,46.48
Verona,Pescara,2026-04-28 10:12:00,5.93,Express,469.98,419.7,46.83
Pescara,Cagliari,2026-03-13 09:39:00,4.07,Premium,670.82,559.4,47.28
Salerno,Roma,2026-01-23 15:09:00,2.2,Express,294.75,233.2,42.39
Napoli,Milano,2026-06-12 08:23:00,4.6,Express,756.73,657.4,52.38
Torino,Roma,2026-09-11 07:00:00,6.99,Express,624.59,524.1,44.24
Bari,Reggio Calabria,2026-01-15 19:10:00,3.3,Express,420.75,350.6,51.06
Bologna,Verona,2026-03-31 10:52:00,10.59,Express,156.33,109.2,43.03
Palermo,Napoli,2026-07-02 08:41:00,5.44,Premium,384.24,313.4,45.93
Roma,Genova,2026-03-27 16:11:00,3.48,Express,478.03,402.1,48.02
Sassari,Palermo,2026-02-01 13:43:00,3.58,Express,586.78,504.1,41.53
Milano,Cagliari,2026-02-22 13:22:00,3.3,Premium,813.17,693.9,46.09
Pescara,Bologna,2026-01-07 13:08:00,1.25,Express,391.56,323.4,48.05
Perugia,Palermo,2026-09-28 09:02:00,2.82,Express,655.31,560.9,42.32
Verona,Sassari,2026-05-15 19:01:00,3.5,Express,686.11,559.6,48.48
Reggio Calabria,Palermo,2026-09-15 07:01:00,2.24,Express,255.47,200.3,43.6
Milano,Salerno,2026-07-07 13:45:00,3.8,Premium,809.85,698.2,44.84
Verona,Cagliari,2026-04-06 10:47:00,3.05,Premium,804.77,708.5,48.72
Bologna,Milano,2026-09-15 15:59:00,5.16,Express,231.3,200.6,46.18
Verona,Pescara,2026-03-12 14:41:00,4.77,Express,475.08,419.7,46.88
Cagliari,Genova,2026-02-19 12:23:00,3.37,Express,653.18,577.3,51.98
Firenze,Ancona,2026-08-08 14:29:00,1.15,Express,232.12,183.3,49.54
Sassari,Bari,2026-06-01 10:10:00,10.51,Express,813.58,699.2,44.62
Roma,Trapani,2026-04-26 08:50:00,2.72,Express,502.33,431.4,44.89
Verona,Pescara,2026-06-10 19:40:00,2.83,Express,497.27,419.7,46.96
Roma,Firenze,2026-09-22 15:35:00,2.36,Premium,281.26,231.6,45.04
Pescara,Firenze,2026-03-18 16:09:00,2.13,Premium,346.36,280.9,47.19
Genova,Ancona,2026-09-04 20:59:00,8.84,Express,439.76,377.4,50.47
Ancona,Trapani,2026-09-06 19:39:00,7.92,Express,738.28,628.1,47.22
Bologna,Catania,2026-07-27 15:11:00,4.09,Express,955.43,837.3,43.38
Firenze,Salerno,2026-02-12 18:05:00,2.78,Express,523.04,449.4,46.8
Ancona,Catania,2026-01-25 14:23:00,4.63,Express,804.92,692.2,45.72
Palermo,Genova,2026-02-02 10:19:00,3.16,Express,896.75,791.1,45.65
Salerno,Firenze,2026-07-11 15:43:00,2.63,Premium,513.38,449.4,45.15
Verona,Sassari,2026-04-20 19:46:00,3.8,Express,664.01,559.6,48.47
Napoli,Ancona,2026-09-27 19:18:00,2.2,Express,377.88,314.1,52.55
Torino,Lecce,2026-01-02 14:04:00,3.58,Express,1140.03,1003.1,47.04
Verona,Firenze,2026-04-12 20:14:00,3.46,Express,213.93,186.8,48.09
Torino,Firenze,2026-03-14 09:45:00,4.58,Express,392.77,317.5,46.67
Napoli,Cagliari,2026-08-29 07:34:00,1.94,Express,564.68,474.3,51.13
Genova,Trapani,2026-02-03 12:38:00,4.93,Premium,875.35,771.8,49.81
Verona,Lecce,2026-04-22 09:52:00,1.59,Premium,944.57,813.3,48.95
Catania,Milano,2026-08-25 20:24:00,2.01,Premium,1141.21,1010.7,48.85
Milano,Lecce,2026-09-23 08:37:00,2.07,Express,1086.02,925.2,45.84
Bari,Verona,2026-09-08 14:29:00,1.42,Express,781.52,675.9,43.56
Salerno,Genova,2026-06-28 17:48:00,6.11,Express,740.19,632.9,48.03
Pescara,Genova,2026-02-14 08:33:00,1.52,Express,546.3,478.2,50.24
Bari,Genova,2026-01-27 07:38:00,1.84,Express,835.34,743.8,48.42
Catania,Genova,2026-04-23 14:45:00,7.22,Premium,1068.73,924.7,50.59
Perugia,Bari,2026-05-11 19:38:00,2.01,Express,495.86,430.6,45.74
Palermo,Pescara,2026-05-21 07:13:00,2.63,Express,548.78,487.9,41.03
Sassari,Ancona,2026-01-14 07:17:00,1.48,Express,595.83,519.8,44.68
Firenze,Catania,2026-07-04 19:57:00,5.37,Express,887.24,767.6,46.45
Trapani,Catania,2026-04-18 15:26:00,5.43,Express,281.84,231.2,44.87
Milano,Firenze,2026-01-30 16:49:00,5.03,Express,295.57,248.8,45.4
Sassari,Salerno,2026-09-07 10:51:00,4.37,Express,613.3,523.4,41.89
Catania,Perugia,2026-04-08 11:22:00,3.16,Express,749.17,663.3,51.72
Ancona,Verona,2026-03-05 13:35:00,2.08,Premium,348.93,284.9,46.2
Bari,Lecce,2026-05-15 09:59:00,1.7,Express,187.16,139.0,45.27
Lecce,Trapani,2026-09-17 13:11:00,7.4,Express,644.13,549.9,44.94
Verona,Ancona,2026-08-14 20:21:00,5.12,Express,352.04,284.9,49.62
Ancona,Palermo,2026-01-28 17:29:00,1.85,Premium,712.91,611.7,46.14
Lecce,Salerno,2026-07-07 19:10:00,3.08,Express,347.93,289.7,43.73
Bologna,Palermo,2026-07-01 13:57:00,2.43,Express,811.72,728.1,43.29
Trapani,Bologna,2026-08-30 18:01:00,1.36,Express,813.92,726.4,47.63
Reggio Calabria,Genova,2026-09-21 12:53:00,3.4,Express,1016.28,897.2,48.5
Salerno,Ancona,2026-07-23 15:38:00,2.24,Express,399.13,342.8,46.32
Roma,Salerno,2026-06-28 17:13:00,1.54,Express,275.52,233.2,43.55
Reggio Calabria,Bari,2026-04-07 18:32:00,1.07,Express,410.47,350.6,47.02
Salerno,Verona,2026-09-03 19:57:00,1.0,Premium,731.46,611.8,43.83
Ancona,Roma,2026-09-15 08:28:00,2.31,Express,271.99,208.6,44.81
Torino,Sassari,2026-09-28 18:06:00,2.83,Express,561.58,487.8,47.14
Roma,Napoli,2026-09-18 16:56:00,1.63,Express,223.2,188.3,48.02
Roma,Torino,2026-06-25 17:18:00,4.73,Express,621.46,524.1,48.68
Lecce,Cagliari,2026-09-19 07:12:00,2.87,Express,881.13,783.1,44.97
Sassari,Milano,2026-08-02 13:49:00,4.49,Express,598.79,528.4,44.49
Lecce,Bologna,2026-03-07 20:27:00,2.64,Express,819.11,725.0,46.09
Ancona,Salerno,2026-01-09 19:36:00,1.73,Premium,429.34,342.8,46.54
Trapani,Roma,2026-09-25 10:13:00,3.25,Express,512.08,431.4,43.95
Catania,Sassari,2026-04-27 13:48:00,1.24,Premium,758.84,667.2,47.75
Bologna,Salerno,2026-08-27 19:05:00,4.38,Premium,610.8,508.2,44.07
Pescara,Genova,2026-03-20 20:01:00,1.56,Express,549.58,478.2,50.24
Catania,Bari,2026-04-09 11:38:00,5.71,Express,491.82,429.6,48.63
Torino,Trapani,2026-08-14 18:14:00,2.37,Express,1007.83,881.3,47.08
Milano,Napoli,2026-05-24 18:41:00,6.31,Premium,759.28,657.4,49.2
Ancona,Bari,2026-07-04 09:06:00,1.37,Express,473.25,391.1,49.08
Verona,Trapani,2026-03-29 07:26:00,1.87,Express,959.09,835.0,48.47
Palermo,Verona,2026-06-17 07:39:00,3.92,Express,948.03,837.2,40.74
Firenze,Milano,2026-05-13 09:02:00,6.81,Premium,315.15,248.8,49.69
Reggio Calabria,Salerno,2026-09-12 17:22:00,9.63,Express,378.44,295.6,43.69
Palermo,Ancona,2026-05-15 12:27:00,3.09,Express,712.49,611.7,43.77
Ancona,Bari,2026-01-25 16:36:00,10.86,Express,452.71,391.1,48.69
Salerno,Firenze,2026-07-21 08:15:00,2.45,Express,529.55,449.4,44.71
Milano,Reggio Calabria,2026-09-18 15:25:00,6.47,Premium,1117.01,976.4,51.98
Reggio Calabria,Bologna,2026-08-30 17:25:00,1.55,Premium,910.24,795.3,46.83
Torino,Ancona,2026-01-28 20:40:00,4.03,Express,571.13,490.7,48.29
Pescara,Reggio Calabria,2026-09-30 11:28:00,0.58,Express,564.16,498.9,52.99
Reggio Calabria,Salerno,2026-04-05 14:38:00,1.37,Premium,345.1,295.6,44.49
Firenze,Roma,2026-08-16 13:45:00,4.16,Express,275.52,231.6,45.49
Catania,Salerno,2026-06-22 11:52:00,1.2,Express,395.76,353.6,45.83
Milano,Sassari,2026-09-23 15:57:00,4.04,Express,588.64,528.4,45.83
Torino,Pescara,2026-04-04 14:54:00,5.66,Express,695.52,598.4,45.46
Palermo,Bologna,2026-06-15 18:39:00,2.11,Premium,839.72,728.1,43.94
Genova,Torino,2026-07-06 07:23:00,1.52,Express,175.61,122.4,53.36
Salerno,Genova,2026-02-12 10:06:00,2.15,Express,742.15,632.9,48.2
Torino,Bari,2026-07-31 15:06:00,1.53,Express,973.66,864.4,48.71
Trapani,Salerno,2026-02-09 15:01:00,2.79,Express,435.2,352.5,45.23
Firenze,Roma,2026-08-15 19:38:00,3.22,Premium,303.5,231.6,45.98
Roma,Verona,2026-02-04 16:26:00,2.42,Express,470.86,411.9,43.19
Perugia,Milano,2026-02-18 07:03:00,9.69,Express,410.12,364.9,45.04
Milano,Torino,2026-05-16 13:50:00,1.81,Express,161.65,125.1,49.72
Lecce,Ancona,2026-02-19 18:50:00,7.95,Express,627.92,528.9,46.2
Bologna,Reggio Calabria,2026-01-21 19:13:00,1.45,Express,918.11,795.3,50.99
Firenze,Milano,2026-01-15 18:13:00,3.16,Express,306.87,248.8,49.38
Palermo,Napoli,2026-03-20 13:41:00,6.87,Premium,370.13,313.4,45.87
Torino,Firenze,2026-05-15 08:29:00,6.62,Premium,393.44,317.5,47.04
Torino,Verona,2026-01-13 09:59:00,2.24,Express,329.03,261.5,45.37
Cagliari,Lecce,2026-02-07 18:51:00,4.42,Express,898.18,783.1,48.78
Reggio Calabria,Torino,2026-06-16 11:46:00,4.03,Express,1148.86,1017.4,49.18
Bari,Milano,2026-03-28 17:41:00,2.06,Express,886.61,786.3,46.46
Reggio Calabria,Ancona,2026-07-26 07:30:00,4.62,Express,730.03,638.3,46.57
Genova,Torino,2026-08-18 13:52:00,11.05,Premium,164.44,122.4,53.42
Milano,Cagliari,2026-01-09 20:18:00,4.17,Premium,809.42,693.9,46.05
Roma,Firenze,2026-09-16 10:25:00,4.46,Express,272.64,231.6,44.5
Milano,Torino,2026-07-06 07:25:00,4.8,Premium,166.29,125.1,50.05
Sassari,Torino,2026-08-13 11:02:00,1.08,Express,581.21,487.8,47.28
Palermo,Trapani,2026-05-11 07:52:00,4.14,Express,99.85,72.6,42.45
Verona,Milano,2026-01-01 15:34:00,1.47,Express,169.83,140.4,49.7
Pescara,Salerno,2026-08-30 09:41:00,1.99,Express,259.77,203.3,45.68
Firenze,Genova,2026-06-05 10:26:00,13.63,Express,239.12,198.5,50.9
Salerno,Roma,2026-01-11 15:13:00,2.51,Premium,295.35,233.2,42.84
Milano,Palermo,2026-02-15 11:33:00,1.79,Express,1010.12,886.0,44.06
Palermo,Bari,2026-02-26 16:06:00,6.72,Express,530.2,449.0,43.93
Bologna,Milano,2026-04-13 20:01:00,1.55,Express,207.42,200.6,46.33
Bologna,Napoli,2026-05-01 20:02:00,2.19,Premium,546.19,470.2,48.63
Perugia,Firenze,2026-04-27 17:12:00,7.19,Express,156.85,117.7,43.61
Cagliari,Lecce,2026-08-26 20:33:00,3.09,Premium,908.97,783.1,49.29
Verona,Palermo,2026-09-15 17:18:00,1.01,Premium,977.29,837.2,47.18
Torino,Ancona,2026-07-05 07:57:00,4.39,Express,568.69,490.7,48.28
Roma,Cagliari,2026-06-23 20:22:00,2.27,Express,465.87,412.6,44.75
Roma,Salerno,2026-08-24 14:56:00,8.82,Express,303.25,233.2,43.25
Perugia,Lecce,2026-03-15 07:04:00,1.96,Premium,652.78,569.2,44.61
Bari,Pescara,2026-06-02 15:41:00,6.26,Express,339.14,266.1,43.59
Lecce,Perugia,2026-06-25 10:25:00,10.4,Express,666.72,569.2,49.4
Napoli,Perugia,2026-03-19 14:28:00,1.65,Express,351.82,295.4,55.88
Trapani,Milano,2026-09-17 16:12:00,2.62,Express,984.79,872.5,47.83
Catania,Napoli,2026-03-06 07:23:00,3.94,Premium,463.04,378.1,50.65
Napoli,Sassari,2026-01-17 13:08:00,1.65,Premium,562.79,480.8,51.83
Genova,Verona,2026-03-30 07:46:00,3.62,Express,256.45,198.5,47.69
Bologna,Firenze,2026-08-11 08:34:00,2.56,Express,122.93,80.4,44.76
Bologna,Reggio Calabria,2026-04-13 09:57:00,2.53,Express,914.95,795.3,50.95
Lecce,Verona,2026-03-01 17:56:00,3.1,Premium,946.24,813.3,43.86
Bari,Ancona,2026-08-27 12:47:00,3.15,Express,469.71,391.1,46.48
Bari,Salerno,2026-02-11 07:39:00,3.36,Premium,241.71,183.1,44.26
Lecce,Napoli,2026-02-13 17:27:00,1.97,Express,403.33,333.9,48.24
Catania,Verona,2026-09-03 14:36:00,2.03,Express,1050.79,945.3,45.47
Perugia,Roma,2026-03-29 08:58:00,2.76,Premium,194.07,134.8,41.92
Ancona,Sassari,2026-01-01 14:52:00,2.91,Express,583.5,519.8,47.5
Genova,Cagliari,2026-04-29 10:28:00,2.21,Express,661.13,577.3,49.31
Napoli,Bologna,2026-07-22 15:54:00,3.76,Express,542.98,470.2,52.17
Verona,Trapani,2026-07-26 20:15:00,0.84,Express,927.84,835.0,48.52
Pescara,Palermo,2026-01-24 11:25:00,1.8,Premium,568.57,487.9,45.74
Torino,Perugia,2026-03-18 17:26:00,2.47,Premium,542.41,433.9,52.12
Genova,Cagliari,2026-06-18 07:19:00,1.65,Premium,663.81,577.3,49.79
Milano,Catania,2026-06-30 12:41:00,9.38,Express,1160.78,1010.7,43.9
Milano,Sassari,2026-06-19 19:26:00,3.04,Express,643.26,528.4,45.87
Torino,Genova,2026-04-03 08:02:00,3.4,Premium,184.71,122.4,50.66
Verona,Perugia,2026-08-24 20:00:00,2.14,Express,326.13,282.0,53.05
Verona,Genova,2026-01-22 08:18:00,2.97,Premium,262.42,198.5,52.05
Salerno,Firenze,2026-08-13 13:44:00,1.28,Express,522.09,449.4,44.75
Palermo,Cagliari,2026-09-14 09:32:00,2.66,Express,477.27,387.8,42.35
Palermo,Trapani,2026-07-07 07:17:00,1.56,Express,111.19,72.6,42.55
Verona,Trapani,2026-04-28 11:53:00,2.47,Express,919.77,835.0,48.45
Firenze,Bologna,2026-04-14 15:07:00,0.5,Express,97.5,80.4,49.24
Genova,Lecce,2026-04-29 17:06:00,1.36,Express,1009.65,882.3,49.51
Torino,Perugia,2026-02-15 11:25:00,8.36,Express,497.55,433.9,51.42
Lecce,Pescara,2026-03-02 13:53:00,5.36,Express,437.1,405.1,43.54
Catania,Roma,2026-06-23 09:33:00,7.55,Express,627.63,536.0,44.31
Perugia,Firenze,2026-05-31 17:12:00,7.92,Express,167.64,117.7,43.58
Genova,Bari,2026-05-16 09:21:00,4.81,Premium,860.4,743.8,51.41
Torino,Genova,2026-05-10 19:03:00,2.18,Express,154.28,122.4,50.25
Trapani,Perugia,2026-01-22 09:30:00,1.45,Premium,666.62,566.1,51.71
Genova,Cagliari,2026-08-25 16:17:00,6.69,Premium,677.93,577.3,49.58
Palermo,Sassari,2026-09-18 11:37:00,3.14,Express,576.09,504.1,42.56
Verona,Ancona,2026-03-08 20:57:00,17.19,Express,369.04,284.9,49.12
Roma,Bari,2026-03-27 10:55:00,2.32,Premium,442.64,374.0,46.96
Catania,Palermo,2026-06-22 20:16:00,11.94,Express,210.1,166.4,44.99
Perugia,Palermo,2026-01-01 18:42:00,2.69,Premium,650.97,560.9,42.78
Pescara,Firenze,2026-01-28 13:33:00,7.64,Express,337.49,280.9,46.51
Reggio Calabria,Firenze,2026-09-04 13:56:00,9.84,Express,852.55,729.6,44.75
Ancona,Bari,2026-02-17 11:57:00,1.47,Express,444.53,391.1,49.08
Firenze,Reggio Calabria,2026-06-07 12:59:00,2.14,Express,832.82,729.6,54.08
Torino,Lecce,2026-08-29 13:31:00,1.46,Premium,1137.71,1003.1,47.58
Catania,Bologna,2026-07-20 09:02:00,1.27,Express,980.13,837.3,48.17
Firenze,Lecce,2026-03-16 11:31:00,4.79,Premium,796.21,685.9,48.57
Genova,Trapani,2026-02-11 19:15:00,2.61,Express,882.52,771.8,49.45
Cagliari,Firenze,2026-07-15 20:42:00,3.11,Premium,630.68,536.1,48.96
Cagliari,Torino,2026-04-21 07:46:00,4.43,Premium,771.85,661.1,53.1
Genova,Firenze,2026-09-22 17:15:00,0.82,Express,245.79,198.5,49.2
Torino,Cagliari,2026-06-26 10:21:00,7.38,Express,749.94,661.1,46.71
Ancona,Firenze,2026-01-04 16:09:00,2.35,Premium,232.5,183.3,47.59
Firenze,Genova,2026-03-10 15:42:00,4.35,Premium,250.69,198.5,51.74
Bari,Bologna,2026-07-23 19:18:00,4.63,Express,671.15,586.2,46.1
Perugia,Trapani,2026-07-11 16:49:00,7.83,Express,656.32,566.1,43.9
Firenze,Genova,2026-07-22 18:31:00,2.79,Premium,253.34,198.5,51.81
Salerno,Roma,2026-03-05 18:12:00,0.68,Express,272.94,233.2,42.45
Perugia,Napoli,2026-03-10 16:03:00,3.12,Express,345.43,295.4,47.18
Salerno,Milano,2026-02-27 12:44:00,3.45,Express,809.75,698.2,46.19
Pescara,Napoli,2026-07-09 11:43:00,1.45,Express,229.25,179.1,50.17
Milano,Cagliari,2026-01-04 11:51:00,3.33,Premium,805.44,693.9,46.08
Torino,Roma,2026-08-11 12:01:00,2.33,Express,604.49,524.1,44.44
Napoli,Bologna,2026-03-18 11:02:00,1.17,Premium,553.21,470.2,52.73
Trapani,Roma,2026-05-14 11:20:00,4.8,Express,503.58,431.4,43.89
Verona,Ancona,2026-03-09 14:57:00,2.02,Express,324.52,284.9,49.75
Perugia,Salerno,2026-04-27 10:46:00,2.26,Express,381.84,334.4,42.75
Reggio Calabria,Napoli,2026-07-28 11:52:00,2.17,Express,376.38,326.9,48.47
Firenze,Genova,2026-02-24 16:55:00,7.12,Premium,268.22,198.5,51.63
Sassari,Torino,2026-06-05 11:35:00,2.92,Express,573.09,487.8,47.21
Reggio Calabria,Firenze,2026-01-16 08:29:00,3.17,Premium,839.61,729.6,45.48
Trapani,Napoli,2026-02-18 07:14:00,2.2,Express,406.47,348.0,49.72
Firenze,Salerno,2026-07-06 17:42:00,4.15,Express,529.56,449.4,46.75
Salerno,Trapani,2026-06-05 20:16:00,7.71,Express,417.64,352.5,44.81
Napoli,Trapani,2026-06-16 16:33:00,4.72,Premium,411.36,348.0,51.62
Cagliari,Bari,2026-03-03 07:50:00,4.85,Express,805.41,691.3,50.35
Cagliari,Torino,2026-02-26 14:53:00,4.59,Express,757.2,661.1,52.63
Perugia,Bologna,2026-04-27 10:47:00,1.14,Express,214.38,175.1,45.14
Genova,Perugia,2026-02-05 11:29:00,1.62,Express,368.66,313.2,54.07
Bologna,Trapani,2026-08-31 19:53:00,2.6,Express,828.7,726.4,45.07
Milano,Reggio Calabria,2026-03-15 18:32:00,1.8,Express,1113.68,976.4,51.72
Reggio Calabria,Trapani,2026-07-16 17:17:00,1.42,Premium,350.46,272.4,45.87
Genova,Firenze,2026-02-12 14:00:00,0.81,Express,252.47,198.5,49.2
Verona,Genova,2026-06-27 15:05:00,1.17,Express,223.87,198.5,51.66
Salerno,Genova,2026-02-25 19:49:00,2.51,Express,719.78,632.9,48.18
Palermo,Lecce,2026-03-18 16:15:00,2.86,Premium,564.25,482.7,42.96
Trapani,Reggio Calabria,2026-04-23 15:06:00,1.72,Express,332.38,272.4,52.53
Milano,Napoli,2026-02-04 08:21:00,3.17,Express,766.81,657.4,48.88
Bologna,Roma,2026-02-04 20:57:00,2.21,Premium,369.73,302.9,42.9
Ancona,Milano,2026-07-25 18:19:00,6.44,Express,464.89,399.5,48.49
Trapani,Genova,2026-04-05 12:06:00,2.68,Express,868.88,771.8,49.78
Verona,Cagliari,2026-06-05 10:30:00,4.88,Express,788.53,708.5,48.19
Roma,Perugia,2026-06-26 20:32:00,3.46,Express,169.6,134.8,49.45
Bologna,Torino,2026-06-20 20:23:00,1.12,Premium,328.03,295.2,49.46
Firenze,Torino,2026-06-21 12:53:00,2.82,Premium,390.33,317.5,52.51
Ancona,Firenze,2026-09-24 10:14:00,1.26,Premium,244.06,183.3,47.63
Bari,Napoli,2026-06-22 18:10:00,2.78,Premium,285.34,220.3,48.76
Catania,Roma,2026-04-06 15:45:00,1.78,Premium,606.11,536.0,45.01
Perugia,Pescara,2026-03-19 19:36:00,3.92,Express,221.16,165.2,42.58
Bari,Cagliari,2026-08-07 14:38:00,1.17,Express,804.43,691.3,45.12
Verona,Perugia,2026-04-26 14:43:00,3.03,Express,335.67,282.0,53.01
Napoli,Ancona,2026-06-02 09:00:00,4.48,Premium,402.61,314.1,52.92
Firenze,Bologna,2026-08-11 15:26:00,5.66,Premium,115.95,80.4,49.48
Palermo,Reggio Calabria,2026-03-06 12:04:00,1.76,Premium,239.53,200.3,48.87
Salerno,Bologna,2026-03-02 09:52:00,3.04,Express,596.47,508.2,45.96
Genova,Perugia,2026-01-15 17:56:00,3.41,Express,361.83,313.2,54.0
Ancona,Perugia,2026-01-20 11:50:00,8.86,Premium,178.39,107.5,52.22
Bari,Reggio Calabria,2026-06-18 09:58:00,1.06,Express,420.57,350.6,51.15
Torino,Milano,2026-05-18 20:26:00,1.59,Express,166.1,125.1,48.32
Bologna,Bari,2026-03-23 20:28:00,21.36,Express,694.79,586.2,45.89
Pescara,Salerno,2026-02-27 13:55:00,2.48,Express,230.22,203.3,45.66
Lecce,Trapani,2026-07-09 11:08:00,0.8,Express,642.48,549.9,45.21
Salerno,Torino,2026-01-24 09:15:00,2.0,Premium,862.89,755.2,49.37
Bari,Roma,2026-07-11 15:46:00,0.43,Premium,439.72,374.0,43.13
Torino,Milano,2026-09-05 15:33:00,3.55,Express,161.81,125.1,48.24
Reggio Calabria,Torino,2026-05-05 15:39:00,5.29,Express,1155.09,1017.4,49.13
Milano,Napoli,2026-05-16 17:44:00,1.58,Premium,756.98,657.4,49.4
Catania,Bologna,2026-05-27 13:35:00,2.16,Express,948.04,837.3,48.14
Verona,Torino,2026-01-26 16:33:00,5.73,Express,305.7,261.5,52.18
Genova,Pescara,2026-06-21 16:10:00,0.88,Express,553.71,478.2,48.04
Napoli,Trapani,2026-04-10 18:08:00,1.19,Express,422.14,348.0,51.31
Lecce,Torino,2026-05-08 17:24:00,2.56,Express,1146.2,1003.1,49.0
Catania,Torino,2026-01-07 07:30:00,1.77,Premium,1178.33,1042.5,51.52
Milano,Palermo,2026-08-28 15:39:00,2.44,Express,1025.23,886.0,44.04
Cagliari,Napoli,2026-04-02 20:39:00,1.24,Express,531.88,474.3,51.99
Ancona,Firenze,2026-01-21 14:50:00,3.49,Express,209.41,183.3,47.08
Firenze,Sassari,2026-08-02 14:25:00,2.7,Premium,472.16,404.0,48.72
Bologna,Bari,2026-09-25 15:29:00,4.41,Express,671.4,586.2,46.59
Milano,Napoli,2026-05-22 14:50:00,3.45,Express,762.61,657.4,48.86
Torino,Lecce,2026-01-10 12:37:00,3.47,Express,1139.24,1003.1,47.04
Cagliari,Palermo,2026-09-28 20:54:00,1.09,Premium,455.87,387.8,47.58
Ancona,Firenze,2026-02-26 07:59:00,4.24,Premium,237.98,183.3,47.51
Bologna,Reggio Calabria,2026-03-07 18:23:00,2.38,Express,917.02,795.3,50.95
Palermo,Lecce,2026-07-13 09:14:00,2.67,Express,589.38,482.7,42.51
Firenze,Cagliari,2026-04-01 09:53:00,6.25,Express,635.56,536.1,47.89
Napoli,Cagliari,2026-01-24 15:29:00,1.81,Premium,542.95,474.3,51.59
Ancona,Reggio Calabria,2026-07-06 15:55:00,7.72,Premium,745.75,638.3,53.55
Genova,Firenze,2026-03-13 19:58:00,8.25,Premium,241.72,198.5,49.35
Milano,Genova,2026-08-24 11:07:00,5.08,Express,155.0,118.5,48.87
Milano,Pescara,2026-02-12 07:21:00,1.51,Express,609.25,522.1,44.38
Perugia,Genova,2026-09-05 10:34:00,0.65,Express,367.98,313.2,47.36
Salerno,Lecce,2026-07-17 14:36:00,6.38,Premium,357.48,289.7,45.33
Napoli,Catania,2026-03-07 12:00:00,3.24,Express,444.41,378.1,49.6
Sassari,Genova,2026-06-08 10:31:00,1.78,Express,485.61,410.3,46.55
Palermo,Reggio Calabria,2026-09-14 19:47:00,6.82,Premium,282.08,200.3,48.66
Firenze,Palermo,2026-01-18 14:51:00,1.64,Express,745.16,652.7,46.45
Catania,Verona,2026-08-12 16:24:00,2.23,Premium,1073.5,945.3,45.92
Genova,Salerno,2026-05-06 17:29:00,4.33,Express,714.56,632.9,47.99
Perugia,Ancona,2026-09-17 12:43:00,1.38,Express,147.32,107.5,45.45
Catania,Lecce,2026-02-26 17:17:00,2.78,Express,496.33,413.1,47.16
Trapani,Firenze,2026-07-16 20:29:00,6.43,Express,747.7,648.5,46.14
Napoli,Perugia,2026-09-22 17:08:00,3.48,Premium,361.62,295.4,56.26
Torino,Firenze,2026-04-04 11:09:00,7.18,Express,386.2,317.5,46.56
Reggio Calabria,Verona,2026-01-30 17:54:00,6.63,Express,1037.18,901.6,43.49
Genova,Firenze,2026-04-18 10:18:00,3.02,Express,237.71,198.5,49.11
Catania,Palermo,2026-06-13 08:00:00,0.58,Express,210.22,166.4,45.46
Roma,Bologna,2026-06-22 13:13:00,1.38,Premium,366.18,302.9,46.36
Genova,Trapani,2026-05-12 14:08:00,5.12,Premium,876.78,771.8,49.8
Catania,Trapani,2026-09-12 13:34:00,1.01,Express,277.04,231.2,47.23
Trapani,Salerno,2026-06-07 10:39:00,2.39,Express,401.0,352.5,45.24
Napoli,Lecce,2026-06-24 10:49:00,3.8,Express,385.84,333.9,51.21
Ancona,Bari,2026-09-19 19:53:00,8.39,Express,481.0,391.1,48.79
Napoli,Roma,2026-09-14 11:04:00,2.01,Express,218.24,188.3,48.64
Napoli,Milano,2026-04-04 17:57:00,1.91,Express,767.16,657.4,52.5
Torino,Verona,2026-03-20 10:36:00,2.89,Express,311.96,261.5,45.35
Roma,Reggio Calabria,2026-07-24 08:30:00,3.84,Premium,579.27,499.5,51.17
Cagliari,Palermo,2026-05-24 07:53:00,2.69,Express,461.62,387.8,47.06
Cagliari,Verona,2026-05-03 10:24:00,6.25,Premium,819.65,708.5,47.44
Pescara,Sassari,2026-07-10 18:46:00,1.71,Premium,605.47,507.6,47.61
Ancona,Napoli,2026-06-30 13:22:00,3.26,Express,380.0,314.1,50.5
Genova,Ancona,2026-09-07 16:43:00,4.1,Express,456.43,377.4,50.67
Bologna,Bari,2026-04-10 20:28:00,2.27,Premium,679.78,586.2,47.14
Ancona,Milano,2026-07-25 07:40:00,5.4,Express,471.11,399.5,48.53
Trapani,Perugia,2026-03-04 08:32:00,3.33,Express,665.73,566.1,51.18
Bari,Ancona,2026-09-13 19:52:00,5.21,Express,463.95,391.1,46.4
Ancona,Bologna,2026-01-23 14:57:00,3.44,Premium,233.72,199.3,48.82
Trapani,Roma,2026-07-24 15:39:00,3.9,Premium,510.39,431.4,44.38
Cagliari,Salerno,2026-01-28 11:46:00,1.93,Premium,604.28,508.1,47.94
Sassari,Ancona,2026-08-29 18:34:00,1.93,Express,611.25,519.8,44.66
Ancona,Palermo,2026-09-19 16:02:00,7.07,Express,692.62,611.7,45.47
Cagliari,Bari,2026-08-12 10:36:00,4.68,Premium,809.08,691.3,50.81
Bologna,Roma,2026-08-04 16:04:00,1.47,Premium,358.72,302.9,42.94
Roma,Sassari,2026-05-11 07:03:00,3.4,Express,393.29,353.8,44.94
Pescara,Torino,2026-03-08 10:22:00,0.57,Premium,695.88,598.4,51.45
Napoli,Perugia,2026-09-27 09:51:00,2.01,Premium,353.84,295.4,56.32
Catania,Pescara,2026-05-25 18:00:00,5.88,Express,671.84,555.5,45.55
Bari,Trapani,2026-08-11 17:17:00,2.75,Express,606.27,506.4,45.22
Perugia,Pescara,2026-07-14 08:16:00,3.26,Express,214.14,165.2,42.61
Catania,Milano,2026-07-11 19:41:00,0.36,Premium,1160.18,1010.7,48.92
Perugia,Salerno,2026-04-07 18:27:00,2.28,Express,427.17,334.4,42.74
Reggio Calabria,Perugia,2026-04-27 13:05:00,3.8,Express,720.84,620.2,49.9
Sassari,Lecce,2026-05-01 09:58:00,4.16,Express,939.69,812.8,43.3
Napoli,Palermo,2026-06-14 12:53:00,5.88,Premium,405.98,313.4,49.79
Ancona,Torino,2026-07-16 15:15:00,2.59,Premium,573.29,490.7,51.76
Firenze,Ancona,2026-02-24 15:49:00,2.67,Premium,236.44,183.3,49.93
Torino,Ancona,2026-03-04 11:51:00,1.18,Express,553.63,490.7,48.41
Palermo,Bari,2026-01-14 08:25:00,2.6,Express,514.03,449.0,44.1
Pescara,Perugia,2026-05-24 15:32:00,1.24,Express,195.51,165.2,51.68
Napoli,Roma,2026-07-02 16:52:00,0.82,Express,226.79,188.3,48.69
Cagliari,Catania,2026-02-27 10:44:00,1.4,Express,636.95,554.0,47.26
Torino,Cagliari,2026-07-14 15:57:00,8.63,Premium,756.25,661.1,47.12
Salerno,Torino,2026-01-01 14:57:00,2.48,Express,865.46,755.2,48.89
Verona,Salerno,2026-08-25 14:01:00,3.5,Express,692.67,611.8,47.02
Torino,Pescara,2026-07-08 07:06:00,2.09,Express,690.07,598.4,45.61
Firenze,Napoli,2026-07-06 11:18:00,0.86,Premium,487.76,408.7,51.81
Firenze,Milano,2026-07-13 12:14:00,5.78,Express,297.14,248.8,49.28
Catania,Ancona,2026-04-08 18:40:00,0.66,Express,788.45,692.2,48.52
Trapani,Cagliari,2026-09-29 18:34:00,2.03,Express,408.34,325.7,46.49
Perugia,Torino,2026-07-23 19:13:00,2.89,Express,523.23,433.9,47.97
Napoli,Genova,2026-02-19 13:28:00,3.53,Express,677.59,589.3,54.38
Verona,Roma,2026-09-09 11:34:00,1.8,Express,491.07,411.9,45.83
Pescara,Roma,2026-07-21 13:59:00,0.83,Premium,196.24,154.0,44.92
Trapani,Genova,2026-03-26 18:05:00,1.71,Express,881.94,771.8,49.82
Verona,Catania,2026-09-16 15:42:00,1.78,Express,1058.97,945.3,46.84
Bari,Reggio Calabria,2026-03-09 15:25:00,1.75,Express,407.13,350.6,51.13
Lecce,Bari,2026-06-25 13:04:00,5.92,Express,187.07,139.0,46.59
Roma,Napoli,2026-07-02 16:45:00,1.28,Express,240.99,188.3,48.04
Sassari,Torino,2026-09-20 19:08:00,3.7,Express,572.73,487.8,47.18
Bologna,Roma,2026-06-05 16:21:00,3.35,Premium,376.77,302.9,42.86
Genova,Salerno,2026-09-29 12:38:00,5.88,Premium,732.88,632.9,48.38
Palermo,Bari,2026-03-19 18:45:00,2.73,Express,523.15,449.0,44.1
Salerno,Cagliari,2026-08-07 20:11:00,5.22,Express,575.36,508.1,44.75
Bologna,Firenze,2026-03-08 18:09:00,2.66,Premium,120.24,80.4,45.21
Pescara,Firenze,2026-09-30 19:16:00,4.07,Premium,340.58,280.9,47.11
Firenze,Cagliari,2026-07-28 10:43:00,1.05,Express,633.32,536.1,48.1
Catania,Verona,2026-06-20 12:53:00,0.47,Express,1068.41,945.3,45.54
Palermo,Cagliari,2026-01-19 10:29:00,3.91,Express,451.85,387.8,42.3
Milano,Roma,2026-05-16 12:07:00,4.06,Premium,573.23,476.9,43.57
Pescara,Perugia,2026-02-09 17:16:00,4.18,Express,204.77,165.2,51.56
Genova,Pescara,2026-09-08 16:28:00,2.08,Express,549.05,478.2,47.99
Sassari,Catania,2026-04-14 07:02:00,8.51,Express,790.09,667.2,41.47
Bari,Genova,2026-08-15 17:34:00,2.17,Express,853.25,743.8,48.4
Torino,Pescara,2026-09-05 09:41:00,4.03,Premium,727.36,598.4,45.99
Ancona,Firenze,2026-01-31 09:36:00,4.55,Express,243.3,183.3,47.04
Roma,Reggio Calabria,2026-07-27 14:36:00,9.99,Premium,606.04,499.5,50.92
Genova,Ancona,2026-03-24 10:22:00,2.4,Premium,459.23,377.4,51.19
Lecce,Bari,2026-01-30 20:28:00,1.9,Express,173.34,139.0,46.76
Ancona,Roma,2026-03-13 09:02:00,1.05,Premium,263.46,208.6,45.32
Roma,Pescara,2026-05-31 09:07:00,8.89,Premium,215.34,154.0,43.61
Cagliari,Ancona,2026-08-22 17:38:00,4.03,Express,700.43,611.3,50.07
Reggio Calabria,Torino,2026-07-08 11:00:00,4.12,Express,1151.94,1017.4,49.17
Roma,Ancona,2026-03-05 17:00:00,26.58,Premium,306.6,208.6,45.64
Sassari,Verona,2026-03-22 16:32:00,3.77,Express,657.33,559.6,41.59
Roma,Catania,2026-03-25 09:38:00,1.21,Express,631.31,536.0,43.32
Genova,Verona,2026-07-20 15:07:00,2.62,Express,264.15,198.5,47.73
Roma,Trapani,2026-05-22 14:30:00,1.52,Express,476.07,431.4,44.94
Sassari,Genova,2026-01-07 08:19:00,2.27,Express,475.14,410.3,46.53
Genova,Salerno,2026-01-21 17:41:00,2.26,Express,731.04,632.9,48.07
Bologna,Catania,2026-01-21 19:00:00,1.99,Express,976.21,837.3,43.47
Torino,Napoli,2026-09-20 20:15:00,1.13,Express,804.2,711.5,50.21
Bologna,Catania,2026-05-18 08:13:00,9.15,Premium,964.34,837.3,43.63
Perugia,Napoli,2026-05-15 09:29:00,3.7,Express,359.37,295.4,47.16
Catania,Torino,2026-07-27 18:33:00,2.56,Premium,1185.22,1042.5,51.49
Bologna,Milano,2026-02-21 11:15:00,5.1,Premium,236.58,200.6,46.64
Salerno,Bari,2026-01-09 15:45:00,4.17,Express,245.74,183.1,46.55
Bologna,Genova,2026-03-15 11:52:00,3.64,Express,227.72,191.5,48.19
Reggio Calabria,Salerno,2026-02-26 10:02:00,4.85,Express,353.45,295.6,43.89
Reggio Calabria,Palermo,2026-08-06 15:44:00,3.29,Premium,249.6,200.3,44.01
Bari,Perugia,2026-08-12 09:52:00,4.8,Express,511.16,430.6,49.72
Cagliari,Milano,2026-06-23 08:54:00,5.08,Express,798.19,693.9,49.96
Salerno,Firenze,2026-09-06 14:25:00,3.36,Express,514.29,449.4,44.67
Palermo,Perugia,2026-05-07 09:42:00,2.57,Express,658.4,560.9,47.1
Bologna,Pescara,2026-03-07 09:41:00,8.76,Premium,418.61,323.4,43.8
Verona,Torino,2026-04-01 17:55:00,2.15,Premium,338.31,261.5,52.79
Firenze,Pescara,2026-02-08 14:24:00,3.95,Express,318.9,280.9,46.66
Ancona,Verona,2026-09-03 14:35:00,4.01,Express,348.44,284.9,45.67
Trapani,Sassari,2026-06-14 09:00:00,1.96,Express,539.14,455.8,46.72
Ancona,Bari,2026-07-30 09:14:00,1.7,Express,458.87,391.1,49.07
Perugia,Lecce,2026-03-18 12:28:00,2.34,Express,653.8,569.2,44.14
Verona,Lecce,2026-07-16 12:26:00,2.13,Express,928.56,813.3,48.47
Perugia,Ancona,2026-04-01 13:19:00,1.08,Premium,144.55,107.5,45.92
Perugia,Cagliari,2026-05-02 08:52:00,1.9,Express,601.3,511.8,43.99
Lecce,Salerno,2026-06-27 19:34:00,3.61,Premium,350.71,289.7,44.16
Bologna,Lecce,2026-09-25 12:04:00,7.28,Express,852.38,725.0,44.89
Perugia,Bologna,2026-06-02 18:25:00,4.42,Express,209.85,175.1,45.0
Torino,Firenze,2026-07-13 12:36:00,0.49,Express,375.29,317.5,46.84
Bari,Firenze,2026-06-12 13:36:00,4.7,Express,634.56,547.1,44.82
Torino,Cagliari,2026-04-26 08:34:00,2.03,Express,768.98,661.1,46.94
Milano,Bologna,2026-09-12 16:28:00,4.12,Premium,241.96,200.6,47.17
Palermo,Salerno,2026-09-20 07:50:00,2.97,Premium,379.88,309.4,41.56
Cagliari,Sassari,2026-03-26 17:28:00,2.62,Premium,231.8,174.6,49.38
Pescara,Napoli,2026-09-02 19:20:00,2.79,Express,219.32,179.1,50.11
Cagliari,Pescara,2026-05-04 12:03:00,2.95,Express,631.03,559.4,47.35
Firenze,Trapani,2026-07-22 19:25:00,7.69,Express,761.31,648.5,47.99
Roma,Sassari,2026-05-22 16:46:00,2.96,Premium,404.59,353.8,45.41
Bari,Ancona,2026-07-29 07:02:00,6.41,Premium,485.18,391.1,46.8
Milano,Verona,2026-08-26 09:50:00,5.79,Express,203.2,140.4,43.97
Perugia,Bari,2026-04-26 15:58:00,4.79,Premium,523.93,430.6,46.08
Bologna,Ancona,2026-07-11 16:49:00,0.86,Express,252.9,199.3,46.43
Firenze,Milano,2026-05-19 08:18:00,6.56,Express,310.74,248.8,49.24
Genova,Roma,2026-08-07 16:35:00,2.18,Express,457.37,402.1,46.82
Reggio Calabria,Bari,2026-02-22 18:20:00,4.95,Express,395.23,350.6,46.86
Verona,Firenze,2026-07-19 08:17:00,1.52,Premium,237.81,186.8,48.63
Sassari,Firenze,2026-06-12 19:18:00,1.31,Premium,503.55,404.0,43.54
Cagliari,Lecce,2026-05-04 14:27:00,11.97,Express,895.77,783.1,48.47
Ancona,Verona,2026-04-11 15:37:00,1.54,Express,329.75,284.9,45.77
Bari,Genova,2026-07-11 07:42:00,6.69,Express,843.93,743.8,48.21
Perugia,Catania,2026-04-05 15:35:00,3.26,Express,758.69,663.3,42.46
Cagliari,Bologna,2026-01-09 13:21:00,2.24,Express,714.55,614.1,49.82
Catania,Cagliari,2026-09-16 12:12:00,2.91,Express,620.53,554.0,46.99
Sassari,Bologna,2026-05-03 17:55:00,1.21,Express,542.13,475.9,44.37
Torino,Perugia,2026-02-14 10:29:00,2.97,Express,514.48,433.9,51.64
Sassari,Milano,2026-03-03 07:50:00,1.41,Express,612.59,528.4,44.61
Firenze,Napoli,2026-08-15 13:59:00,2.27,Premium,474.93,408.7,51.75
Pescara,Sassari,2026-04-01 17:24:00,5.73,Express,617.63,507.6,46.98
Pescara,Perugia,2026-03-18 08:52:00,3.58,Express,203.24,165.2,51.58
Cagliari,Trapani,2026-05-14 20:47:00,1.06,Express,388.76,325.7,48.91
Perugia,Lecce,2026-01-08 16:24:00,5.44,Express,655.94,569.2,44.01
Palermo,Genova,2026-06-02 20:04:00,2.99,Express,905.52,791.1,45.65
Lecce,Sassari,2026-01-12 13:34:00,2.05,Express,898.27,812.8,45.23
Salerno,Genova,2026-08-17 08:43:00,5.06,Premium,743.19,632.9,48.53
Reggio Calabria,Bologna,2026-04-28 09:29:00,2.67,Premium,930.0,795.3,46.78
Palermo,Roma,2026-03-01 14:00:00,1.33,Express,488.41,426.6,39.92
Roma,Milano,2026-05-05 15:14:00,10.94,Express,574.88,476.9,45.76
Salerno,Bari,2026-02-17 17:16:00,2.96,Premium,255.16,183.1,47.05
Perugia,Reggio Calabria,2026-03-29 18:08:00,2.83,Express,708.79,620.2,49.98
Firenze,Catania,2026-02-05 17:40:00,2.26,Express,892.48,767.6,46.58
Salerno,Torino,2026-07-02 15:14:00,6.85,Express,855.48,755.2,48.71
Roma,Sassari,2026-09-24 07:15:00,2.08,Express,412.77,353.8,44.99
Verona,Lecce,2026-05-13 14:24:00,1.02,Express,927.73,813.3,48.52
Bologna,Perugia,2026-01-27 18:28:00,1.87,Express,216.96,175.1,49.69
Milano,Perugia,2026-01-21 18:52:00,7.59,Express,452.66,364.9,50.2
Trapani,Reggio Calabria,2026-08-16 18:40:00,5.37,Express,330.71,272.4,52.38
Palermo,Bari,2026-04-06 07:09:00,2.51,Express,512.83,449.0,44.11
Trapani,Genova,2026-03-22 13:05:00,7.85,Premium,896.43,771.8,50.02
Ancona,Cagliari,2026-01-28 15:38:00,5.06,Express,694.49,611.3,47.18
Ancona,Reggio Calabria,2026-07-01 10:27:00,2.49,Express,720.05,638.3,53.31
Salerno,Bari,2026-01-18 12:44:00,2.67,Express,230.92,183.1,46.61
Lecce,Palermo,2026-09-04 08:21:00,3.78,Express,571.09,482.7,43.3
Palermo,Roma,2026-02-26 09:42:00,1.68,Express,490.03,426.6,39.9
Milano,Trapani,2026-01-19 07:04:00,3.01,Express,998.54,872.5,45.8
Milano,Firenze,2026-07-11 20:42:00,3.72,Express,290.94,248.8,45.45
Trapani,Ancona,2026-04-07 19:02:00,0.92,Express,713.25,628.1,47.97
Bari,Roma,2026-07-10 12:39:00,2.63,Premium,417.45,374.0,43.03
Salerno,Ancona,2026-01-11 07:03:00,2.43,Premium,413.52,342.8,46.76
Torino,Bari,2026-08-24 11:41:00,6.16,Express,977.07,864.4,48.52
Reggio Calabria,Verona,2026-03-26 13:04:00,0.82,Express,1006.59,901.6,43.73
Lecce,Torino,2026-07-26 09:21:00,2.3,Premium,1156.42,1003.1,49.47
Cagliari,Roma,2026-09-13 16:15:00,2.14,Express,482.76,412.6,46.22
Reggio Calabria,Sassari,2026-05-27 20:58:00,5.87,Premium,773.75,674.8,45.77
Napoli,Bari,2026-04-02 18:48:00,2.91,Express,286.26,220.3,52.84
Bologna,Bari,2026-03-27 18:59:00,10.55,Express,715.74,586.2,46.34
Lecce,Genova,2026-07-07 18:37:00,4.77,Premium,1035.93,882.3,48.66
Verona,Ancona,2026-01-02 07:58:00,2.25,Express,347.82,284.9,49.74
Firenze,Torino,2026-02-10 14:43:00,3.55,Express,377.24,317.5,52.03
Cagliari,Bari,2026-06-26 14:55:00,2.34,Express,783.15,691.3,50.45
Reggio Calabria,Palermo,2026-01-08 08:24:00,5.47,Express,258.25,200.3,43.46
Cagliari,Torino,2026-03-21 09:03:00,1.18,Premium,772.68,661.1,53.23
Trapani,Roma,2026-06-26 14:54:00,1.69,Premium,492.35,431.4,44.47
Torino,Catania,2026-03-10 17:01:00,4.13,Express,1184.86,1042.5,45.37
Verona,Napoli,2026-09-12 09:55:00,7.08,Express,660.75,575.5,51.34
Trapani,Palermo,2026-09-24 13:46:00,0.64,Express,100.02,72.6,44.92
Catania,Salerno,2026-01-10 08:03:00,7.85,Express,430.46,353.6,45.56
Catania,Milano,2026-02-17 08:32:00,2.72,Express,1148.6,1010.7,48.37
Genova,Firenze,2026-09-05 15:07:00,0.8,Express,242.93,198.5,49.2
Napoli,Salerno,2026-01-09 14:47:00,0.37,Premium,64.39,46.2,50.42
Torino,Reggio Calabria,2026-05-13 17:30:00,1.03,Express,1153.06,1017.4,53.0
Roma,Napoli,2026-09-17 19:44:00,2.96,Express,249.42,188.3,47.97
Pescara,Ancona,2026-06-10 09:39:00,2.86,Express,197.85,140.6,48.31
Torino,Palermo,2026-03-25 11:46:00,4.67,Express,1020.31,904.7,45.2
Pescara,Torino,2026-01-02 18:58:00,2.04,Express,698.23,598.4,50.93
Lecce,Verona,2026-04-18 07:42:00,1.38,Express,910.92,813.3,43.47
Milano,Salerno,2026-05-28 18:35:00,2.25,Express,805.15,698.2,44.44
Palermo,Cagliari,2026-01-23 20:13:00,3.07,Premium,459.98,387.8,42.79
Bari,Perugia,2026-05-25 08:23:00,3.53,Express,517.37,430.6,49.77
Roma,Sassari,2026-04-21 08:59:00,1.73,Express,426.88,353.8,45.01
Reggio Calabria,Trapani,2026-03-30 16:34:00,5.64,Premium,336.9,272.4,45.7
Roma,Bari,2026-09-23 13:39:00,1.94,Express,423.71,374.0,46.52
Palermo,Firenze,2026-09-01 20:49:00,1.63,Premium,754.55,652.7,42.69
Salerno,Napoli,2026-07-09 14:37:00,2.05,Express,75.87,46.2,48.12
Trapani,Bari,2026-06-11 16:10:00,6.37,Express,595.11,506.4,48.06
Perugia,Torino,2026-05-10 10:19:00,2.73,Express,492.06,433.9,47.98
Milano,Bologna,2026-01-20 11:32:00,1.84,Express,250.78,200.6,46.8
Bologna,Reggio Calabria,2026-03-25 09:29:00,5.74,Premium,914.06,795.3,51.27
Salerno,Trapani,2026-01-03 09:03:00,13.44,Express,432.48,352.5,44.57
Trapani,Reggio Calabria,2026-04-10 08:35:00,3.47,Premium,340.16,272.4,52.91
Reggio Calabria,Salerno,2026-05-10 19:29:00,7.12,Premium,358.5,295.6,44.25
Torino,Firenze,2026-06-16 07:58:00,6.2,Premium,382.17,317.5,47.06
Torino,Sassari,2026-04-07 14:13:00,1.96,Premium,570.1,487.8,47.63
Salerno,Milano,2026-03-11 14:06:00,3.06,Express,778.08,698.2,46.21
Palermo,Bari,2026-07-13 07:46:00,1.22,Express,512.76,449.0,44.16
Bari,Lecce,2026-02-11 18:47:00,2.6,Premium,175.89,139.0,45.69
Ancona,Genova,2026-02-04 14:00:00,1.94,Express,458.61,377.4,50.63
Catania,Palermo,2026-07-10 08:46:00,2.26,Express,218.42,166.4,45.39
Milano,Firenze,2026-06-09 08:48:00,1.77,Express,308.34,248.8,45.53
Roma,Napoli,2026-08-26 16:48:00,2.45,Express,231.17,188.3,47.99
Napoli,Milano,2026-07-21 15:40:00,4.35,Premium,766.03,657.4,52.85
Ancona,Genova,2026-09-04 12:46:00,2.76,Express,449.21,377.4,50.59
Catania,Reggio Calabria,2026-07-01 12:40:00,0.81,Express,93.68,82.9,53.1
Verona,Genova,2026-08-18 07:29:00,1.78,Premium,259.37,198.5,52.1
Verona,Salerno,2026-02-16 07:26:00,1.04,Express,709.75,611.8,47.12
Lecce,Firenze,2026-05-25 14:30:00,3.56,Premium,789.8,685.9,45.23
Sassari,Torino,2026-09-15 12:05:00,4.27,Express,563.16,487.8,47.15
Roma,Lecce,2026-08-04 10:31:00,3.59,Express,551.59,505.1,44.86
Trapani,Ancona,2026-04-21 12:18:00,1.73,Express,704.06,628.1,47.94
Torino,Bologna,2026-09-10 15:28:00,3.57,Express,354.53,295.2,47.99
Pescara,Sassari,2026-03-27 11:06:00,2.16,Express,595.21,507.6,47.13
Lecce,Torino,2026-01-07 11:53:00,1.35,Express,1139.89,1003.1,49.05
Pescara,Catania,2026-08-06 10:57:00,5.04,Express,640.01,555.5,45.3
Genova,Pescara,2026-04-23 16:19:00,5.32,Express,574.54,478.2,47.86
Genova,Perugia,2026-01-10 07:46:00,5.83,Express,379.78,313.2,53.9
Pescara,Bologna,2026-02-25 19:51:00,1.96,Express,386.28,323.4,48.02
Perugia,Napoli,2026-01-20 14:45:00,6.85,Premium,383.37,295.4,47.48
Perugia,Reggio Calabria,2026-09-30 10:25:00,2.12,Premium,704.35,620.2,50.46
Lecce,Verona,2026-08-20 17:37:00,4.74,Express,924.03,813.3,43.33
Milano,Sassari,2026-09-11 20:09:00,2.1,Express,602.08,528.4,45.91
Ancona,Bari,2026-02-19 07:48:00,2.56,Express,446.82,391.1,49.03
Pescara,Catania,2026-08-07 09:51:00,0.55,Express,642.38,555.5,45.49
Perugia,Milano,2026-06-03 09:00:00,2.43,Premium,452.03,364.9,45.79
Trapani,Cagliari,2026-03-22 07:59:00,3.2,Premium,386.32,325.7,46.9
Palermo,Perugia,2026-07-02 17:20:00,2.25,Express,654.47,560.9,47.11
Napoli,Ancona,2026-09-17 09:41:00,10.26,Express,393.02,314.1,52.22
Bari,Bologna,2026-05-06 12:22:00,1.33,Premium,653.24,586.2,46.69
Cagliari,Ancona,2026-01-08 18:24:00,2.02,Express,695.14,611.3,50.15
Genova,Firenze,2026-08-18 15:33:00,1.59,Express,235.06,198.5,49.17
Lecce,Salerno,2026-02-21 16:29:00,2.02,Express,329.52,289.7,43.77
Lecce,Cagliari,2026-02-19 08:22:00,6.18,Express,905.04,783.1,44.83
Lecce,Verona,2026-06-18 20:35:00,8.44,Express,946.34,813.3,43.18
Salerno,Firenze,2026-08-07 08:09:00,1.84,Express,529.37,449.4,44.73
Bologna,Ancona,2026-08-05 16:56:00,1.81,Express,226.89,199.3,46.39
Genova,Milano,2026-08-25 15:57:00,1.33,Express,141.77,118.5,50.71
Cagliari,Roma,2026-08-30 12:46:00,7.49,Premium,506.84,412.6,46.46
Genova,Bologna,2026-02-05 18:44:00,6.58,Premium,272.97,191.5,50.7
Reggio Calabria,Bari,2026-03-24 19:29:00,2.79,Express,427.72,350.6,46.95
Ancona,Sassari,2026-07-16 07:59:00,1.13,Express,579.59,519.8,47.57
Genova,Perugia,2026-04-17 20:24:00,1.2,Premium,375.85,313.2,54.55
Ancona,Genova,2026-07-15 10:22:00,3.38,Premium,451.19,377.4,51.02
Verona,Salerno,2026-05-05 18:04:00,4.41,Express,714.6,611.8,46.98
Roma,Sassari,2026-05-04 18:29:00,0.71,Express,416.48,353.8,45.05
Catania,Lecce,2026-01-08 14:47:00,2.4,Express,474.98,413.1,47.18
Cagliari,Perugia,2026-06-16 19:05:00,9.31,Premium,611.22,511.8,53.61
Bari,Ancona,2026-08-24 18:33:00,2.58,Express,454.98,391.1,46.5
Napoli,Genova,2026-08-12 14:19:00,8.51,Express,697.2,589.3,54.17
Salerno,Perugia,2026-04-03 09:30:00,4.73,Premium,422.42,334.4,49.97
Perugia,Cagliari,2026-07-04 13:05:00,1.4,Express,580.9,511.8,44.01
Torino,Verona,2026-02-24 19:36:00,2.44,Premium,332.79,261.5,45.82
Genova,Verona,2026-06-22 09:50:00,2.74,Express,256.6,198.5,47.73
Firenze,Milano,2026-04-22 20:59:00,1.54,Express,318.16,248.8,49.45
Napoli,Lecce,2026-09-10 09:32:00,1.52,Premium,417.0,333.9,51.76
Catania,Cagliari,2026-07-13 16:18:00,8.61,Premium,659.82,554.0,47.21
Verona,Palermo,2026-01-21 15:58:00,1.51,Premium,955.9,837.2,47.16
Cagliari,Bologna,2026-08-26 09:44:00,6.38,Premium,722.56,614.1,50.1
Napoli,Lecce,2026-07-17 13:36:00,2.21,Express,404.14,333.9,51.28
Palermo,Perugia,2026-02-28 09:01:00,2.95,Express,659.12,560.9,47.08
Bari,Pescara,2026-03-19 12:06:00,4.45,Express,310.08,266.1,43.67
Napoli,Perugia,2026-02-17 20:25:00,1.97,Premium,358.77,295.4,56.33
Napoli,Catania,2026-03-26 07:45:00,4.46,Express,451.12,378.1,49.54
Firenze,Salerno,2026-09-15 19:11:00,0.72,Premium,514.48,449.4,47.34
Bologna,Reggio Calabria,2026-09-04 16:29:00,4.08,Premium,903.52,795.3,51.34
Ancona,Salerno,2026-05-31 17:28:00,0.53,Premium,417.26,342.8,46.59
Ancona,Napoli,2026-04-09 10:56:00,2.56,Premium,356.63,314.1,50.98
Napoli,Torino,2026-04-10 20:17:00,5.46,Express,797.13,711.5,55.01
Bari,Lecce,2026-09-19 10:32:00,4.64,Express,171.73,139.0,45.14
Verona,Sassari,2026-02-24 14:02:00,1.21,Premium,651.51,559.6,49.03
Catania,Lecce,2026-07-26 07:30:00,1.32,Express,479.36,413.1,47.22
Reggio Calabria,Catania,2026-09-29 19:25:00,1.85,Express,138.7,82.9,43.76
Reggio Calabria,Palermo,2026-08-22 16:51:00,3.42,Premium,248.55,200.3,44.0
Napoli,Perugia,2026-07-16 09:16:00,0.72,Express,353.63,295.4,55.92
Torino,Roma,2026-09-03 16:16:00,2.97,Express,589.69,524.1,44.41
Bologna,Firenze,2026-03-01 09:33:00,3.73,Express,116.06,80.4,44.71
Catania,Torino,2026-09-26 13:13:00,2.46,Express,1182.12,1042.5,51.04
Firenze,Genova,2026-01-25 14:10:00,4.33,Premium,254.55,198.5,51.74
Bologna,Palermo,2026-01-04 20:02:00,3.51,Express,829.87,728.1,43.25
Firenze,Trapani,2026-02-24 11:39:00,2.05,Express,745.07,648.5,48.22
Genova,Palermo,2026-06-16 07:10:00,0.77,Express,908.89,791.1,47.74
Salerno,Reggio Calabria,2026-03-09 13:03:00,3.29,Premium,357.13,295.6,51.32
Genova,Trapani,2026-06-22 19:58:00,1.54,Premium,908.57,771.8,49.95
Torino,Verona,2026-01-31 18:10:00,2.0,Express,311.34,261.5,45.38
Salerno,Napoli,2026-07-10 07:49:00,4.2,Express,72.85,46.2,48.04
Trapani,Milano,2026-03-04 07:44:00,8.09,Express,992.79,872.5,47.61
Bologna,Cagliari,2026-05-23 17:35:00,2.92,Express,719.64,614.1,44.9
Verona,Palermo,2026-02-01 17:05:00,4.42,Express,951.74,837.2,46.58
Pescara,Trapani,2026-09-22 14:48:00,1.09,Express,585.11,513.6,47.1
Verona,Napoli,2026-04-14 08:14:00,3.56,Express,654.15,575.5,51.49
Lecce,Genova,2026-06-15 10:55:00,2.88,Express,1006.58,882.3,48.28
Verona,Bologna,2026-05-13 18:51:00,7.09,Express,172.4,109.2,49.22
Perugia,Lecce,2026-06-12 08:57:00,2.06,Express,672.66,569.2,44.15
Bari,Catania,2026-05-05 09:49:00,2.53,Express,517.26,429.6,43.59
Milano,Verona,2026-01-20 13:19:00,6.3,Express,189.87,140.4,43.95
Bologna,Palermo,2026-08-15 17:17:00,2.81,Express,845.17,728.1,43.28
Trapani,Bologna,2026-06-25 18:35:00,1.38,Express,843.29,726.4,47.63
Genova,Bari,2026-03-11 15:17:00,17.9,Premium,883.08,743.8,50.86
Catania,Torino,2026-01-23 13:53:00,1.41,Express,1169.91,1042.5,51.08
Perugia,Trapani,2026-08-31 12:23:00,2.87,Premium,654.33,566.1,44.56
Milano,Salerno,2026-04-01 07:36:00,3.82,Express,798.18,698.2,44.38
Bari,Bologna,2026-09-05 10:44:00,3.62,Express,666.44,586.2,46.14
Sassari,Bari,2026-07-29 10:00:00,2.63,Express,781.22,699.2,44.95
Sassari,Cagliari,2026-09-20 07:48:00,2.64,Express,198.56,174.6,43.19
Roma,Salerno,2026-06-30 17:25:00,2.55,Premium,300.2,233.2,43.97
Pescara,Salerno,2026-02-19 11:56:00,1.37,Premium,260.04,203.3,46.16
Milano,Sassari,2026-01-10 14:08:00,13.51,Express,620.5,528.4,45.44
Palermo,Bari,2026-03-09 09:48:00,2.57,Premium,565.38,449.0,44.56
Palermo,Cagliari,2026-04-30 15:16:00,4.56,Express,444.58,387.8,42.27
Cagliari,Trapani,2026-06-20 08:54:00,2.37,Premium,401.87,325.7,49.31
Bari,Trapani,2026-09-02 16:29:00,2.34,Premium,602.09,506.4,45.69
Firenze,Roma,2026-02-08 17:20:00,2.18,Express,296.22,231.6,45.57
Napoli,Bologna,2026-06-23 11:21:00,1.01,Premium,553.56,470.2,52.74
Cagliari,Bari,2026-01-24 09:58:00,2.68,Premium,814.8,691.3,50.89
Bologna,Bari,2026-05-12 17:55:00,2.26,Premium,690.31,586.2,47.14
Torino,Reggio Calabria,2026-01-21 10:07:00,6.81,Express,1173.26,1017.4,52.76
Lecce,Sassari,2026-04-13 09:29:00,1.3,Premium,952.85,812.8,45.72
Perugia,Pescara,2026-06-15 11:46:00,2.0,Express,194.0,165.2,42.66
Palermo,Firenze,2026-07-21 20:31:00,1.6,Express,746.84,652.7,42.23
Roma,Salerno,2026-08-08 13:28:00,8.23,Premium,275.95,233.2,43.73
Roma,Bari,2026-05-24 10:40:00,1.63,Express,446.25,374.0,46.53
Firenze,Sassari,2026-03-12 14:11:00,4.45,Premium,480.85,404.0,48.65
Sassari,Torino,2026-09-07 11:52:00,5.92,Express,580.31,487.8,47.08
Lecce,Roma,2026-09-12 16:18:00,2.71,Express,577.2,505.1,42.49
Sassari,Torino,2026-09-22 13:08:00,1.14,Premium,548.09,487.8,47.74
Milano,Perugia,2026-08-05 15:14:00,1.15,Express,449.5,364.9,50.46
Bologna,Napoli,2026-08-01 13:06:00,5.48,Express,545.03,470.2,48.04
Salerno,Genova,2026-01-22 13:44:00,1.24,Express,711.06,632.9,48.24
Ancona,Trapani,2026-06-06 13:15:00,3.95,Express,728.29,628.1,47.38
Salerno,Reggio Calabria,2026-04-22 12:30:00,3.25,Express,369.68,295.6,50.86
Ancona,Cagliari,2026-03-12 20:29:00,3.91,Express,699.1,611.3,47.23
Catania,Verona,2026-01-19 10:43:00,4.17,Premium,1078.58,945.3,45.84
Pescara,Bari,2026-02-28 18:16:00,1.56,Premium,332.42,266.1,49.13
Trapani,Perugia,2026-09-07 16:56:00,1.52,Premium,643.2,566.1,51.71
Milano,Cagliari,2026-09-06 14:23:00,4.95,Express,784.5,693.9,45.56
Bologna,Reggio Calabria,2026-07-22 11:26:00,1.93,Express,920.34,795.3,50.97
Catania,Milano,2026-01-28 13:46:00,0.44,Express,1138.39,1010.7,48.46
Torino,Milano,2026-07-07 18:53:00,4.72,Premium,172.75,125.1,48.65
Roma,Reggio Calabria,2026-02-04 09:32:00,1.45,Express,580.65,499.5,50.81
Bologna,Salerno,2026-07-06 15:12:00,4.16,Premium,604.59,508.2,44.08
Lecce,Roma,2026-01-10 17:42:00,7.95,Express,578.39,505.1,42.27
Firenze,Verona,2026-03-19 15:52:00,3.04,Express,230.7,186.8,46.47
Cagliari,Napoli,2026-02-03 09:01:00,6.02,Premium,595.7,474.3,52.25
Sassari,Cagliari,2026-09-12 14:07:00,3.34,Express,232.27,174.6,43.16
Pescara,Ancona,2026-06-05 09:33:00,9.11,Premium,210.67,140.6,48.51
Cagliari,Catania,2026-09-09 19:59:00,1.43,Premium,665.86,554.0,47.72
Reggio Calabria,Catania,2026-01-06 11:55:00,2.98,Express,125.64,82.9,43.72
Milano,Palermo,2026-07-21 12:54:00,4.81,Express,1006.45,886.0,43.94
Bari,Genova,2026-05-12 19:00:00,2.63,Express,867.63,743.8,48.38
Milano,Napoli,2026-05-09 12:58:00,6.72,Premium,778.42,657.4,49.19
Cagliari,Sassari,2026-08-27 09:42:00,2.22,Premium,219.64,174.6,49.4
Catania,Perugia,2026-01-13 19:30:00,12.77,Express,789.97,663.3,51.33
Torino,Bari,2026-09-15 16:04:00,13.25,Premium,1006.92,864.4,48.68
Roma,Ancona,2026-01-08 15:28:00,3.65,Express,254.28,208.6,46.14
Bologna,Napoli,2026-04-10 08:03:00,4.42,Express,557.27,470.2,48.08
Torino,Milano,2026-02-07 13:17:00,6.91,Premium,171.73,125.1,48.56
Perugia,Torino,2026-05-23 13:25:00,1.31,Premium,507.28,433.9,48.5
Torino,Perugia,2026-06-12 10:40:00,1.2,Express,511.15,433.9,51.71
Roma,Salerno,2026-06-25 14:54:00,7.23,Express,290.68,233.2,43.32
Genova,Perugia,2026-08-06 10:25:00,3.63,Express,367.65,313.2,53.99
Palermo,Genova,2026-07-25 13:35:00,2.56,Express,887.41,791.1,45.67
Palermo,Reggio Calabria,2026-09-16 18:13:00,3.02,Express,250.4,200.3,48.36
Roma,Pescara,2026-05-03 17:17:00,0.56,Premium,206.61,154.0,43.96
Catania,Roma,2026-02-17 10:54:00,2.63,Express,608.45,536.0,44.52
Genova,Cagliari,2026-02-12 09:54:00,1.77,Express,681.58,577.3,49.32
Catania,Pescara,2026-03-17 07:04:00,5.7,Premium,653.06,555.5,46.01
Firenze,Verona,2026-06-14 11:50:00,6.02,Express,241.06,186.8,46.34
Cagliari,Salerno,2026-01-15 07:16:00,4.49,Express,580.94,508.1,47.38
Ancona,Salerno,2026-09-18 08:47:00,3.96,Premium,413.47,342.8,46.45
Trapani,Pescara,2026-09-28 20:41:00,1.05,Express,599.62,513.6,45.21
Bari,Trapani,2026-02-14 18:58:00,4.54,Express,595.77,506.4,45.14
Torino,Palermo,2026-08-02 14:50:00,4.66,Express,1023.23,904.7,45.2
Ancona,Cagliari,2026-06-12 17:50:00,7.17,Express,725.0,611.3,47.09
Salerno,Pescara,2026-05-12 13:50:00,13.22,Express,268.37,203.3,43.1
Genova,Salerno,2026-07-20 15:25:00,0.92,Express,708.03,632.9,48.13
Palermo,Bologna,2026-06-07 19:51:00,2.29,Express,851.24,728.1,43.48
Firenze,Bologna,2026-03-30 08:06:00,1.78,Premium,122.88,80.4,49.64
Napoli,Firenze,2026-06-03 11:55:00,3.39,Express,492.2,408.7,50.9
Napoli,Sassari,2026-02-07 08:39:00,3.03,Express,550.44,480.8,51.31
Palermo,Napoli,2026-03-11 18:07:00,2.55,Express,383.27,313.4,45.6
Lecce,Verona,2026-09-23 18:30:00,6.16,Premium,946.03,813.3,43.73
Palermo,Torino,2026-02-20 17:06:00,1.39,Express,1015.59,904.7,46.43
Sassari,Perugia,2026-06-13 15:31:00,1.45,Premium,487.4,412.8,48.44
Milano,Reggio Calabria,2026-03-23 13:40:00,1.46,Express,1083.84,976.4,51.73
Lecce,Genova,2026-05-07 07:19:00,2.33,Premium,1003.89,882.3,48.76
Bologna,Bari,2026-03-09 17:50:00,1.27,Express,692.31,586.2,46.72
Lecce,Genova,2026-06-05 19:30:00,2.9,Express,1007.36,882.3,48.28
Bologna,Perugia,2026-06-02 20:31:00,2.67,Express,205.48,175.1,49.66
Cagliari,Pescara,2026-06-18 11:47:00,1.73,Express,648.16,559.4,47.4
Verona,Catania,2026-03-26 09:48:00,5.53,Premium,1091.11,945.3,47.15
Bari,Ancona,2026-06-08 16:09:00,2.88,Express,450.83,391.1,46.49
Napoli,Roma,2026-07-19 07:14:00,6.31,Express,244.39,188.3,48.46
Sassari,Torino,2026-07-16 07:50:00,2.62,Express,550.2,487.8,47.22
Verona,Sassari,2026-06-05 18:30:00,2.95,Express,649.61,559.6,48.51
Bologna,Lecce,2026-03-23 20:23:00,2.02,Express,833.23,725.0,45.11
Cagliari,Perugia,2026-05-26 12:39:00,2.99,Premium,583.81,511.8,53.87
Lecce,Verona,2026-05-27 14:06:00,4.94,Premium,951.81,813.3,43.78
Perugia,Reggio Calabria,2026-09-17 14:37:00,2.25,Express,706.34,620.2,50.0
Verona,Firenze,2026-04-13 08:56:00,4.31,Premium,257.8,186.8,48.51
Catania,Genova,2026-03-30 10:06:00,1.7,Express,1054.71,924.7,50.36
Cagliari,Roma,2026-07-24 11:10:00,5.1,Express,480.62,412.6,46.1
Firenze,Milano,2026-06-23 18:47:00,2.0,Express,302.63,248.8,49.43
Torino,Sassari,2026-04-27 13:08:00,5.45,Express,565.69,487.8,47.03
Ancona,Torino,2026-01-01 17:05:00,3.13,Express,585.05,490.7,51.28
Lecce,Ancona,2026-07-12 09:43:00,8.7,Express,615.87,528.9,46.16
Bologna,Roma,2026-07-21 20:20:00,1.34,Premium,349.59,302.9,42.94
Cagliari,Lecce,2026-09-11 19:22:00,1.07,Express,914.54,783.1,48.92
Trapani,Palermo,2026-05-18 13:39:00,1.95,Express,92.29,72.6,44.86
Ancona,Firenze,2026-05-21 10:09:00,1.14,Express,224.87,183.3,47.18
Genova,Lecce,2026-02-26 20:40:00,1.14,Express,996.0,882.3,49.51
Trapani,Genova,2026-05-06 18:18:00,4.64,Premium,897.97,771.8,50.16
Pescara,Bari,2026-01-01 14:09:00,2.99,Express,330.49,266.1,48.61
Bari,Salerno,2026-05-17 10:44:00,2.14,Express,218.86,183.1,43.85
Napoli,Bologna,2026-07-12 15:41:00,2.29,Express,535.36,470.2,52.23
Verona,Lecce,2026-08-03 12:11:00,1.97,Premium,926.9,813.3,48.93
Milano,Cagliari,2026-06-30 16:26:00,9.52,Express,796.22,693.9,45.37
Palermo,Cagliari,2026-08-08 18:39:00,1.79,Premium,458.92,387.8,42.84
Palermo,Lecce,2026-07-01 13:51:00,1.19,Express,549.13,482.7,42.57
Reggio Calabria,Trapani,2026-08-01 07:40:00,5.24,Express,340.2,272.4,45.26
Cagliari,Trapani,2026-04-30 14:52:00,2.58,Express,388.85,325.7,48.85
Sassari,Lecce,2026-06-14 19:01:00,12.5,Express,943.37,812.8,42.95
Verona,Palermo,2026-06-24 10:07:00,2.08,Express,959.19,837.2,46.68
Bologna,Verona,2026-06-06 20:25:00,5.42,Express,126.55,109.2,43.25
Sassari,Catania,2026-06-05 12:04:00,6.4,Express,780.69,667.2,41.56
Sassari,Trapani,2026-08-02 16:34:00,2.08,Express,535.51,455.8,43.37
Roma,Bologna,2026-03-07 16:49:00,1.78,Express,374.64,302.9,45.89
Lecce,Catania,2026-03-28 09:32:00,5.04,Express,501.68,413.1,43.4
Napoli,Genova,2026-05-22 07:32:00,4.49,Express,681.89,589.3,54.34
Sassari,Ancona,2026-06-26 20:16:00,1.12,Express,608.12,519.8,44.7
Cagliari,Sassari,2026-05-21 16:48:00,1.36,Express,205.73,174.6,48.97
Sassari,Torino,2026-02-24 15:50:00,0.51,Premium,561.76,487.8,47.77
Trapani,Lecce,2026-08-13 11:15:00,4.55,Express,633.2,549.9,46.55
Reggio Calabria,Sassari,2026-05-30 08:30:00,2.5,Express,792.25,674.8,45.45
Genova,Salerno,2026-04-29 10:48:00,2.68,Express,714.66,632.9,48.06
Perugia,Sassari,2026-08-28 14:40:00,0.92,Premium,473.4,412.8,44.72
Bari,Sassari,2026-04-30 16:42:00,1.39,Express,797.39,699.2,45.35
Trapani,Perugia,2026-02-14 11:27:00,2.15,Express,652.43,566.1,51.23
Genova,Bologna,2026-09-26 10:00:00,1.87,Express,221.55,191.5,50.43
Bari,Trapani,2026-04-15 10:29:00,3.26,Express,590.26,506.4,45.19
Salerno,Pescara,2026-09-02 20:27:00,4.51,Premium,269.38,203.3,43.92
Reggio Calabria,Trapani,2026-05-22 15:49:00,14.69,Express,352.75,272.4,44.87
Pescara,Verona,2026-03-08 20:52:00,2.96,Express,487.35,419.7,45.31
Bari,Cagliari,2026-04-13 07:05:00,6.55,Express,793.0,691.3,44.9
Salerno,Milano,2026-09-06 13:24:00,1.68,Premium,815.62,698.2,46.72
Pescara,Cagliari,2026-09-15 13:24:00,0.93,Premium,646.11,559.4,47.41
Salerno,Bari,2026-02-07 12:37:00,2.34,Premium,236.41,183.1,47.08
Sassari,Verona,2026-09-27 12:28:00,0.98,Premium,662.83,559.6,42.17
Catania,Trapani,2026-08-21 08:06:00,3.03,Premium,304.79,231.2,47.6
Catania,Trapani,2026-06-26 07:27:00,1.74,Express,265.53,231.2,47.2
Trapani,Torino,2026-02-20 17:53:00,0.76,Express,995.99,881.3,50.57
Palermo,Pescara,2026-06-10 13:10:00,10.11,Express,570.34,487.9,40.72
Milano,Palermo,2026-04-27 09:16:00,2.06,Express,1022.68,886.0,44.05
Firenze,Verona,2026-02-03 11:51:00,0.95,Express,229.46,186.8,46.55
Pescara,Perugia,2026-09-26 20:03:00,5.63,Express,227.04,165.2,51.5
Salerno,Pescara,2026-06-14 13:32:00,1.8,Express,245.98,203.3,43.57
Ancona,Catania,2026-01-27 20:52:00,6.43,Express,791.46,692.2,45.65
Perugia,Roma,2026-04-04 09:15:00,1.8,Express,166.2,134.8,41.51
Verona,Sassari,2026-08-18 08:42:00,2.05,Express,664.66,559.6,48.54
Firenze,Reggio Calabria,2026-05-01 14:53:00,3.82,Express,832.32,729.6,54.01
Firenze,Napoli,2026-05-16 16:33:00,4.54,Express,458.87,408.7,51.2
Torino,Cagliari,2026-02-08 20:44:00,5.14,Express,755.44,661.1,46.81
Bari,Ancona,2026-01-31 13:31:00,2.82,Express,441.84,391.1,46.5
Lecce,Pescara,2026-09-24 09:48:00,4.34,Express,480.31,405.1,43.58
Napoli,Reggio Calabria,2026-09-18 14:34:00,5.06,Premium,393.84,326.9,57.48
Salerno,Trapani,2026-01-27 11:17:00,3.45,Express,403.75,352.5,44.98
Bologna,Verona,2026-05-30 09:30:00,2.71,Express,145.48,109.2,43.36
Milano,Napoli,2026-07-05 08:14:00,1.09,Premium,756.65,657.4,49.42
Cagliari,Sassari,2026-08-29 17:07:00,4.56,Premium,225.61,174.6,49.3
Salerno,Roma,2026-06-02 15:59:00,3.09,Express,269.63,233.2,42.35
Pescara,Firenze,2026-08-26 09:19:00,2.25,Express,338.71,280.9,46.73
Napoli,Sassari,2026-02-03 14:49:00,7.34,Express,552.29,480.8,51.14
Lecce,Bari,2026-01-04 19:23:00,1.1,Express,186.99,139.0,46.79
Cagliari,Perugia,2026-05-07 18:27:00,9.48,Express,612.88,511.8,53.15
Trapani,Salerno,2026-03-14 13:21:00,2.95,Premium,428.0,352.5,45.68
Pescara,Reggio Calabria,2026-07-26 07:48:00,3.75,Premium,598.78,498.9,53.32
Genova,Trapani,2026-04-02 15:53:00,2.28,Express,883.78,771.8,49.46
Milano,Bari,2026-04-22 14:13:00,0.93,Express,895.6,786.3,47.48
Roma,Palermo,2026-05-27 19:54:00,2.72,Premium,520.53,426.6,43.56
Roma,Salerno,2026-09-20 14:44:00,3.79,Premium,289.42,233.2,43.92
Napoli,Pescara,2026-01-20 17:19:00,4.82,Premium,241.72,179.1,50.14
Genova,Torino,2026-05-31 14:23:00,2.61,Express,152.6,122.4,53.32
Reggio Calabria,Napoli,2026-04-17 14:34:00,0.65,Express,369.95,326.9,48.53
Reggio Calabria,Catania,2026-01-10 11:26:00,1.02,Premium,122.02,82.9,44.26
Perugia,Milano,2026-08-11 12:38:00,12.62,Premium,447.02,364.9,45.37
Bari,Torino,2026-09-07 11:08:00,1.4,Express,993.02,864.4,49.14
Napoli,Bologna,2026-02-17 13:28:00,8.15,Express,559.87,470.2,51.98
Pescara,Firenze,2026-07-27 20:19:00,1.56,Express,324.24,280.9,46.76
Verona,Bari,2026-07-11 11:47:00,2.64,Express,780.42,675.9,50.04
Palermo,Roma,2026-07-12 13:29:00,4.65,Premium,475.42,426.6,40.24
Genova,Catania,2026-05-06 20:14:00,1.69,Express,1065.27,924.7,47.85
Perugia,Genova,2026-03-29 09:07:00,9.14,Express,373.31,313.2,47.01
Cagliari,Sassari,2026-01-20 10:32:00,3.16,Express,219.64,174.6,48.9
Bari,Lecce,2026-01-10 13:54:00,4.14,Express,177.95,139.0,45.17
Reggio Calabria,Bologna,2026-02-18 12:43:00,2.49,Premium,921.6,795.3,46.79
Verona,Ancona,2026-05-25 11:46:00,4.76,Express,336.39,284.9,49.64
Sassari,Catania,2026-02-08 17:53:00,9.06,Express,758.47,667.2,41.45
Perugia,Trapani,2026-07-07 13:59:00,2.74,Premium,652.86,566.1,44.57
Ancona,Palermo,2026-06-19 12:06:00,10.07,Express,708.6,611.7,45.34
Verona,Catania,2026-04-05 13:42:00,1.96,Express,1045.76,945.3,46.84
Milano,Catania,2026-01-24 19:24:00,5.12,Express,1156.18,1010.7,44.08
Firenze,Lecce,2026-05-22 20:46:00,4.22,Express,773.7,685.9,48.14
Torino,Cagliari,2026-08-13 10:24:00,1.42,Express,759.13,661.1,46.96
Roma,Lecce,2026-04-18 07:33:00,3.48,Express,576.99,505.1,44.87
Roma,Perugia,2026-08-09 07:26:00,3.02,Express,186.97,134.8,49.47
Firenze,Sassari,2026-03-20 13:14:00,1.65,Express,464.84,404.0,48.31
Verona,Lecce,2026-01-22 15:48:00,3.85,Express,929.72,813.3,48.4
Napoli,Salerno,2026-06-27 07:43:00,3.32,Express,67.14,46.2,49.84
Palermo,Pescara,2026-08-31 14:06:00,2.85,Express,546.19,487.9,41.02
Salerno,Firenze,2026-08-30 12:35:00,2.86,Express,514.6,449.4,44.69
Reggio Calabria,Trapani,2026-09-19 20:03:00,2.82,Express,327.47,272.4,45.36
Cagliari,Milano,2026-01-30 15:26:00,2.32,Premium,803.48,693.9,50.53
Genova,Cagliari,2026-01-12 12:55:00,3.31,Express,659.49,577.3,49.26
Lecce,Verona,2026-06-05 15:12:00,1.91,Express,907.94,813.3,43.45
Trapani,Torino,2026-09-17 08:53:00,19.27,Express,1042.59,881.3,49.8
Roma,Ancona,2026-09-30 13:39:00,1.12,Express,253.64,208.6,46.24
Lecce,Trapani,2026-03-18 11:36:00,1.99,Express,638.44,549.9,45.16
Roma,Trapani,2026-04-13 09:32:00,2.11,Express,507.81,431.4,44.92
Roma,Sassari,2026-07-01 12:30:00,12.52,Express,411.05,353.8,44.56
Lecce,Firenze,2026-09-07 15:56:00,1.19,Premium,792.25,685.9,45.33
Milano,Pescara,2026-02-17 15:09:00,4.04,Express,602.02,522.1,44.28
Torino,Palermo,2026-09-24 20:29:00,3.57,Express,1040.53,904.7,45.24
Perugia,Pescara,2026-08-12 10:50:00,3.79,Premium,212.5,165.2,43.05
Bologna,Pescara,2026-01-19 16:47:00,7.13,Express,385.52,323.4,43.41
Roma,Pescara,2026-08-18 14:42:00,7.03,Express,201.88,154.0,43.23
Perugia,Palermo,2026-06-25 19:14:00,2.19,Express,648.49,560.9,42.35
Palermo,Reggio Calabria,2026-09-25 19:42:00,3.44,Express,249.31,200.3,48.34
Roma,Palermo,2026-02-27 16:54:00,0.81,Premium,497.28,426.6,43.64
Trapani,Ancona,2026-09-28 12:55:00,3.22,Express,709.53,628.1,47.88
Genova,Ancona,2026-01-13 14:28:00,1.72,Express,435.57,377.4,50.77
Milano,Verona,2026-01-21 16:07:00,2.63,Premium,202.37,140.4,44.56
Cagliari,Trapani,2026-05-03 18:16:00,0.92,Express,398.67,325.7,48.92
Pescara,Perugia,2026-06-29 10:12:00,3.98,Express,208.57,165.2,51.57
Milano,Cagliari,2026-02-15 19:13:00,0.91,Express,812.86,693.9,45.73
Genova,Salerno,2026-03-16 18:13:00,3.33,Express,727.95,632.9,48.03
Reggio Calabria,Bologna,2026-04-17 08:14:00,1.27,Express,938.43,795.3,46.38
Milano,Lecce,2026-02-04 10:46:00,1.66,Express,1041.91,925.2,45.86
Napoli,Genova,2026-02-18 10:18:00,6.73,Express,700.91,589.3,54.25
Milano,Ancona,2026-02-10 15:07:00,4.53,Express,486.63,399.5,47.02
Firenze,Sassari,2026-09-18 09:55:00,6.71,Express,469.46,404.0,48.1
Bologna,Palermo,2026-09-13 11:12:00,8.94,Premium,857.04,728.1,43.48
Sassari,Genova,2026-06-21 09:38:00,1.75,Express,480.69,410.3,46.55
Bari,Palermo,2026-07-06 07:56:00,8.57,Premium,529.05,449.0,43.64
Genova,Ancona,2026-02-07 13:25:00,1.08,Express,439.15,377.4,50.79
Reggio Calabria,Milano,2026-01-14 11:28:00,5.06,Premium,1105.4,976.4,46.93
Bologna,Palermo,2026-04-13 14:03:00,2.12,Premium,840.16,728.1,43.76
Reggio Calabria,Genova,2026-09-26 09:58:00,1.56,Express,1014.87,897.2,48.57
Roma,Sassari,2026-05-11 11:00:00,4.61,Express,417.8,353.8,44.89
Reggio Calabria,Catania,2026-08-09 19:29:00,5.81,Premium,146.17,82.9,44.06
Genova,Bologna,2026-04-11 18:16:00,5.69,Premium,257.18,191.5,50.73
Ancona,Palermo,2026-03-26 10:43:00,3.49,Express,697.33,611.7,45.61
Torino,Napoli,2026-08-10 09:15:00,3.29,Premium,835.95,711.5,50.58
Genova,Lecce,2026-05-09 20:38:00,4.34,Express,985.76,882.3,49.38
Sassari,Ancona,2026-07-19 16:31:00,3.71,Express,587.7,519.8,44.59
Cagliari,Verona,2026-07-18 13:53:00,4.38,Express,802.44,708.5,47.06
Cagliari,Milano,2026-07-18 16:47:00,3.46,Premium,804.04,693.9,50.48
Salerno,Cagliari,2026-07-04 10:05:00,5.41,Express,589.76,508.1,44.74
Trapani,Pescara,2026-08-09 12:59:00,0.96,Express,590.48,513.6,45.21
Torino,Genova,2026-05-07 12:28:00,2.74,Express,155.82,122.4,50.23
Salerno,Trapani,2026-03-24 17:05:00,1.14,Express,413.45,352.5,45.08
Catania,Firenze,2026-05-20 09:34:00,3.64,Express,901.19,767.6,46.8
Trapani,Perugia,2026-03-30 13:50:00,9.47,Express,652.25,566.1,50.92
Reggio Calabria,Palermo,2026-01-12 18:40:00,2.15,Premium,265.01,200.3,44.06
Cagliari,Catania,2026-04-09 09:44:00,3.28,Express,647.35,554.0,47.18
Bologna,Napoli,2026-05-17 08:40:00,5.09,Express,560.76,470.2,48.06
Torino,Bologna,2026-05-23 18:29:00,0.71,Express,348.0,295.2,48.11
Firenze,Pescara,2026-04-03 19:13:00,2.08,Express,353.81,280.9,46.74
Salerno,Bari,2026-07-18 13:01:00,3.87,Express,236.09,183.1,46.56
Bologna,Verona,2026-03-19 07:38:00,0.39,Express,147.79,109.2,43.45
Firenze,Genova,2026-06-26 14:34:00,1.51,Express,240.37,198.5,51.4
Firenze,Sassari,2026-03-15 11:11:00,6.48,Express,467.3,404.0,48.11
Firenze,Palermo,2026-09-27 15:13:00,6.05,Express,775.52,652.7,46.27
Reggio Calabria,Pescara,2026-06-27 08:57:00,3.9,Premium,582.22,498.9,44.29
Trapani,Verona,2026-06-02 18:16:00,5.56,Express,972.91,835.0,44.79
Trapani,Ancona,2026-04-28 16:35:00,3.49,Express,722.47,628.1,47.87
Roma,Catania,2026-07-26 16:01:00,4.43,Express,614.58,536.0,43.19
Catania,Firenze,2026-04-27 14:10:00,2.41,Express,874.32,767.6,46.85
Verona,Firenze,2026-08-08 10:04:00,3.25,Express,220.36,186.8,48.1
Palermo,Napoli,2026-02-13 20:09:00,1.93,Express,371.43,313.4,45.62
Palermo,Torino,2026-08-12 10:43:00,7.26,Express,1035.32,904.7,46.18
Roma,Ancona,2026-09-20 12:07:00,8.7,Express,284.6,208.6,45.93
Salerno,Sassari,2026-03-08 19:58:00,7.88,Express,629.07,523.4,44.88
Verona,Pescara,2026-03-03 07:34:00,2.25,Express,490.91,419.7,46.98
Perugia,Pescara,2026-09-18 08:45:00,1.54,Premium,226.59,165.2,43.14
Pescara,Reggio Calabria,2026-04-21 17:39:00,7.33,Express,611.68,498.9,52.71
Roma,Bologna,2026-07-09 12:09:00,4.39,Express,349.49,302.9,45.78
Firenze,Roma,2026-02-21 15:06:00,3.78,Express,274.14,231.6,45.5
Genova,Catania,2026-04-27 15:07:00,1.93,Express,1027.26,924.7,47.84
Pescara,Palermo,2026-07-11 18:35:00,4.04,Express,578.8,487.9,45.19
Bari,Reggio Calabria,2026-09-02 15:41:00,1.4,Express,416.16,350.6,51.14
Genova,Pescara,2026-04-30 12:57:00,4.68,Express,544.37,478.2,47.88
Roma,Genova,2026-01-21 14:41:00,7.88,Express,488.97,402.1,47.84
Verona,Lecce,2026-04-23 17:20:00,9.4,Express,938.55,813.3,48.17
Palermo,Napoli,2026-06-25 12:18:00,4.93,Express,368.24,313.4,45.5
Lecce,Ancona,2026-08-27 09:23:00,1.14,Express,618.59,528.9,46.48
Milano,Roma,2026-08-16 13:48:00,3.44,Premium,571.02,476.9,43.59
Reggio Calabria,Bari,2026-07-27 20:59:00,13.42,Express,417.13,350.6,46.51
Palermo,Napoli,2026-02-15 08:34:00,1.63,Premium,385.63,313.4,46.09
Ancona,Reggio Calabria,2026-05-22 09:25:00,2.88,Premium,756.25,638.3,53.75
Palermo,Bari,2026-06-07 20:55:00,8.07,Express,529.66,449.0,43.88
Milano,Verona,2026-05-08 18:37:00,4.62,Express,197.01,140.4,44.02
Roma,Lecce,2026-09-09 08:38:00,17.03,Premium,629.39,505.1,44.76
Torino,Ancona,2026-09-20 09:58:00,1.8,Express,567.38,490.7,48.38
Verona,Reggio Calabria,2026-02-27 16:40:00,1.5,Express,1036.93,901.6,54.36
Pescara,Perugia,2026-09-19 17:57:00,7.07,Express,218.02,165.2,51.44
Lecce,Pescara,2026-08-20 17:16:00,1.3,Express,477.57,405.1,43.71
Milano,Salerno,2026-07-12 19:03:00,2.61,Premium,825.14,698.2,44.89
Cagliari,Napoli,2026-04-15 14:05:00,2.87,Premium,548.04,474.3,52.38
Trapani,Sassari,2026-07-27 19:16:00,6.2,Premium,553.95,455.8,47.01
Sassari,Lecce,2026-06-10 15:20:00,4.61,Premium,925.76,812.8,43.73
Torino,Palermo,2026-09-03 13:39:00,4.13,Express,1052.65,904.7,45.22
Genova,Cagliari,2026-07-14 15:54:00,2.26,Express,683.94,577.3,49.3
Genova,Pescara,2026-09-21 13:00:00,7.02,Premium,563.73,478.2,48.24
Torino,Firenze,2026-04-25 15:29:00,30.0,Premium,422.98,317.5,46.07
Palermo,Reggio Calabria,2026-01-23 18:40:00,4.87,Premium,264.96,200.3,48.74
Roma,Sassari,2026-05-15 20:24:00,3.22,Premium,417.45,353.8,45.4
Napoli,Torino,2026-09-30 15:06:00,1.21,Express,809.61,711.5,55.18
Milano,Trapani,2026-06-28 07:04:00,1.92,Express,984.94,872.5,45.84
Pescara,Bologna,2026-07-11 15:41:00,2.58,Premium,367.94,323.4,48.45
Sassari,Bologna,2026-06-20 10:31:00,2.06,Express,547.51,475.9,44.33
Genova,Trapani,2026-06-11 10:18:00,2.97,Express,877.62,771.8,49.43
Sassari,Lecce,2026-01-17 19:20:00,10.41,Express,946.81,812.8,43.04
Catania,Ancona,2026-04-23 13:14:00,7.18,Express,795.09,692.2,48.25
Milano,Firenze,2026-01-24 18:03:00,2.68,Express,301.84,248.8,45.49
Trapani,Sassari,2026-04-02 12:10:00,1.29,Express,533.13,455.8,46.75
Verona,Lecce,2026-07-16 15:29:00,7.65,Express,936.45,813.3,48.24
Trapani,Bari,2026-08-08 16:18:00,2.9,Express,593.97,506.4,48.2
Genova,Roma,2026-03-03 19:30:00,0.9,Express,481.09,402.1,46.87
Sassari,Cagliari,2026-06-28 09:45:00,4.94,Express,224.38,174.6,43.1
Trapani,Lecce,2026-03-03 14:51:00,6.15,Express,642.41,549.9,46.48
Verona,Ancona,2026-02-24 12:40:00,0.55,Express,313.56,284.9,49.81
Ancona,Pescara,2026-09-20 13:29:00,1.68,Express,192.83,140.6,46.0
Roma,Milano,2026-06-16 18:52:00,2.78,Express,564.83,476.9,46.1
Verona,Torino,2026-02-23 08:54:00,5.02,Express,347.98,261.5,52.21
Salerno,Genova,2026-02-08 14:39:00,2.09,Premium,717.64,632.9,48.66
Catania,Ancona,2026-01-14 12:25:00,1.68,Express,776.44,692.2,48.48
Salerno,Cagliari,2026-05-16 19:32:00,4.99,Express,600.73,508.1,44.76
Bologna,Catania,2026-01-28 10:01:00,2.16,Express,953.16,837.3,43.46
Napoli,Salerno,2026-06-09 10:15:00,4.38,Express,77.24,46.2,49.8
Pescara,Bari,2026-04-29 08:16:00,1.38,Premium,334.62,266.1,49.14
Napoli,Milano,2026-06-23 13:09:00,1.16,Premium,748.92,657.4,52.98
Reggio Calabria,Torino,2026-02-26 07:09:00,5.09,Express,1139.2,1017.4,49.13
Catania,Salerno,2026-02-09 14:00:00,3.58,Premium,424.05,353.6,46.19
Pescara,Catania,2026-01-28 10:07:00,5.72,Express,628.96,555.5,45.27
Pescara,Torino,2026-01-27 12:36:00,2.07,Express,670.18,598.4,50.93
Pescara,Salerno,2026-01-20 15:28:00,1.72,Express,240.7,203.3,45.69
Firenze,Reggio Calabria,2026-03-12 16:34:00,7.78,Express,842.63,729.6,53.85
Genova,Torino,2026-08-07 07:51:00,1.03,Express,173.4,122.4,53.38
Firenze,Bologna,2026-06-15 09:04:00,7.2,Express,137.91,80.4,48.96
Napoli,Sassari,2026-03-10 11:26:00,7.56,Express,575.9,480.8,51.13
Perugia,Firenze,2026-09-12 14:16:00,5.48,Express,158.55,117.7,43.68
Lecce,Roma,2026-07-27 19:22:00,1.85,Express,595.67,505.1,42.52
Milano,Trapani,2026-08-01 08:56:00,1.69,Express,1022.06,872.5,45.85
Firenze,Napoli,2026-09-03 07:57:00,2.59,Express,460.77,408.7,51.28
Catania,Bari,2026-07-23 15:48:00,1.21,Express,491.02,429.6,48.81
Reggio Calabria,Lecce,2026-09-19 20:42:00,1.53,Express,379.0,330.4,45.42
Sassari,Milano,2026-04-01 18:37:00,4.71,Express,631.14,528.4,44.48
Firenze,Trapani,2026-08-22 14:54:00,4.73,Premium,737.83,648.5,48.56
Torino,Trapani,2026-01-31 07:16:00,1.44,Express,1002.04,881.3,47.12
Perugia,Pescara,2026-03-23 15:04:00,4.82,Express,212.55,165.2,42.55
Cagliari,Verona,2026-09-01 13:23:00,4.12,Premium,824.48,708.5,47.53
Lecce,Milano,2026-02-06 13:15:00,8.63,Express,1064.92,925.2,46.1
Ancona,Milano,2026-05-17 13:53:00,4.47,Express,478.93,399.5,48.57
Ancona,Sassari,2026-04-03 14:51:00,6.29,Express,602.47,519.8,47.36
Genova,Reggio Calabria,2026-01-28 17:05:00,4.19,Express,1036.53,897.2,55.25
Napoli,Palermo,2026-03-06 09:41:00,5.96,Express,377.84,313.4,49.33
Salerno,Napoli,2026-05-27 08:02:00,1.22,Express,71.47,46.2,48.16
Bologna,Roma,2026-06-22 07:43:00,2.75,Express,374.38,302.9,42.43
Sassari,Salerno,2026-07-04 12:41:00,2.92,Premium,597.8,523.4,42.41
Catania,Napoli,2026-02-05 14:06:00,2.53,Express,446.26,378.1,50.25
Bologna,Ancona,2026-03-29 17:59:00,4.09,Express,257.84,199.3,46.3
Reggio Calabria,Bologna,2026-01-29 13:04:00,4.68,Premium,925.39,795.3,46.7
Salerno,Bologna,2026-01-03 14:27:00,3.95,Express,566.96,508.2,45.92
Pescara,Napoli,2026-04-17 20:40:00,2.65,Premium,234.88,179.1,50.58
Bologna,Pescara,2026-06-19 17:29:00,1.79,Express,389.39,323.4,43.63
Bologna,Sassari,2026-04-12 16:40:00,6.47,Express,545.5,475.9,44.99
Lecce,Catania,2026-01-11 12:05:00,3.83,Premium,482.24,413.1,43.91
Napoli,Salerno,2026-03-02 09:07:00,1.47,Express,91.86,46.2,49.92
Verona,Reggio Calabria,2026-04-29 19:52:00,2.62,Premium,1048.04,901.6,54.77
Firenze,Bari,2026-04-08 14:44:00,0.89,Express,623.89,547.1,49.86
Cagliari,Lecce,2026-08-14 08:04:00,3.08,Premium,898.32,783.1,49.29
Trapani,Genova,2026-06-13 13:45:00,2.61,Express,863.81,771.8,49.78
Cagliari,Torino,2026-09-30 08:16:00,2.01,Express,773.05,661.1,52.74
Ancona,Trapani,2026-02-17 20:44:00,9.1,Express,714.78,628.1,47.17
Milano,Sassari,2026-04-12 14:23:00,1.34,Premium,607.97,528.4,46.4
Milano,Palermo,2026-01-24 17:59:00,4.92,Express,1043.69,886.0,43.93
Pescara,Napoli,2026-01-06 13:35:00,13.86,Express,240.38,179.1,49.66
Torino,Genova,2026-09-10 07:16:00,6.38,Premium,175.97,122.4,50.53
Trapani,Salerno,2026-05-15 15:56:00,2.93,Express,401.41,352.5,45.22
Firenze,Bari,2026-06-30 16:08:00,1.36,Express,613.61,547.1,49.84
Verona,Firenze,2026-03-17 10:12:00,1.16,Express,233.29,186.8,48.18
Pescara,Bologna,2026-01-15 17:01:00,2.25,Express,387.83,323.4,48.01
Bari,Napoli,2026-09-01 10:09:00,1.85,Express,275.28,220.3,48.34
Trapani,Firenze,2026-06-29 16:40:00,1.81,Express,740.67,648.5,46.34
Bologna,Cagliari,2026-07-14 17:29:00,2.39,Express,749.48,614.1,44.93
Perugia,Lecce,2026-05-26 08:55:00,2.79,Express,659.93,569.2,44.12
Salerno,Torino,2026-04-21 11:05:00,4.21,Express,865.34,755.2,48.82
Catania,Perugia,2026-04-26 09:17:00,1.26,Express,755.99,663.3,51.8
Firenze,Sassari,2026-07-28 17:10:00,1.86,Express,491.04,404.0,48.3
Napoli,Trapani,2026-03-04 10:17:00,2.68,Express,412.06,348.0,51.25
Torino,Trapani,2026-04-04 15:58:00,2.62,Express,987.56,881.3,47.07
Catania,Lecce,2026-03-25 12:50:00,10.85,Express,489.11,413.1,46.83
Reggio Calabria,Torino,2026-05-23 08:09:00,3.53,Express,1175.43,1017.4,49.2
Napoli,Trapani,2026-09-22 19:21:00,0.97,Express,429.61,348.0,51.32
Bologna,Verona,2026-09-09 16:57:00,4.02,Express,130.18,109.2,43.3
Roma,Lecce,2026-05-29 10:39:00,4.4,Premium,587.17,505.1,45.29
Sassari,Catania,2026-02-24 19:18:00,2.75,Express,792.67,667.2,41.71
Perugia,Torino,2026-09-14 16:55:00,1.28,Premium,506.41,433.9,48.5
Cagliari,Trapani,2026-03-27 18:25:00,10.27,Express,408.1,325.7,48.53
Cagliari,Trapani,2026-04-08 09:29:00,1.42,Express,403.26,325.7,48.9
Milano,Perugia,2026-08-30 07:07:00,4.76,Premium,420.22,364.9,50.77
Palermo,Bologna,2026-03-13 07:51:00,3.45,Premium,828.74,728.1,43.89
Perugia,Milano,2026-05-07 14:33:00,4.57,Express,426.02,364.9,45.25
Catania,Roma,2026-09-08 18:00:00,9.91,Express,651.47,536.0,44.21
Palermo,Perugia,2026-03-28 19:47:00,4.44,Express,666.03,560.9,47.02
Firenze,Genova,2026-06-20 20:27:00,2.03,Express,244.77,198.5,51.38
Reggio Calabria,Genova,2026-01-11 15:22:00,6.51,Express,1019.31,897.2,48.37
Salerno,Bari,2026-09-29 15:50:00,1.93,Express,234.69,183.1,46.64
Reggio Calabria,Firenze,2026-04-25 11:03:00,3.36,Express,828.17,729.6,45.02
Ancona,Reggio Calabria,2026-07-02 07:00:00,1.21,Express,733.78,638.3,53.36
Verona,Catania,2026-05-17 09:43:00,1.46,Express,1087.62,945.3,46.86
Ancona,Verona,2026-04-29 07:46:00,3.11,Express,355.17,284.9,45.71
Verona,Bari,2026-04-21 16:35:00,3.88,Express,773.25,675.9,49.98
Ancona,Perugia,2026-01-05 14:02:00,0.91,Premium,141.2,107.5,52.55
Palermo,Napoli,2026-03-17 17:47:00,4.25,Express,396.59,313.4,45.52
Bologna,Sassari,2026-04-14 09:04:00,1.69,Premium,581.04,475.9,45.65
Bari,Torino,2026-04-11 19:46:00,7.35,Premium,999.02,864.4,49.35
Reggio Calabria,Palermo,2026-03-16 17:04:00,2.34,Premium,251.06,200.3,44.05
Roma,Pescara,2026-06-25 19:40:00,1.37,Express,214.41,154.0,43.47
Bologna,Reggio Calabria,2026-08-15 16:04:00,3.16,Premium,892.95,795.3,51.38
Verona,Palermo,2026-09-01 11:44:00,1.58,Premium,939.69,837.2,47.16
Genova,Cagliari,2026-09-23 15:45:00,7.29,Premium,673.71,577.3,49.55
Genova,Milano,2026-06-27 15:27:00,3.0,Express,150.23,118.5,50.64
Firenze,Catania,2026-04-23 09:31:00,2.7,Express,874.3,767.6,46.56
Napoli,Catania,2026-06-26 08:25:00,4.54,Express,457.09,378.1,49.54
Cagliari,Pescara,2026-02-06 16:06:00,1.48,Express,642.44,559.4,47.41
Milano,Catania,2026-08-12 08:19:00,1.22,Express,1148.07,1010.7,44.24
Catania,Napoli,2026-05-27 08:24:00,3.99,Premium,481.38,378.1,50.64
Bari,Sassari,2026-02-15 08:00:00,1.39,Express,808.32,699.2,45.35
Lecce,Pescara,2026-04-27 15:42:00,1.39,Express,479.43,405.1,43.71
Reggio Calabria,Cagliari,2026-03-24 19:58:00,5.39,Premium,673.06,580.1,45.55
Salerno,Roma,2026-04-06 13:57:00,4.33,Express,266.92,233.2,42.3
Lecce,Roma,2026-01-14 09:08:00,1.25,Express,595.7,505.1,42.55
Genova,Sassari,2026-01-05 14:10:00,1.94,Premium,500.37,410.3,50.01
Salerno,Cagliari,2026-04-06 13:45:00,1.59,Premium,579.88,508.1,45.36
Reggio Calabria,Verona,2026-03-24 15:18:00,10.4,Express,1034.84,901.6,43.33
Sassari,Perugia,2026-09-30 13:03:00,5.66,Express,470.78,412.8,47.81
Trapani,Firenze,2026-03-13 14:26:00,2.23,Express,732.69,648.5,46.32
Sassari,Torino,2026-03-31 11:32:00,4.49,Express,566.61,487.8,47.14
Trapani,Firenze,2026-09-07 19:41:00,1.16,Premium,752.34,648.5,46.82
Milano,Firenze,2026-08-23 14:31:00,1.87,Premium,286.17,248.8,45.98
Lecce,Sassari,2026-01-16 11:21:00,3.23,Express,910.64,812.8,45.18
Genova,Torino,2026-01-24 07:02:00,4.12,Express,136.3,122.4,53.25
Catania,Genova,2026-01-26 16:30:00,2.8,Express,1052.4,924.7,50.31
Roma,Cagliari,2026-05-06 12:19:00,3.57,Express,485.83,412.6,44.7
Roma,Trapani,2026-06-06 10:29:00,3.17,Express,503.07,431.4,44.87
Sassari,Salerno,2026-04-06 13:42:00,2.68,Express,592.47,523.4,41.96
Cagliari,Ancona,2026-01-04 13:47:00,2.44,Premium,712.98,611.3,50.59
Napoli,Reggio Calabria,2026-02-25 18:14:00,2.23,Express,401.6,326.9,57.14
Catania,Cagliari,2026-06-17 14:35:00,3.53,Express,636.92,554.0,46.96
Torino,Sassari,2026-04-12 16:48:00,4.0,Express,559.38,487.8,47.09
Firenze,Bari,2026-02-03 16:03:00,3.45,Premium,629.52,547.1,50.21
Bologna,Verona,2026-06-27 18:53:00,1.31,Premium,157.18,109.2,43.87
Perugia,Cagliari,2026-06-17 07:05:00,1.49,Express,603.06,511.8,44.01
Torino,Milano,2026-05-14 12:16:00,3.97,Express,172.38,125.1,48.22
Trapani,Catania,2026-09-14 17:00:00,8.4,Premium,301.93,231.2,45.2
Bari,Sassari,2026-08-19 08:58:00,3.34,Express,815.34,699.2,45.27
Genova,Lecce,2026-01-11 13:11:00,2.25,Express,985.67,882.3,49.47
Cagliari,Roma,2026-09-05 12:36:00,3.51,Express,484.06,412.6,46.17
Genova,Bari,2026-01-14 18:16:00,1.35,Premium,855.16,743.8,51.55
Palermo,Napoli,2026-05-12 20:28:00,7.5,Express,382.42,313.4,45.39
Firenze,Trapani,2026-09-04 08:29:00,3.42,Express,783.35,648.5,48.16
Bari,Trapani,2026-09-26 10:00:00,1.88,Express,572.78,506.4,45.25
Palermo,Catania,2026-01-07 17:50:00,2.67,Express,246.14,166.4,40.87
Bari,Lecce,2026-01-20 09:26:00,2.07,Express,190.48,139.0,45.25
Catania,Milano,2026-03-07 13:57:00,7.51,Premium,1146.82,1010.7,48.63
Ancona,Perugia,2026-03-17 20:13:00,2.6,Premium,138.41,107.5,52.48
Bari,Palermo,2026-03-18 20:39:00,3.34,Express,543.53,449.0,43.4
Milano,Bologna,2026-04-24 20:17:00,4.48,Express,250.51,200.6,46.7
Torino,Salerno,2026-03-29 08:52:00,1.79,Premium,868.16,755.2,46.17
Salerno,Catania,2026-06-09 09:05:00,3.44,Premium,430.98,353.6,43.81
Bari,Genova,2026-08-22 09:27:00,3.64,Express,861.21,743.8,48.34
Ancona,Sassari,2026-05-30 17:46:00,1.01,Express,603.95,519.8,47.58
Genova,Reggio Calabria,2026-04-01 09:30:00,3.58,Express,1033.77,897.2,55.28
Reggio Calabria,Lecce,2026-06-05 13:00:00,2.91,Express,405.16,330.4,45.36
Roma,Trapani,2026-06-19 18:27:00,3.29,Express,501.04,431.4,44.87
Sassari,Lecce,2026-09-02 13:53:00,3.08,Express,930.14,812.8,43.34
Genova,Perugia,2026-09-16 20:10:00,3.6,Express,368.65,313.2,53.99
Cagliari,Catania,2026-03-17 13:58:00,7.65,Premium,645.04,554.0,47.46
Ancona,Cagliari,2026-09-08 12:18:00,1.31,Premium,714.95,611.3,47.79
Bologna,Napoli,2026-08-12 20:33:00,2.36,Premium,534.42,470.2,48.63
Bari,Perugia,2026-02-04 14:39:00,4.78,Express,477.98,430.6,49.72
Torino,Sassari,2026-06-02 09:35:00,4.2,Express,578.49,487.8,47.08
Firenze,Lecce,2026-02-11 15:52:00,4.14,Express,782.95,685.9,48.14
Sassari,Torino,2026-05-14 17:49:00,20.62,Express,587.35,487.8,46.48
Perugia,Pescara,2026-01-13 18:44:00,4.61,Express,201.33,165.2,42.56
Palermo,Bari,2026-03-23 07:04:00,6.62,Express,544.11,449.0,43.94
Napoli,Roma,2026-06-10 08:31:00,2.42,Premium,252.44,188.3,49.08
Sassari,Perugia,2026-03-25 15:48:00,1.5,Premium,484.09,412.8,48.44
Ancona,Lecce,2026-01-03 17:23:00,2.41,Express,638.25,528.9,47.45
Bari,Napoli,2026-04-17 16:08:00,4.94,Premium,285.4,220.3,48.67
Milano,Genova,2026-05-28 12:21:00,3.99,Express,171.38,118.5,48.92
Lecce,Pescara,2026-07-28 17:33:00,3.98,Express,472.23,405.1,43.6
Palermo,Perugia,2026-02-07 15:06:00,2.58,Express,627.87,560.9,47.1
Roma,Milano,2026-05-11 19:57:00,2.31,Express,567.55,476.9,46.12
Perugia,Firenze,2026-02-24 12:08:00,2.65,Express,154.92,117.7,43.8
Firenze,Lecce,2026-02-11 17:33:00,4.98,Express,810.09,685.9,48.1
Genova,Napoli,2026-02-03 09:00:00,5.4,Express,674.57,589.3,52.42
Salerno,Napoli,2026-07-27 17:15:00,1.48,Premium,95.54,46.2,48.61
Catania,Genova,2026-09-09 17:14:00,5.12,Express,1073.01,924.7,50.22
Palermo,Perugia,2026-07-01 10:33:00,1.9,Express,651.39,560.9,47.12
Palermo,Catania,2026-04-14 07:51:00,4.17,Express,203.09,166.4,40.81
Salerno,Palermo,2026-09-17 20:53:00,2.62,Express,368.84,309.4,43.23
Roma,Bologna,2026-05-16 08:04:00,8.98,Express,367.32,302.9,45.59
Napoli,Sassari,2026-05-25 13:33:00,2.24,Express,550.66,480.8,51.35
Genova,Salerno,2026-06-23 07:00:00,3.4,Premium,720.87,632.9,48.48
Lecce,Sassari,2026-06-28 12:50:00,4.59,Express,915.37,812.8,45.13
Milano,Reggio Calabria,2026-05-15 18:29:00,1.63,Express,1112.93,976.4,51.73
Catania,Roma,2026-05-11 14:01:00,2.85,Express,610.93,536.0,44.51
Pescara,Bari,2026-03-28 10:21:00,2.49,Premium,311.84,266.1,49.09
Catania,Genova,2026-07-05 12:31:00,2.09,Express,1030.58,924.7,50.34
Pescara,Reggio Calabria,2026-07-03 08:17:00,2.21,Express,605.21,498.9,52.92
Salerno,Sassari,2026-04-30 15:18:00,6.53,Premium,609.33,523.4,45.39
Verona,Perugia,2026-07-14 07:03:00,1.97,Express,335.62,282.0,53.06
Bologna,Torino,2026-02-07 11:53:00,4.46,Express,330.09,295.2,48.87
Salerno,Firenze,2026-04-24 07:50:00,3.74,Express,534.54,449.4,44.65
Bari,Cagliari,2026-09-27 10:21:00,1.13,Express,784.45,691.3,45.12
Genova,Bari,2026-07-20 07:56:00,4.31,Premium,851.47,743.8,51.43
Cagliari,Perugia,2026-07-16 19:59:00,1.12,Express,593.98,511.8,53.49
Cagliari,Reggio Calabria,2026-08-24 17:48:00,4.66,Express,688.23,580.1,54.63
Cagliari,Firenze,2026-06-16 19:59:00,2.1,Express,597.27,536.1,48.55
Ancona,Salerno,2026-06-30 16:33:00,3.02,Express,393.13,342.8,46.03
Sassari,Roma,2026-05-12 13:56:00,1.21,Express,409.74,353.8,40.77
Bari,Lecce,2026-08-14 09:26:00,3.27,Premium,193.07,139.0,45.66
Lecce,Catania,2026-07-14 20:28:00,5.74,Express,508.67,413.1,43.37
Reggio Calabria,Roma,2026-05-23 19:50:00,1.71,Premium,586.19,499.5,43.22
Verona,Reggio Calabria,2026-02-04 12:49:00,1.96,Premium,1037.64,901.6,54.8
Torino,Cagliari,2026-08-09 10:09:00,4.12,Express,771.8,661.1,46.85
Bologna,Firenze,2026-03-31 12:25:00,4.2,Premium,125.32,80.4,45.15
Verona,Napoli,2026-04-09 12:31:00,0.55,Premium,656.49,575.5,52.07
Reggio Calabria,Palermo,2026-02-04 19:50:00,12.3,Express,256.2,200.3,43.18
Cagliari,Catania,2026-03-01 07:56:00,4.34,Express,642.52,554.0,47.14
Milano,Trapani,2026-02-04 15:51:00,4.89,Express,1009.25,872.5,45.72
Trapani,Lecce,2026-01-27 17:45:00,2.71,Express,648.54,549.9,46.62
Lecce,Palermo,2026-01-06 17:40:00,0.82,Premium,584.9,482.7,43.88
Cagliari,Bari,2026-03-22 09:42:00,4.81,Express,826.22,691.3,50.35
Torino,Firenze,2026-07-26 12:46:00,2.02,Express,377.18,317.5,46.77
Verona,Catania,2026-08-24 11:47:00,4.39,Express,1061.89,945.3,46.74
Verona,Catania,2026-03-04 12:41:00,2.57,Express,1070.68,945.3,46.81
Verona,Napoli,2026-04-26 08:13:00,3.54,Premium,690.42,575.5,51.95
Torino,Perugia,2026-08-16 08:09:00,1.74,Premium,514.28,433.9,52.15
Napoli,Cagliari,2026-07-12 07:20:00,5.49,Premium,570.34,474.3,51.44
Cagliari,Sassari,2026-09-04 20:32:00,1.31,Express,211.24,174.6,48.98
Pescara,Sassari,2026-04-25 12:50:00,14.45,Express,601.98,507.6,46.62
Catania,Sassari,2026-02-16 10:11:00,14.37,Premium,782.38,667.2,47.21
Napoli,Palermo,2026-02-09 18:10:00,9.41,Express,391.98,313.4,49.19
Reggio Calabria,Ancona,2026-07-13 13:55:00,7.33,Express,738.3,638.3,46.45
Trapani,Milano,2026-01-08 12:06:00,2.83,Express,973.62,872.5,47.82
Firenze,Lecce,2026-05-06 08:36:00,6.79,Express,795.89,685.9,48.03
Firenze,Trapani,2026-04-07 12:24:00,2.8,Express,728.4,648.5,48.19
Roma,Torino,2026-09-08 16:03:00,1.01,Express,595.75,524.1,48.83
Ancona,Torino,2026-09-30 15:43:00,8.59,Express,566.16,490.7,51.06
Perugia,Reggio Calabria,2026-05-13 12:28:00,6.61,Premium,732.17,620.2,50.28
Roma,Reggio Calabria,2026-06-08 15:34:00,2.93,Express,585.63,499.5,50.75
Perugia,Palermo,2026-04-14 17:44:00,1.27,Express,658.68,560.9,42.39
Lecce,Ancona,2026-08-01 20:01:00,1.99,Express,590.99,528.9,46.44
Sassari,Lecce,2026-03-22 14:23:00,0.84,Express,916.35,812.8,43.43
Lecce,Roma,2026-07-23 10:11:00,5.81,Express,572.47,505.1,42.36
Roma,Sassari,2026-09-04 08:48:00,0.98,Premium,428.11,353.8,45.5
Napoli,Perugia,2026-02-16 09:12:00,3.67,Express,368.25,295.4,55.8
Ancona,Roma,2026-03-03 07:09:00,1.66,Express,260.18,208.6,44.83
Palermo,Ancona,2026-04-14 14:48:00,1.11,Premium,709.08,611.7,44.31
Ancona,Napoli,2026-08-14 09:58:00,3.54,Express,394.93,314.1,50.48
Trapani,Palermo,2026-06-24 10:09:00,2.37,Express,102.86,72.6,44.84
Pescara,Torino,2026-02-23 17:08:00,5.39,Express,698.6,598.4,50.79
Lecce,Genova,2026-04-11 11:28:00,1.24,Express,1003.91,882.3,48.35
Napoli,Catania,2026-06-25 18:35:00,1.77,Express,459.78,378.1,49.66
Pescara,Lecce,2026-09-21 08:55:00,0.56,Express,473.66,405.1,47.13
Firenze,Cagliari,2026-05-04 11:46:00,0.65,Premium,623.41,536.1,48.58
Firenze,Perugia,2026-01-21 07:43:00,10.56,Express,159.69,117.7,52.45
Milano,Pescara,2026-01-29 14:30:00,12.9,Express,595.32,522.1,43.91
Firenze,Sassari,2026-01-08 08:44:00,3.2,Premium,493.13,404.0,48.7
Salerno,Verona,2026-02-04 10:21:00,1.69,Premium,692.32,611.8,43.8
Bologna,Bari,2026-04-23 17:17:00,2.43,Express,686.29,586.2,46.68
Sassari,Catania,2026-03-18 19:19:00,5.53,Premium,769.27,667.2,42.05
Genova,Bologna,2026-03-24 14:38:00,2.09,Premium,231.72,191.5,50.88
Perugia,Catania,2026-07-29 20:30:00,3.54,Express,754.02,663.3,42.44
Cagliari,Sassari,2026-05-11 17:35:00,2.97,Express,238.42,174.6,48.91
Lecce,Bologna,2026-07-19 17:32:00,2.01,Express,828.21,725.0,46.12
Salerno,Ancona,2026-05-28 20:52:00,2.08,Express,389.21,342.8,46.32
Firenze,Torino,2026-02-25 08:14:00,3.68,Express,389.94,317.5,52.02
Bologna,Verona,2026-09-16 10:15:00,1.51,Express,137.39,109.2,43.41
Palermo,Catania,2026-05-11 13:07:00,4.12,Premium,221.99,166.4,41.27
Cagliari,Genova,2026-08-17 15:39:00,2.16,Express,650.58,577.3,52.03
Genova,Palermo,2026-01-27 20:52:00,3.28,Express,902.0,791.1,47.63
Napoli,Palermo,2026-08-20 08:23:00,7.9,Premium,419.81,313.4,49.71
Perugia,Verona,2026-07-15 10:12:00,2.67,Premium,337.98,282.0,42.86
Pescara,Milano,2026-03-10 11:10:00,5.71,Premium,613.49,522.1,48.58
Reggio Calabria,Ancona,2026-08-05 16:23:00,0.86,Express,709.86,638.3,46.72
Sassari,Milano,2026-07-22 20:19:00,2.16,Express,597.85,528.4,44.58
Bari,Perugia,2026-09-01 20:08:00,3.06,Express,503.66,430.6,49.79
Lecce,Palermo,2026-02-27 17:28:00,11.53,Express,578.33,482.7,42.98
Ancona,Palermo,2026-08-30 17:49:00,0.76,Express,711.97,611.7,45.73
Ancona,Trapani,2026-07-28 12:49:00,2.8,Premium,729.35,628.1,47.89
Catania,Sassari,2026-04-03 15:31:00,8.32,Express,756.63,667.2,47.0
Perugia,Firenze,2026-04-06 09:23:00,1.73,Express,171.54,117.7,43.83
Torino,Lecce,2026-03-11 14:05:00,2.58,Express,1122.02,1003.1,47.08
Salerno,Reggio Calabria,2026-05-11 11:05:00,3.78,Express,342.47,295.6,50.84
Pescara,Milano,2026-09-02 20:00:00,3.41,Express,603.47,522.1,48.22
Salerno,Milano,2026-08-17 12:08:00,8.98,Express,820.89,698.2,45.97
Cagliari,Catania,2026-02-09 12:31:00,4.11,Express,627.68,554.0,47.15
Sassari,Firenze,2026-02-05 12:38:00,7.6,Premium,484.8,404.0,43.28
Torino,Roma,2026-01-17 19:37:00,2.33,Express,612.36,524.1,44.44
Bari,Sassari,2026-06-17 20:03:00,1.79,Express,802.2,699.2,45.33
Napoli,Salerno,2026-03-27 13:02:00,2.56,Premium,89.97,46.2,50.33
Sassari,Genova,2026-07-27 20:56:00,1.33,Express,469.86,410.3,46.57
Napoli,Bologna,2026-07-27 17:35:00,4.21,Express,566.93,470.2,52.15
Sassari,Cagliari,2026-02-23 18:51:00,2.29,Express,238.69,174.6,43.21
Trapani,Lecce,2026-07-09 19:49:00,1.87,Express,659.66,549.9,46.66
Napoli,Palermo,2026-07-28 11:39:00,4.25,Express,375.66,313.4,49.4
Bari,Torino,2026-09-27 14:42:00,1.35,Express,977.03,864.4,49.14
Genova,Torino,2026-07-17 10:59:00,5.14,Express,154.94,122.4,53.21
Catania,Ancona,2026-04-09 11:20:00,2.15,Express,773.73,692.2,48.46
Napoli,Roma,2026-09-30 13:30:00,6.75,Express,232.52,188.3,48.44
Perugia,Firenze,2026-03-17 07:42:00,2.28,Premium,158.34,117.7,44.27
Napoli,Cagliari,2026-08-08 10:00:00,4.67,Premium,552.95,474.3,51.47
Cagliari,Perugia,2026-04-14 18:19:00,3.4,Express,607.73,511.8,53.4
Genova,Ancona,2026-09-13 09:19:00,5.05,Express,437.32,377.4,50.63
Reggio Calabria,Genova,2026-08-02 15:42:00,3.24,Express,1012.98,897.2,48.5
Ancona,Perugia,2026-06-13 17:43:00,0.94,Express,165.82,107.5,52.09
Catania,Firenze,2026-02-28 10:40:00,6.08,Express,884.93,767.6,46.7
Torino,Perugia,2026-02-21 13:24:00,2.82,Premium,512.55,433.9,52.1
Bari,Napoli,2026-09-16 19:17:00,5.21,Express,284.49,220.3,48.2
Milano,Salerno,2026-08-07 18:41:00,4.86,Express,807.38,698.2,44.34
Catania,Cagliari,2026-05-20 19:53:00,1.75,Express,628.64,554.0,47.04
Bologna,Bari,2026-08-28 15:47:00,1.58,Premium,681.31,586.2,47.17
Milano,Palermo,2026-08-02 19:25:00,4.75,Express,992.14,886.0,43.94
Palermo,Firenze,2026-04-16 12:34:00,2.43,Express,741.62,652.7,42.2
Cagliari,Roma,2026-08-14 15:25:00,5.78,Premium,490.13,412.6,46.53
Bari,Cagliari,2026-08-06 16:20:00,2.65,Express,783.58,691.3,45.06
Bologna,Perugia,2026-05-11 20:40:00,6.14,Express,241.44,175.1,49.51
Reggio Calabria,Verona,2026-01-06 12:09:00,4.03,Express,1042.09,901.6,43.6
Torino,Bari,2026-07-22 19:14:00,3.67,Express,1004.26,864.4,48.62
Cagliari,Genova,2026-04-03 14:07:00,2.31,Express,651.67,577.3,52.02
Genova,Sassari,2026-04-10 08:27:00,3.53,Express,508.42,410.3,49.48
Genova,Palermo,2026-07-14 16:10:00,6.91,Express,911.52,791.1,47.48
Lecce,Cagliari,2026-08-10 20:44:00,2.89,Express,881.01,783.1,44.96
Catania,Torino,2026-01-24 13:20:00,4.35,Premium,1185.21,1042.5,51.41
Bari,Salerno,2026-08-13 14:40:00,3.1,Express,233.73,183.1,43.81
Palermo,Torino,2026-03-21 19:58:00,3.27,Premium,1036.18,904.7,46.81
Lecce,Genova,2026-06-04 19:52:00,10.02,Premium,1031.75,882.3,48.45
Genova,Napoli,2026-08-26 12:36:00,6.96,Premium,691.38,589.3,52.81
Firenze,Salerno,2026-03-01 17:38:00,3.17,Express,518.1,449.4,46.79
Trapani,Cagliari,2026-03-02 15:50:00,3.49,Express,380.4,325.7,46.43
Pescara,Catania,2026-09-22 16:03:00,1.84,Express,625.71,555.5,45.43
Milano,Salerno,2026-04-12 17:05:00,2.66,Express,813.42,698.2,44.43
Catania,Cagliari,2026-09-16 11:34:00,3.73,Express,628.07,554.0,46.96
Sassari,Salerno,2026-04-08 11:16:00,5.44,Express,608.62,523.4,41.85
Torino,Napoli,2026-06-19 07:22:00,5.07,Express,800.3,711.5,50.05
Ancona,Verona,2026-05-20 18:59:00,1.38,Express,335.27,284.9,45.78
Trapani,Ancona,2026-09-26 10:52:00,5.94,Premium,715.0,628.1,48.22
Reggio Calabria,Trapani,2026-05-31 16:26:00,2.82,Express,317.04,272.4,45.36
Bari,Catania,2026-05-18 16:36:00,1.5,Express,497.39,429.6,43.63
Salerno,Ancona,2026-05-08 16:50:00,7.65,Express,411.96,342.8,46.09
Bologna,Roma,2026-04-13 19:05:00,8.36,Express,359.43,302.9,42.19
Bari,Palermo,2026-05-01 19:09:00,3.61,Express,530.6,449.0,43.39
Bologna,Sassari,2026-05-06 07:01:00,4.93,Express,544.68,475.9,45.05
Napoli,Bologna,2026-07-28 18:45:00,5.13,Express,563.53,470.2,52.11
Pescara,Bari,2026-01-13 09:54:00,7.97,Express,332.98,266.1,48.41
Milano,Perugia,2026-05-17 16:02:00,4.99,Express,425.08,364.9,50.3
Bologna,Torino,2026-05-30 16:25:00,1.18,Premium,342.31,295.2,49.46
Cagliari,Milano,2026-07-25 07:45:00,12.25,Premium,826.6,693.9,50.12
Torino,Salerno,2026-07-01 10:58:00,6.33,Express,851.79,755.2,45.53
Verona,Trapani,2026-04-28 19:44:00,2.1,Express,954.91,835.0,48.46
Salerno,Torino,2026-01-30 08:59:00,1.46,Express,870.4,755.2,48.93
Bologna,Palermo,2026-04-12 10:14:00,4.27,Premium,832.85,728.1,43.68
Sassari,Reggio Calabria,2026-03-11 08:08:00,2.47,Express,773.88,674.8,49.23
Reggio Calabria,Palermo,2026-02-25 09:20:00,3.78,Express,238.15,200.3,43.53
Palermo,Reggio Calabria,2026-07-16 15:55:00,5.05,Premium,246.26,200.3,48.73
Bologna,Perugia,2026-05-11 18:46:00,2.02,Express,215.95,175.1,49.69
Verona,Palermo,2026-08-05 15:19:00,1.37,Express,965.1,837.2,46.71
Milano,Lecce,2026-02-07 10:59:00,3.93,Express,1069.56,925.2,45.77
Ancona,Reggio Calabria,2026-09-27 19:01:00,2.07,Express,736.78,638.3,53.33
Catania,Salerno,2026-05-10 12:08:00,3.32,Express,396.78,353.6,45.74
Milano,Trapani,2026-03-11 11:24:00,1.17,Premium,1001.6,872.5,46.33
Bari,Pescara,2026-04-10 14:04:00,2.51,Express,305.65,266.1,43.75
Genova,Bologna,2026-08-18 08:54:00,4.95,Express,242.71,191.5,50.31
Napoli,Perugia,2026-07-13 11:59:00,4.58,Express,344.86,295.4,55.76
Trapani,Genova,2026-02-16 18:11:00,1.73,Premium,890.17,771.8,50.28
Bari,Ancona,2026-09-28 15:30:00,1.32,Express,449.0,391.1,46.56
Perugia,Bari,2026-02-05 20:50:00,3.03,Express,485.88,430.6,45.69
Trapani,Perugia,2026-03-17 17:51:00,4.44,Express,656.67,566.1,51.13
Sassari,Trapani,2026-07-19 12:02:00,3.98,Express,535.61,455.8,43.3
Trapani,Palermo,2026-05-25 17:44:00,2.1,Premium,118.52,72.6,45.31
Cagliari,Milano,2026-05-02 19:06:00,3.7,Premium,809.78,693.9,50.47
Sassari,Bari,2026-09-10 15:49:00,8.59,Premium,790.5,699.2,45.16
Verona,Reggio Calabria,2026-08-05 17:40:00,3.46,Premium,1051.47,901.6,54.73
Genova,Bari,2026-09-20 14:02:00,0.96,Express,834.02,743.8,51.11
Napoli,Sassari,2026-03-19 19:45:00,3.46,Express,578.66,480.8,51.3
Palermo,Sassari,2026-08-21 10:19:00,12.55,Express,596.44,504.1,42.17
Napoli,Verona,2026-02-28 12:56:00,1.22,Express,648.61,575.5,49.6
Firenze,Bari,2026-08-09 10:33:00,3.06,Express,608.65,547.1,49.77
Verona,Cagliari,2026-05-30 08:25:00,2.56,Premium,844.76,708.5,48.74
Verona,Firenze,2026-06-13 15:37:00,3.21,Express,233.44,186.8,48.1
Lecce,Salerno,2026-02-01 08:39:00,3.44,Express,360.71,289.7,43.71
Sassari,Catania,2026-08-29 10:09:00,6.66,Express,782.51,667.2,41.55
Lecce,Torino,2026-03-18 17:41:00,3.18,Premium,1156.59,1003.1,49.44
Salerno,Cagliari,2026-06-13 10:22:00,7.34,Premium,609.12,508.1,45.12
Perugia,Ancona,2026-02-15 19:05:00,2.76,Express,143.82,107.5,45.39
Napoli,Catania,2026-09-10 07:41:00,2.35,Premium,453.96,378.1,50.09
Bologna,Salerno,2026-03-29 13:23:00,1.88,Premium,581.14,508.2,44.18
Reggio Calabria,Pescara,2026-07-28 07:56:00,0.84,Express,566.51,498.9,43.96
Genova,Lecce,2026-07-28 07:50:00,3.64,Premium,1009.74,882.3,49.87
Catania,Reggio Calabria,2026-05-31 18:04:00,12.63,Express,123.37,82.9,52.61
Cagliari,Pescara,2026-02-02 07:56:00,4.13,Express,647.05,559.4,47.3
Verona,Perugia,2026-03-18 19:29:00,4.85,Express,345.52,282.0,52.94
Bologna,Palermo,2026-06-17 15:22:00,2.25,Express,808.46,728.1,43.3
Salerno,Bologna,2026-05-27 13:45:00,2.53,Express,579.84,508.2,45.98
Torino,Firenze,2026-06-09 19:51:00,5.98,Express,386.3,317.5,46.61
Ancona,Palermo,2026-03-10 12:25:00,12.24,Express,722.58,611.7,45.25
Perugia,Bologna,2026-05-27 12:35:00,8.5,Express,226.11,175.1,44.83
Perugia,Napoli,2026-01-24 12:44:00,5.27,Express,363.66,295.4,47.09
Lecce,Bologna,2026-05-13 16:06:00,3.07,Express,831.34,725.0,46.07
Reggio Calabria,Salerno,2026-01-25 18:51:00,3.47,Express,353.11,295.6,43.95
Milano,Bologna,2026-07-01 14:35:00,1.77,Express,240.93,200.6,46.81
Milano,Bari,2026-06-04 10:56:00,1.09,Premium,894.87,786.3,47.93
Milano,Pescara,2026-08-21 19:27:00,1.36,Premium,621.98,522.1,44.85
Sassari,Catania,2026-05-07 15:23:00,3.11,Express,762.59,667.2,41.7
Pescara,Lecce,2026-02-14 18:39:00,2.45,Express,472.45,405.1,47.05
Lecce,Genova,2026-03-06 13:03:00,1.07,Express,998.0,882.3,48.36
Trapani,Catania,2026-08-11 09:47:00,2.92,Premium,300.89,231.2,45.43
Sassari,Salerno,2026-09-19 20:13:00,2.4,Express,588.08,523.4,41.98
Trapani,Reggio Calabria,2026-01-17 16:29:00,1.32,Express,320.86,272.4,52.54
Roma,Catania,2026-07-04 11:18:00,2.32,Express,596.25,536.0,43.27
Lecce,Reggio Calabria,2026-05-12 18:51:00,2.4,Express,409.71,330.4,51.01
Salerno,Roma,2026-03-12 07:07:00,1.95,Express,283.27,233.2,42.4
Genova,Palermo,2026-05-20 20:01:00,5.74,Express,919.87,791.1,47.53
Firenze,Perugia,2026-09-13 15:06:00,0.79,Express,133.81,117.7,52.86
Napoli,Trapani,2026-02-23 15:15:00,0.75,Express,415.1,348.0,51.33
Verona,Napoli,2026-08-17 07:11:00,3.01,Express,669.28,575.5,51.51
Perugia,Lecce,2026-01-25 09:27:00,3.21,Express,660.46,569.2,44.1
Lecce,Palermo,2026-07-16 17:05:00,3.98,Premium,573.54,482.7,43.75
Napoli,Sassari,2026-01-21 14:48:00,2.06,Express,542.47,480.8,51.35
Firenze,Roma,2026-01-17 08:47:00,1.58,Premium,278.21,231.6,46.05
Reggio Calabria,Bari,2026-01-11 16:19:00,2.98,Express,399.54,350.6,46.95
Lecce,Napoli,2026-08-08 17:26:00,2.2,Premium,393.74,333.9,48.69
Perugia,Roma,2026-06-06 10:48:00,8.88,Premium,199.11,134.8,41.67
Lecce,Catania,2026-07-08 16:39:00,2.39,Premium,470.57,413.1,43.97
Genova,Verona,2026-02-12 20:37:00,2.89,Premium,249.42,198.5,48.18
Verona,Sassari,2026-09-09 13:45:00,16.97,Express,667.59,559.6,47.92
Genova,Sassari,2026-08-09 10:12:00,2.62,Express,476.41,410.3,49.52
Bari,Milano,2026-05-14 20:28:00,4.43,Express,900.81,786.3,46.36
Lecce,Perugia,2026-09-03 19:45:00,4.72,Express,677.01,569.2,49.63
Palermo,Trapani,2026-02-09 13:23:00,5.01,Premium,106.76,72.6,42.87
Bari,Pescara,2026-03-21 12:57:00,3.67,Express,315.08,266.1,43.7
Genova,Torino,2026-01-14 18:40:00,3.44,Express,166.2,122.4,53.28
Cagliari,Lecce,2026-02-14 07:00:00,3.22,Premium,907.95,783.1,49.28
Palermo,Milano,2026-08-18 11:22:00,2.0,Express,1024.49,886.0,43.75
Roma,Reggio Calabria,2026-04-22 14:36:00,3.77,Express,564.71,499.5,50.72
Verona,Salerno,2026-06-26 16:09:00,12.41,Express,694.03,611.8,46.65
Lecce,Salerno,2026-08-29 15:47:00,7.0,Premium,358.11,289.7,44.02
Torino,Genova,2026-07-28 12:11:00,3.71,Premium,175.25,122.4,50.64
Catania,Verona,2026-04-20 19:10:00,5.46,Express,1106.07,945.3,45.33
Salerno,Ancona,2026-04-06 16:05:00,1.63,Express,406.67,342.8,46.34
Perugia,Napoli,2026-01-30 14:34:00,2.5,Express,361.98,295.4,47.21
Salerno,Pescara,2026-08-15 20:08:00,5.82,Express,264.26,203.3,43.41
Salerno,Bari,2026-09-26 08:19:00,8.5,Express,255.9,183.1,46.37
Palermo,Napoli,2026-05-17 16:56:00,1.75,Premium,379.7,313.4,46.09
Firenze,Perugia,2026-05-17 19:58:00,2.14,Express,146.18,117.7,52.8
Palermo,Pescara,2026-08-20 16:15:00,13.81,Express,578.78,487.9,40.57
Sassari,Bologna,2026-04-04 14:54:00,3.21,Express,549.6,475.9,44.29
Verona,Firenze,2026-04-21 12:06:00,10.75,Express,238.72,186.8,47.79
Trapani,Catania,2026-09-01 10:48:00,3.47,Express,277.72,231.2,44.95
Cagliari,Pescara,2026-04-14 14:38:00,3.56,Express,658.57,559.4,47.33
Perugia,Genova,2026-09-11 19:35:00,2.42,Express,372.04,313.2,47.29
Bologna,Perugia,2026-02-14 13:28:00,5.8,Premium,231.2,175.1,49.99
Reggio Calabria,Roma,2026-05-16 08:41:00,7.76,Express,594.8,499.5,42.51
Verona,Salerno,2026-05-14 13:46:00,1.45,Express,689.33,611.8,47.11
Bari,Cagliari,2026-03-25 08:21:00,2.34,Premium,795.82,691.3,45.53
Reggio Calabria,Trapani,2026-09-20 20:06:00,5.69,Express,307.23,272.4,45.24
Trapani,Cagliari,2026-05-12 14:29:00,2.74,Express,386.83,325.7,46.46
Sassari,Ancona,2026-08-28 09:59:00,2.12,Express,608.07,519.8,44.66
Lecce,Ancona,2026-03-01 15:44:00,6.08,Express,601.55,528.9,46.27
Bologna,Catania,2026-04-06 14:31:00,6.49,Express,937.27,837.3,43.28
Trapani,Torino,2026-05-11 14:09:00,2.19,Express,1002.85,881.3,50.51
Trapani,Catania,2026-06-03 15:17:00,3.48,Express,276.38,231.2,44.95
Perugia,Reggio Calabria,2026-03-04 20:00:00,1.29,Express,699.93,620.2,50.04
Verona,Milano,2026-03-27 18:59:00,1.6,Express,176.79,140.4,49.7
Ancona,Reggio Calabria,2026-06-19 10:40:00,3.27,Express,727.7,638.3,53.28
Pescara,Milano,2026-03-18 10:21:00,3.07,Express,605.36,522.1,48.23
Ancona,Cagliari,2026-07-27 20:51:00,1.52,Premium,701.24,611.3,47.78
Trapani,Napoli,2026-05-11 16:01:00,1.82,Express,393.48,348.0,49.74
Reggio Calabria,Perugia,2026-09-22 07:16:00,1.42,Express,706.68,620.2,50.0
Trapani,Palermo,2026-03-06 14:24:00,4.13,Express,113.36,72.6,44.77
Perugia,Firenze,2026-08-19 08:39:00,0.76,Express,160.34,117.7,43.87
Bari,Salerno,2026-05-14 07:25:00,1.48,Express,222.4,183.1,43.88
Ancona,Perugia,2026-01-24 09:35:00,0.81,Express,142.42,107.5,52.1
Genova,Firenze,2026-07-12 10:33:00,4.02,Express,230.66,198.5,49.07
Roma,Milano,2026-02-27 08:06:00,0.85,Express,549.96,476.9,46.18
Cagliari,Bologna,2026-02-07 18:41:00,3.07,Premium,702.32,614.1,50.24
Torino,Trapani,2026-05-26 13:08:00,9.45,Express,1021.23,881.3,46.79
Catania,Salerno,2026-08-03 14:43:00,9.68,Express,428.0,353.6,45.48
Napoli,Firenze,2026-03-12 19:06:00,0.85,Express,484.22,408.7,51.01
Catania,Reggio Calabria,2026-06-20 18:43:00,3.7,Express,125.61,82.9,52.98
Napoli,Reggio Calabria,2026-01-04 18:29:00,1.5,Express,393.84,326.9,57.17
Napoli,Pescara,2026-02-20 09:44:00,1.3,Express,221.6,179.1,49.83
Ancona,Bari,2026-07-26 17:25:00,2.77,Premium,467.47,391.1,49.48
Perugia,Torino,2026-01-04 20:56:00,7.09,Express,501.06,433.9,47.8
Salerno,Verona,2026-04-08 07:06:00,4.56,Express,727.68,611.8,43.23
Trapani,Verona,2026-05-19 19:09:00,1.82,Express,968.69,835.0,44.94
Genova,Verona,2026-01-19 19:07:00,4.91,Express,257.64,198.5,47.64
Torino,Trapani,2026-09-25 18:46:00,0.62,Premium,1028.83,881.3,47.61
Torino,Roma,2026-05-19 12:33:00,1.77,Express,613.36,524.1,44.46
Verona,Bari,2026-04-03 09:47:00,1.69,Express,767.72,675.9,50.07
Lecce,Napoli,2026-09-24 17:14:00,3.17,Premium,408.52,333.9,48.65
Torino,Catania,2026-06-02 15:43:00,2.6,Express,1178.09,1042.5,45.44
Perugia,Catania,2026-07-05 17:10:00,2.72,Express,772.24,663.3,42.48
Bari,Sassari,2026-01-25 10:34:00,2.65,Express,791.67,699.2,45.3
Firenze,Sassari,2026-02-13 09:29:00,3.05,Express,480.52,404.0,48.25
Reggio Calabria,Palermo,2026-01-13 19:37:00,4.38,Express,252.56,200.3,43.51
Cagliari,Roma,2026-05-21 14:12:00,3.33,Premium,496.98,412.6,46.63
Milano,Bologna,2026-08-17 18:55:00,2.46,Premium,247.12,200.6,47.24
Salerno,Catania,2026-09-04 19:57:00,3.97,Express,422.53,353.6,43.33
Bologna,Torino,2026-06-06 13:25:00,5.35,Premium,337.58,295.2,49.29
Napoli,Bologna,2026-01-15 10:40:00,2.03,Premium,538.25,470.2,52.69
Catania,Palermo,2026-06-20 19:32:00,2.88,Express,217.4,166.4,45.36
Palermo,Napoli,2026-06-24 17:00:00,6.77,Premium,396.78,313.4,45.88
Catania,Roma,2026-06-13 16:19:00,1.39,Express,607.51,536.0,44.57
Verona,Sassari,2026-07-16 20:24:00,10.61,Express,664.93,559.6,48.19
Bari,Salerno,2026-06-02 10:26:00,1.17,Express,234.79,183.1,43.89
Verona,Reggio Calabria,2026-07-12 12:02:00,2.36,Express,1017.65,901.6,54.32
Salerno,Lecce,2026-05-13 07:32:00,1.54,Premium,349.74,289.7,45.53
Torino,Pescara,2026-02-10 12:25:00,13.88,Express,697.14,598.4,45.12
Torino,Verona,2026-01-22 13:15:00,2.11,Premium,323.04,261.5,45.84
Cagliari,Pescara,2026-09-05 13:20:00,2.11,Express,625.78,559.4,47.39
Trapani,Napoli,2026-05-01 09:06:00,2.31,Express,436.06,348.0,49.72
Perugia,Firenze,2026-03-29 18:19:00,3.21,Express,172.01,117.7,43.77
Verona,Palermo,2026-03-22 13:50:00,2.38,Express,934.83,837.2,46.67
Torino,Lecce,2026-01-15 13:08:00,2.73,Express,1126.78,1003.1,47.07
Perugia,Pescara,2026-09-16 19:05:00,0.25,Express,216.11,165.2,42.74
Lecce,Ancona,2026-01-23 13:48:00,3.12,Express,604.98,528.9,46.4
Bologna,Cagliari,2026-03-01 19:29:00,3.04,Express,717.34,614.1,44.9
Bologna,Salerno,2026-05-05 10:06:00,6.21,Express,586.34,508.2,43.54
Lecce,Bari,2026-04-08 18:54:00,7.5,Express,208.97,139.0,46.52
Sassari,Milano,2026-01-11 20:50:00,2.63,Express,604.17,528.4,44.56
Palermo,Milano,2026-03-31 17:30:00,5.31,Express,1044.67,886.0,43.61
Napoli,Milano,2026-08-01 19:29:00,1.39,Premium,770.57,657.4,52.97
Catania,Salerno,2026-03-10 17:21:00,5.13,Express,415.05,353.6,45.67
Perugia,Catania,2026-08-25 15:24:00,2.01,Premium,783.93,663.3,42.96
Pescara,Salerno,2026-04-09 17:41:00,1.31,Express,266.88,203.3,45.7
Verona,Catania,2026-01-04 20:26:00,2.63,Express,1071.06,945.3,46.81
Roma,Lecce,2026-01-30 15:28:00,8.0,Premium,602.69,505.1,45.14
Pescara,Perugia,2026-08-10 16:37:00,3.41,Premium,199.75,165.2,52.05
Trapani,Torino,2026-04-21 08:06:00,8.55,Express,1002.02,881.3,50.24
Milano,Catania,2026-09-25 20:25:00,1.78,Express,1141.3,1010.7,44.22
Trapani,Perugia,2026-08-04 17:53:00,6.25,Express,680.19,566.1,51.06
Lecce,Bari,2026-01-09 09:15:00,1.9,Express,189.28,139.0,46.76
Bologna,Bari,2026-03-27 11:03:00,3.51,Premium,696.72,586.2,47.09
Milano,Salerno,2026-07-17 10:09:00,3.49,Express,810.19,698.2,44.39
Bologna,Roma,2026-01-18 11:28:00,4.77,Express,356.97,302.9,42.34
Bologna,Lecce,2026-09-30 19:23:00,3.58,Express,850.74,725.0,45.04
Torino,Pescara,2026-02-15 13:29:00,1.79,Express,695.76,598.4,45.62
Salerno,Lecce,2026-08-06 12:52:00,5.56,Express,345.46,289.7,44.9
Catania,Firenze,2026-08-18 17:54:00,10.08,Express,893.83,767.6,46.53
Sassari,Milano,2026-05-18 12:11:00,1.99,Premium,614.53,528.4,45.05
Bari,Genova,2026-08-08 19:24:00,0.83,Express,828.57,743.8,48.46
Firenze,Sassari,2026-08-30 17:33:00,4.26,Express,483.12,404.0,48.2
Roma,Milano,2026-07-20 10:35:00,2.38,Express,556.69,476.9,46.12
Genova,Catania,2026-07-13 15:49:00,2.74,Express,1048.99,924.7,47.81
Roma,Palermo,2026-04-17 13:45:00,4.43,Express,500.14,426.6,43.03
Torino,Salerno,2026-03-21 11:49:00,2.18,Express,854.97,755.2,45.7
Bari,Firenze,2026-08-25 19:41:00,2.49,Premium,626.6,547.1,45.36
Ancona,Trapani,2026-03-03 12:34:00,2.8,Premium,741.73,628.1,47.89
Trapani,Napoli,2026-04-24 08:38:00,8.39,Premium,430.54,348.0,49.92
Palermo,Reggio Calabria,2026-05-20 12:43:00,3.06,Premium,244.01,200.3,48.82
Palermo,Verona,2026-04-17 14:14:00,1.26,Express,961.72,837.2,40.85
Napoli,Milano,2026-04-12 08:46:00,1.3,Express,767.19,657.4,52.52
Milano,Cagliari,2026-06-13 17:23:00,3.31,Express,803.67,693.9,45.63
Reggio Calabria,Roma,2026-03-31 10:12:00,1.36,Premium,587.73,499.5,43.23
Perugia,Ancona,2026-09-27 08:17:00,1.01,Express,134.43,107.5,45.47
Cagliari,Napoli,2026-02-18 14:31:00,4.68,Express,549.26,474.3,51.84
Pescara,Verona,2026-04-17 09:15:00,4.84,Express,514.59,419.7,45.23
Reggio Calabria,Milano,2026-08-19 17:56:00,2.32,Express,1109.6,976.4,46.59
Bologna,Reggio Calabria,2026-05-10 07:57:00,3.68,Express,892.16,795.3,50.9
Lecce,Palermo,2026-07-12 12:52:00,3.42,Express,555.25,482.7,43.31
Salerno,Catania,2026-06-26 07:43:00,4.57,Express,416.73,353.6,43.3
Pescara,Genova,2026-04-01 12:22:00,4.58,Express,560.65,478.2,50.12
Bologna,Palermo,2026-07-23 20:03:00,0.48,Premium,818.9,728.1,43.83
Ancona,Bologna,2026-03-06 16:06:00,2.54,Express,215.71,199.3,48.4
Perugia,Milano,2026-07-24 14:29:00,4.31,Express,437.08,364.9,45.26
Napoli,Milano,2026-02-04 09:12:00,2.25,Express,751.0,657.4,52.48
Verona,Sassari,2026-07-09 11:22:00,3.08,Express,636.3,559.6,48.5
Palermo,Bologna,2026-01-31 12:19:00,5.07,Premium,814.73,728.1,43.82
Trapani,Sassari,2026-08-26 15:06:00,3.17,Express,537.43,455.8,46.67
Catania,Milano,2026-06-20 09:54:00,8.62,Premium,1171.48,1010.7,48.58
Milano,Reggio Calabria,2026-01-12 20:59:00,6.6,Express,1113.89,976.4,51.52
Bologna,Perugia,2026-01-30 16:07:00,2.76,Express,217.69,175.1,49.65
Perugia,Firenze,2026-02-21 11:21:00,2.61,Premium,134.11,117.7,44.26
Cagliari,Trapani,2026-09-20 08:34:00,0.41,Express,377.63,325.7,48.94
Napoli,Catania,2026-06-10 15:19:00,2.39,Premium,442.12,378.1,50.09
Genova,Ancona,2026-03-18 13:16:00,1.16,Express,429.54,377.4,50.79
Cagliari,Salerno,2026-03-17 16:26:00,3.5,Express,583.13,508.1,47.42
Bari,Pescara,2026-01-08 15:20:00,3.34,Express,319.17,266.1,43.71
Palermo,Torino,2026-02-25 15:57:00,4.88,Express,1038.65,904.7,46.28
Trapani,Napoli,2026-08-22 18:40:00,7.97,Premium,415.79,348.0,49.94
Cagliari,Ancona,2026-06-13 14:21:00,2.95,Express,696.6,611.3,50.11
Milano,Ancona,2026-04-11 17:08:00,14.8,Express,498.15,399.5,46.59
Catania,Milano,2026-01-06 12:01:00,3.53,Express,1135.1,1010.7,48.33
Sassari,Catania,2026-04-04 20:12:00,1.2,Express,754.2,667.2,41.78
Milano,Trapani,2026-04-15 12:42:00,2.02,Express,993.16,872.5,45.84
Verona,Bologna,2026-02-02 16:31:00,2.31,Premium,147.87,109.2,49.87
Catania,Torino,2026-06-15 20:58:00,4.54,Express,1187.91,1042.5,50.95
Bari,Catania,2026-06-30 11:53:00,1.55,Express,496.61,429.6,43.63
Perugia,Bologna,2026-09-30 08:25:00,2.44,Express,223.05,175.1,45.08
Reggio Calabria,Firenze,2026-04-08 10:14:00,2.68,Express,818.95,729.6,45.05
Verona,Bologna,2026-03-17 10:24:00,2.19,Express,143.05,109.2,49.42
Torino,Milano,2026-08-13 07:47:00,5.29,Express,163.98,125.1,48.17
Torino,Genova,2026-04-06 14:36:00,4.7,Express,149.1,122.4,50.14
Pescara,Palermo,2026-06-22 10:53:00,6.79,Premium,581.15,487.9,45.53
Lecce,Palermo,2026-07-21 08:21:00,2.38,Express,580.58,482.7,43.36
Milano,Ancona,2026-08-29 08:54:00,6.96,Express,472.68,399.5,46.92
Bologna,Ancona,2026-03-28 10:49:00,1.15,Premium,235.85,199.3,46.87
Milano,Cagliari,2026-06-19 12:10:00,1.14,Premium,788.05,693.9,46.18
Lecce,Cagliari,2026-02-05 20:38:00,1.28,Premium,878.22,783.1,45.49
Ancona,Bari,2026-08-01 16:50:00,3.02,Express,472.14,391.1,49.01
Catania,Genova,2026-01-13 17:00:00,6.96,Premium,1068.39,924.7,50.6
Palermo,Bologna,2026-07-10 16:41:00,1.97,Premium,826.33,728.1,43.95
Lecce,Genova,2026-02-27 18:14:00,2.15,Premium,1007.27,882.3,48.77
Verona,Genova,2026-05-07 11:27:00,2.58,Express,236.59,198.5,51.61
Napoli,Verona,2026-01-21 08:23:00,4.48,Premium,674.17,575.5,49.92
Verona,Palermo,2026-07-08 14:07:00,2.15,Express,963.86,837.2,46.68
Reggio Calabria,Genova,2026-05-12 07:01:00,2.07,Premium,1010.56,897.2,49.01
Ancona,Catania,2026-07-01 10:02:00,1.17,Express,771.46,692.2,45.86
Catania,Milano,2026-04-05 17:32:00,2.01,Premium,1163.58,1010.7,48.85
Roma,Ancona,2026-01-02 14:02:00,6.84,Premium,263.96,208.6,46.46
Palermo,Napoli,2026-06-08 16:40:00,3.2,Express,366.84,313.4,45.57
Genova,Trapani,2026-07-10 14:08:00,1.79,Express,881.87,771.8,49.48
Palermo,Lecce,2026-07-01 14:35:00,7.13,Express,564.4,482.7,42.33
Trapani,Bologna,2026-03-13 11:13:00,1.99,Premium,832.59,726.4,48.06
Lecce,Roma,2026-07-15 10:03:00,8.11,Express,575.34,505.1,42.26
Ancona,Bologna,2026-05-28 10:37:00,8.01,Premium,239.73,199.3,48.63
Genova,Cagliari,2026-02-27 18:10:00,3.12,Premium,674.14,577.3,49.72
Trapani,Bologna,2026-01-31 20:42:00,1.05,Express,810.81,726.4,47.64
Salerno,Torino,2026-03-30 08:08:00,14.9,Express,892.18,755.2,48.38
Sassari,Verona,2026-01-07 14:31:00,3.93,Express,625.69,559.6,41.59
Trapani,Perugia,2026-07-15 13:35:00,2.39,Premium,651.14,566.1,51.67
Bologna,Pescara,2026-01-05 14:52:00,5.86,Express,382.34,323.4,43.46
Firenze,Pescara,2026-01-14 10:15:00,4.9,Premium,342.11,280.9,47.08
Bari,Pescara,2026-02-13 07:06:00,7.51,Premium,333.95,266.1,44.0
Ancona,Palermo,2026-03-31 09:50:00,1.89,Express,707.26,611.7,45.68
Sassari,Verona,2026-01-06 09:32:00,3.75,Premium,655.73,559.6,42.05
Trapani,Roma,2026-06-21 07:43:00,1.31,Express,506.8,431.4,44.03
Cagliari,Bari,2026-02-06 11:59:00,4.78,Express,788.05,691.3,50.35
Roma,Lecce,2026-08-08 16:34:00,2.95,Express,592.84,505.1,44.89
Palermo,Verona,2026-06-02 20:31:00,3.65,Express,948.48,837.2,40.75
Bari,Milano,2026-01-23 16:12:00,2.71,Express,893.61,786.3,46.43
Trapani,Catania,2026-04-20 09:27:00,2.52,Express,287.29,231.2,44.99
Torino,Bari,2026-02-08 12:04:00,1.63,Express,978.19,864.4,48.7
Perugia,Pescara,2026-09-25 11:14:00,5.22,Express,203.16,165.2,42.53
Roma,Perugia,2026-06-11 09:58:00,8.51,Express,191.56,134.8,49.24
Lecce,Milano,2026-08-09 20:51:00,2.03,Express,1059.38,925.2,46.37
Salerno,Bologna,2026-04-13 16:10:00,4.42,Premium,604.74,508.2,46.36
Milano,Lecce,2026-02-10 13:44:00,4.06,Express,1060.67,925.2,45.76
Verona,Milano,2026-03-06 13:06:00,3.02,Express,163.14,140.4,49.64
Bari,Trapani,2026-04-24 11:27:00,1.03,Premium,575.41,506.4,45.74
Cagliari,Genova,2026-07-30 12:50:00,1.21,Premium,668.45,577.3,52.52
Verona,Bologna,2026-04-28 15:52:00,1.74,Express,147.61,109.2,49.44
Firenze,Milano,2026-09-11 19:59:00,0.67,Premium,307.24,248.8,49.94
Genova,Verona,2026-04-09 13:56:00,8.04,Express,241.68,198.5,47.51
Salerno,Napoli,2026-03-05 09:35:00,3.88,Premium,106.04,46.2,48.51
Cagliari,Lecce,2026-05-16 20:24:00,2.94,Express,894.36,783.1,48.84
Palermo,Reggio Calabria,2026-01-31 11:24:00,0.65,Express,247.15,200.3,48.46
Firenze,Pescara,2026-07-02 08:09:00,0.84,Express,337.01,280.9,46.79
Cagliari,Firenze,2026-01-28 14:37:00,3.0,Premium,617.95,536.1,48.97
Verona,Sassari,2026-06-24 18:04:00,11.92,Express,677.15,559.6,48.13
Cagliari,Perugia,2026-04-15 10:36:00,1.84,Express,584.78,511.8,53.46
Bari,Palermo,2026-04-08 10:54:00,5.49,Express,517.0,449.0,43.32
Reggio Calabria,Milano,2026-06-16 11:02:00,2.14,Premium,1101.97,976.4,47.06
Torino,Trapani,2026-07-12 18:17:00,3.12,Express,1003.81,881.3,47.05
Bologna,Lecce,2026-09-11 20:24:00,7.02,Express,840.82,725.0,44.9
Roma,Perugia,2026-03-21 18:52:00,2.35,Express,163.26,134.8,49.49
Palermo,Pescara,2026-08-10 10:09:00,1.85,Premium,574.21,487.9,41.52
Sassari,Roma,2026-08-17 18:53:00,8.1,Express,426.18,353.8,40.48
Bologna,Torino,2026-09-29 11:20:00,3.1,Premium,353.54,295.2,49.38
Verona,Bologna,2026-09-21 19:08:00,6.44,Express,157.49,109.2,49.24
Pescara,Palermo,2026-08-04 20:52:00,1.86,Express,558.73,487.9,45.28
Sassari,Palermo,2026-03-22 17:03:00,8.03,Express,594.24,504.1,41.34
Lecce,Cagliari,2026-07-09 20:22:00,3.63,Express,887.09,783.1,44.93
Trapani,Reggio Calabria,2026-08-03 08:59:00,4.07,Express,331.1,272.4,52.43
Pescara,Bologna,2026-03-21 16:10:00,3.29,Express,390.41,323.4,47.97
Bologna,Napoli,2026-08-11 07:43:00,2.11,Premium,548.91,470.2,48.64
Trapani,Genova,2026-07-11 16:07:00,3.0,Express,873.83,771.8,49.77
Salerno,Cagliari,2026-05-14 11:46:00,2.2,Express,577.44,508.1,44.88
Genova,Sassari,2026-08-24 20:34:00,5.87,Express,476.63,410.3,49.39
Palermo,Catania,2026-01-24 13:55:00,2.6,Express,195.39,166.4,40.87
Lecce,Firenze,2026-07-06 17:40:00,1.05,Express,799.35,685.9,44.88
Palermo,Torino,2026-08-03 11:14:00,0.93,Express,1015.12,904.7,46.45
Verona,Torino,2026-01-12 08:02:00,0.9,Express,297.5,261.5,52.38
Torino,Ancona,2026-04-22 17:23:00,4.62,Express,580.74,490.7,48.27
Catania,Firenze,2026-05-22 10:06:00,1.34,Premium,875.07,767.6,47.35
Verona,Roma,2026-02-26 17:06:00,3.7,Express,485.38,411.9,45.76
Milano,Salerno,2026-08-29 13:30:00,3.3,Premium,809.81,698.2,44.86
Roma,Verona,2026-06-21 20:36:00,2.87,Express,447.66,411.9,43.17
Salerno,Perugia,2026-03-17 11:56:00,4.08,Premium,416.39,334.4,50.0
Napoli,Ancona,2026-04-30 12:36:00,3.35,Express,380.61,314.1,52.51
Napoli,Torino,2026-01-31 17:22:00,0.45,Express,809.99,711.5,55.21
Napoli,Cagliari,2026-01-24 18:00:00,2.39,Premium,558.12,474.3,51.56
Torino,Bologna,2026-07-23 08:45:00,4.04,Express,367.09,295.2,47.97
Lecce,Reggio Calabria,2026-09-26 17:22:00,9.46,Express,411.56,330.4,50.72
Firenze,Pescara,2026-03-17 13:52:00,9.77,Premium,343.48,280.9,46.88
Lecce,Bari,2026-03-08 20:50:00,1.16,Express,153.04,139.0,46.79
Cagliari,Roma,2026-07-06 15:50:00,2.35,Express,499.16,412.6,46.21
Lecce,Perugia,2026-05-20 17:49:00,1.0,Express,671.53,569.2,49.79
Bologna,Firenze,2026-02-08 11:48:00,8.69,Express,116.92,80.4,44.5
Bari,Reggio Calabria,2026-07-02 10:58:00,6.1,Premium,423.49,350.6,51.4
Roma,Milano,2026-02-27 17:59:00,3.83,Express,569.88,476.9,46.06
Bari,Perugia,2026-02-01 07:12:00,3.37,Express,503.94,430.6,49.78
Perugia,Napoli,2026-05-07 15:07:00,7.89,Express,335.25,295.4,46.98
Salerno,Lecce,2026-07-21 20:33:00,7.0,Premium,351.91,289.7,45.3
Roma,Genova,2026-05-23 20:52:00,6.75,Premium,472.37,402.1,48.34
Milano,Reggio Calabria,2026-06-26 17:01:00,4.13,Express,1117.47,976.4,51.62
Cagliari,Palermo,2026-03-06 13:57:00,2.35,Premium,465.17,387.8,47.53
Trapani,Perugia,2026-05-15 18:22:00,5.13,Express,646.82,566.1,51.1
Sassari,Perugia,2026-07-14 07:12:00,5.31,Premium,476.12,412.8,48.28
Pescara,Catania,2026-05-25 18:06:00,2.63,Express,642.34,555.5,45.4
Bari,Trapani,2026-03-07 09:39:00,2.35,Express,592.73,506.4,45.23
Ancona,Perugia,2026-09-18 17:18:00,6.63,Express,165.73,107.5,51.86
Genova,Roma,2026-01-19 11:52:00,9.62,Premium,500.54,402.1,46.97
Cagliari,Torino,2026-09-06 17:31:00,1.78,Premium,766.31,661.1,53.21
Torino,Trapani,2026-07-17 15:26:00,2.49,Express,1007.28,881.3,47.07
Catania,Reggio Calabria,2026-01-31 20:00:00,3.84,Express,117.97,82.9,52.98
Firenze,Salerno,2026-03-11 18:01:00,4.22,Express,539.11,449.4,46.74
Verona,Napoli,2026-04-11 19:47:00,2.08,Express,667.28,575.5,51.55
Sassari,Roma,2026-09-19 09:07:00,11.21,Express,430.93,353.8,40.35
Catania,Genova,2026-05-22 12:18:00,4.03,Express,1038.83,924.7,50.26
Lecce,Roma,2026-03-12 13:07:00,4.35,Express,572.44,505.1,42.42
Palermo,Bari,2026-09-09 07:26:00,10.28,Express,533.76,449.0,43.78
Reggio Calabria,Trapani,2026-02-02 07:19:00,2.19,Premium,328.45,272.4,45.84
Trapani,Catania,2026-08-11 07:32:00,2.82,Express,272.97,231.2,44.98
Torino,Reggio Calabria,2026-08-15 17:44:00,1.25,Express,1163.94,1017.4,52.99
Verona,Ancona,2026-04-16 13:15:00,2.66,Express,334.52,284.9,49.72
Ancona,Cagliari,2026-01-12 17:31:00,1.06,Express,699.72,611.3,47.34
Catania,Verona,2026-08-30 18:41:00,5.06,Express,1080.24,945.3,45.35
Perugia,Sassari,2026-09-22 07:30:00,4.03,Premium,495.9,412.8,44.59
Ancona,Catania,2026-04-14 18:51:00,2.47,Express,790.56,692.2,45.81
Lecce,Bologna,2026-02-20 10:09:00,2.8,Express,827.83,725.0,46.08
Cagliari,Sassari,2026-03-16 12:39:00,5.11,Premium,224.06,174.6,49.28
Trapani,Verona,2026-02-07 20:28:00,1.35,Express,935.18,835.0,44.96
Bari,Cagliari,2026-06-16 11:13:00,3.46,Express,786.34,691.3,45.03
Bologna,Reggio Calabria,2026-05-22 20:09:00,4.9,Premium,898.26,795.3,51.31
Cagliari,Firenze,2026-04-08 14:05:00,0.86,Express,614.04,536.1,48.6
Bologna,Roma,2026-06-27 07:11:00,4.85,Express,343.24,302.9,42.34
Perugia,Milano,2026-06-19 18:39:00,0.93,Premium,452.52,364.9,45.86
Lecce,Bologna,2026-01-04 07:37:00,2.76,Premium,828.76,725.0,46.54
Trapani,Genova,2026-04-22 15:54:00,1.33,Express,869.86,771.8,49.84
Firenze,Palermo,2026-08-24 13:25:00,8.17,Express,765.09,652.7,46.18
Palermo,Salerno,2026-08-06 08:57:00,1.33,Express,363.41,309.4,41.18
Reggio Calabria,Ancona,2026-08-22 14:12:00,0.95,Express,716.13,638.3,46.72
Pescara,Verona,2026-09-18 12:04:00,3.29,Express,469.02,419.7,45.3
Salerno,Pescara,2026-01-17 08:22:00,2.25,Express,267.4,203.3,43.55
Catania,Torino,2026-03-15 14:46:00,1.05,Express,1191.66,1042.5,51.09
Palermo,Trapani,2026-05-06 07:36:00,4.33,Express,86.47,72.6,42.44
Sassari,Cagliari,2026-05-20 14:32:00,0.74,Express,202.9,174.6,43.27
Torino,Bari,2026-08-03 10:09:00,1.45,Express,979.3,864.4,48.71
Pescara,Salerno,2026-07-17 18:37:00,2.01,Express,251.78,203.3,45.68
Reggio Calabria,Cagliari,2026-07-12 20:18:00,5.26,Premium,672.12,580.1,45.56
Torino,Bologna,2026-02-13 20:03:00,7.43,Express,353.96,295.2,47.83
Pescara,Napoli,2026-07-04 20:07:00,6.49,Express,225.8,179.1,49.96
Trapani,Bari,2026-08-06 08:24:00,2.69,Premium,592.09,506.4,48.67
Bologna,Salerno,2026-07-25 14:08:00,0.55,Express,580.37,508.2,43.77
Genova,Palermo,2026-06-09 10:08:00,3.94,Express,889.72,791.1,47.6
Bologna,Cagliari,2026-01-25 08:21:00,8.4,Express,715.81,614.1,44.68
Bari,Genova,2026-02-10 12:29:00,7.12,Premium,842.75,743.8,48.65
Napoli,Reggio Calabria,2026-07-22 13:00:00,4.15,Express,381.37,326.9,57.06
Catania,Cagliari,2026-08-26 11:08:00,1.3,Premium,634.78,554.0,47.51
Milano,Palermo,2026-08-14 08:35:00,2.08,Express,1025.05,886.0,44.05
Milano,Ancona,2026-04-27 12:42:00,11.61,Express,476.66,399.5,46.73
Pescara,Genova,2026-06-10 09:10:00,1.11,Express,562.19,478.2,50.26
Trapani,Catania,2026-02-18 07:34:00,1.34,Premium,281.68,231.2,45.5
Sassari,Reggio Calabria,2026-06-11 13:19:00,5.8,Express,753.22,674.8,49.09
Lecce,Trapani,2026-02-23 07:55:00,2.22,Express,610.38,549.9,45.15
Genova,Bologna,2026-08-06 20:31:00,1.31,Express,227.56,191.5,50.46
Salerno,Torino,2026-08-03 18:44:00,8.74,Express,883.03,755.2,48.63
Bologna,Reggio Calabria,2026-01-14 19:57:00,4.14,Express,915.49,795.3,50.88
Palermo,Verona,2026-09-13 08:26:00,2.3,Express,950.06,837.2,40.81
Milano,Trapani,2026-08-06 13:30:00,1.35,Express,985.09,872.5,45.87
Cagliari,Bologna,2026-04-14 18:32:00,12.58,Premium,732.93,614.1,49.85
Pescara,Roma,2026-05-04 15:03:00,2.95,Express,199.38,154.0,44.38
Genova,Perugia,2026-01-22 11:17:00,7.98,Premium,390.18,313.2,54.27
Cagliari,Bologna,2026-09-13 18:38:00,5.61,Express,710.21,614.1,49.68
Reggio Calabria,Firenze,2026-01-28 11:19:00,2.08,Express,829.27,729.6,45.07
Cagliari,Trapani,2026-09-09 20:38:00,2.09,Premium,390.76,325.7,49.32
Reggio Calabria,Palermo,2026-06-28 08:24:00,8.26,Premium,271.24,200.3,43.8
Cagliari,Genova,2026-09-08 16:53:00,8.35,Express,686.51,577.3,51.77
Milano,Genova,2026-04-12 07:11:00,0.81,Express,145.64,118.5,49.05
Sassari,Ancona,2026-09-02 19:47:00,4.41,Premium,630.83,519.8,45.02
Catania,Firenze,2026-04-27 11:58:00,2.76,Premium,868.39,767.6,47.29
Salerno,Cagliari,2026-04-06 07:17:00,1.46,Express,576.4,508.1,44.91
Roma,Perugia,2026-04-03 18:41:00,3.6,Express,161.87,134.8,49.44
Trapani,Verona,2026-09-17 20:32:00,1.17,Express,947.03,835.0,44.97
Cagliari,Trapani,2026-05-08 19:52:00,2.16,Express,399.58,325.7,48.86
Roma,Firenze,2026-05-11 13:48:00,1.72,Express,250.32,231.6,44.61
Trapani,Napoli,2026-06-25 07:51:00,2.11,Express,407.68,348.0,49.73
Salerno,Cagliari,2026-06-01 10:11:00,2.85,Express,590.91,508.1,44.85
Cagliari,Reggio Calabria,2026-05-28 07:25:00,1.47,Express,668.22,580.1,54.76
Sassari,Firenze,2026-04-14 07:37:00,9.02,Express,466.5,404.0,42.77
Bologna,Reggio Calabria,2026-02-14 09:13:00,4.24,Express,922.72,795.3,50.88
Perugia,Firenze,2026-09-29 14:53:00,10.54,Express,162.7,117.7,43.47
Napoli,Trapani,2026-05-15 17:43:00,2.68,Express,424.57,348.0,51.25
Palermo,Trapani,2026-09-23 15:11:00,2.04,Premium,105.51,72.6,42.99
Palermo,Genova,2026-05-06 09:52:00,10.27,Express,926.18,791.1,45.35
Ancona,Milano,2026-06-13 15:25:00,2.0,Express,470.93,399.5,48.67
Palermo,Sassari,2026-05-29 10:13:00,2.65,Express,578.0,504.1,42.58
Trapani,Cagliari,2026-09-21 13:27:00,4.97,Express,388.16,325.7,46.37
Milano,Reggio Calabria,2026-01-31 19:26:00,1.26,Express,1124.28,976.4,51.74
Firenze,Reggio Calabria,2026-05-22 08:53:00,4.94,Express,844.73,729.6,53.97
Verona,Roma,2026-02-11 19:14:00,4.51,Express,481.2,411.9,45.72
Bari,Catania,2026-08-25 10:47:00,7.29,Express,511.03,429.6,43.39
Napoli,Roma,2026-05-25 16:23:00,5.59,Express,247.91,188.3,48.49
Palermo,Pescara,2026-09-09 10:39:00,7.45,Express,582.21,487.9,40.83
Napoli,Torino,2026-03-17 09:17:00,2.78,Express,829.92,711.5,55.12
Trapani,Cagliari,2026-02-14 13:18:00,1.64,Express,353.88,325.7,46.5
Milano,Pescara,2026-06-21 12:20:00,13.14,Express,606.41,522.1,43.9
Verona,Sassari,2026-02-09 14:06:00,1.03,Premium,640.48,559.6,49.04
Bari,Firenze,2026-04-12 10:18:00,1.11,Express,622.95,547.1,44.96
Roma,Ancona,2026-03-27 20:41:00,4.46,Express,271.34,208.6,46.1
Perugia,Bari,2026-03-02 16:24:00,9.36,Express,497.71,430.6,45.43
Catania,Roma,2026-02-05 18:46:00,3.43,Express,651.13,536.0,44.48
Catania,Pescara,2026-06-29 17:55:00,6.04,Express,650.45,555.5,45.54
Roma,Cagliari,2026-07-26 17:08:00,0.74,Express,476.94,412.6,44.82
Pescara,Bari,2026-04-18 08:59:00,2.11,Express,332.31,266.1,48.65
Pescara,Roma,2026-03-18 15:13:00,0.81,Express,197.62,154.0,44.47
Bari,Catania,2026-02-13 19:34:00,5.18,Express,519.61,429.6,43.48
Perugia,Napoli,2026-07-04 08:20:00,1.02,Express,347.11,295.4,47.27
Verona,Bari,2026-08-09 13:28:00,1.23,Premium,777.86,675.9,50.55
Ancona,Verona,2026-05-30 09:34:00,4.3,Premium,344.65,284.9,46.11
Napoli,Palermo,2026-04-28 18:07:00,6.31,Premium,384.76,313.4,49.77
Napoli,Trapani,2026-06-27 20:02:00,2.68,Express,402.71,348.0,51.25
Torino,Cagliari,2026-09-07 07:43:00,4.47,Express,749.01,661.1,46.83
Firenze,Catania,2026-09-28 18:13:00,4.37,Express,897.93,767.6,46.49
Napoli,Pescara,2026-02-22 12:02:00,2.58,Premium,217.08,179.1,50.23
Roma,Pescara,2026-05-11 20:29:00,1.39,Express,187.04,154.0,43.47
Bari,Salerno,2026-08-28 07:12:00,4.46,Express,217.39,183.1,43.76
Sassari,Trapani,2026-06-22 09:40:00,4.61,Express,551.73,455.8,43.27
Sassari,Pescara,2026-08-11 17:03:00,5.61,Premium,600.71,507.6,42.21
Roma,Bologna,2026-09-29 17:53:00,3.73,Premium,388.62,302.9,46.26
Pescara,Genova,2026-01-29 08:06:00,1.32,Express,571.97,478.2,50.25
Roma,Trapani,2026-06-17 09:14:00,4.86,Express,510.22,431.4,44.8
Salerno,Palermo,2026-05-26 11:44:00,3.0,Premium,371.53,309.4,43.67
Trapani,Torino,2026-03-19 07:29:00,2.14,Premium,1000.71,881.3,50.97
Milano,Perugia,2026-06-28 17:56:00,2.44,Premium,446.52,364.9,50.87
Napoli,Ancona,2026-01-29 16:22:00,1.85,Express,365.87,314.1,52.57
Pescara,Napoli,2026-05-16 17:29:00,5.59,Express,228.2,179.1,50.0
Cagliari,Sassari,2026-04-24 13:34:00,1.11,Premium,219.07,174.6,49.44
Torino,Reggio Calabria,2026-04-17 15:57:00,1.5,Express,1132.84,1017.4,52.98
Salerno,Bologna,2026-06-17 15:01:00,2.38,Express,583.43,508.2,45.98
Pescara,Catania,2026-09-15 16:42:00,9.28,Express,653.62,555.5,45.13
Genova,Torino,2026-09-16 13:18:00,6.28,Express,162.78,122.4,53.16
Genova,Verona,2026-07-11 16:07:00,0.95,Premium,251.54,198.5,48.26
Milano,Salerno,2026-04-01 16:02:00,7.73,Express,799.57,698.2,44.22
Reggio Calabria,Bari,2026-09-21 15:58:00,7.72,Express,412.57,350.6,46.75
